IdVenta,Fecha,Fecha_Entrega,IdCanal,IdCliente,IdSucursal,IdEmpleado,IdProducto,Precio,Cantidad
65000,2026-07-13,2026-07-20,1,67,12,32,154,405.59,9
65001,2026-07-13,2026-07-14,3,17,16,19,51,27.3,2
65002,2026-07-23,2026-07-30,2,282,16,11,120,322.25,10
65003,2026-07-21,2026-07-27,3,336,14,43,106,52.61,8
65004,2026-07-25,2026-08-01,2,473,19,9,52,17.06,3
65005,2026-07-13,2026-07-18,1,452,13,22,187,18.04,5
65006,2026-07-21,2026-07-24,1,313,19,18,46,481.22,2
65007,2026-07-31,2026-08-02,2,237,5,14,161,7.89,9
65008,2026-08-01,2026-08-05,1,81,19,3,77,84.99,1
65009,2026-07-19,2026-07-23,2,167,16,47,43,477.5,9
65010,2026-07-28,2026-07-29,1,315,13,21,181,45.13,1
65011,2026-07-06,2026-07-13,3,121,18,17,84,458.67,10
65012,2026-07-25,2026-07-31,3,295,2,6,176,64.8,7
65013,2026-07-28,2026-07-31,3,243,6,19,1,100.21,5
65014,2026-07-06,2026-07-11,1,54,4,34,126,243.72,6
65015,2026-07-25,2026-07-31,2,375,7,28,74,174.62,6
65016,2026-07-19,2026-07-26,2,389,7,19,172,470.94,3
65017,2026-07-18,2026-07-25,2,149,12,46,22,499.05,9
65018,2026-07-03,2026-07-07,2,271,15,15,66,239.27,9
65019,2026-07-23,2026-07-25,3,99,15,8,110,225.4,3
65020,2026-07-16,2026-07-18,1,416,7,15,60,481.9,7
65021,2026-07-06,2026-07-13,3,432,4,44,173,287.63,4
65022,2026-07-24,2026-07-25,2,464,18,44,192,279.84,1
65023,2026-07-24,2026-07-26,3,241,7,6,190,142.75,5
65024,2026-07-22,2026-07-23,1,118,17,48,39,404.7,4
65025,2026-07-27,2026-07-29,2,19,2,11,182,47.44,10
65026,2026-07-25,2026-07-27,1,381,2,43,69,31.5,2
65027,2026-07-31,2026-08-07,1,153,10,47,82,209.63,1
65028,2026-07-22,2026-07-23,3,273,1,28,108,273.77,1
65029,2026-07-25,2026-07-31,3,416,1,3,12,272.62,6
65030,2026-07-16,2026-07-22,3,276,8,24,53,310.19,2
65031,2026-07-08,2026-07-09,1,390,7,11,151,412.95,3
65032,2026-07-16,2026-07-19,3,443,4,5,134,471.47,1
65033,2026-07-28,2026-08-02,3,234,3,21,148,378.78,5
65034,2026-07-21,2026-07-27,1,148,3,4,128,195.33,3
65035,2026-07-20,2026-07-22,1,463,19,17,62,445.18,10
65036,2026-07-24,2026-07-27,1,208,2,39,178,274.83,2
65037,2026-07-27,2026-08-02,1,59,2,48,30,391.85,4
65038,2026-07-16,2026-07-22,3,174,3,18,91,355.22,1
65039,2026-07-24,2026-07-28,2,115,8,8,173,383.82,8
65040,2026-07-06,2026-07-11,3,10,11,8,113,112.42,7
65041,2026-07-14,2026-07-17,1,310,9,14,143,472.51,10
65042,2026-07-10,2026-07-13,3,206,10,9,177,465.82,6
65043,2026-07-13,2026-07-15,2,51,17,11,2,68.24,2
65044,2026-07-16,2026-07-20,3,450,3,2,54,153.67,8
65045,2026-07-09,2026-07-12,2,195,19,15,101,415.57,3
65046,2026-07-21,2026-07-26,3,215,14,16,117,482.43,3
65047,2026-07-05,2026-07-06,3,61,5,48,107,419.8,8
65048,2026-07-07,2026-07-13,3,375,1,36,61,328.55,1
65049,2026-07-30,2026-08-03,3,164,4,24,132,195.95,1
65050,2026-07-15,2026-07-20,2,447,11,29,83,440.48,3
65051,2026-07-12,2026-07-17,3,27,5,21,175,373.45,4
65052,2026-07-05,2026-07-09,1,76,7,40,128,300.67,4
65053,2026-07-24,2026-07-26,2,256,20,15,125,450.13,6
65054,2026-07-27,2026-08-02,3,448,19,5,33,318.78,2
65055,2026-07-21,2026-07-27,1,68,5,22,198,273.68,4
65056,2026-07-16,2026-07-17,3,264,20,41,110,232.54,7
65057,2026-07-14,2026-07-20,3,93,20,35,130,461.34,5
65058,2026-07-28,2026-08-01,2,211,12,49,84,446.11,6
65059,2026-07-24,2026-07-28,2,369,16,1,113,488.99,9
65060,2026-07-28,2026-08-03,1,132,14,44,195,139.47,9
65061,2026-07-31,2026-08-06,3,249,3,14,131,439.68,4
65062,2026-07-10,2026-07-13,3,225,3,39,101,183.19,5
65063,2026-07-03,2026-07-07,2,292,2,5,135,271.43,2
65064,2026-07-07,2026-07-11,3,349,6,11,134,359.2,1
65065,2026-07-30,2026-08-04,2,300,11,44,141,175.14,5
65066,2026-07-20,2026-07-21,3,24,10,12,137,385.68,9
65067,2026-08-02,2026-08-05,1,494,7,20,75,446.26,8
65068,2026-07-28,2026-07-30,1,52,19,26,175,71.13,3
65069,2026-07-12,2026-07-17,1,85,5,21,13,90.09,5
65070,2026-07-04,2026-07-10,3,374,16,5,87,396.33,4
65071,2026-07-29,2026-07-31,2,307,13,15,1,367.78,1
65072,2026-07-07,2026-07-08,3,3,10,14,34,251.69,1
65073,2026-07-27,2026-08-01,1,135,11,40,42,133.87,3
65074,2026-07-04,2026-07-09,2,129,6,11,69,249.22,4
65075,2026-07-10,2026-07-11,2,54,17,25,40,179.57,2
65076,2026-07-31,2026-08-07,2,23,2,32,40,157.17,1
65077,2026-07-25,2026-07-27,1,61,3,44,175,252.11,1
65078,2026-07-25,2026-07-28,2,230,10,6,42,13.19,1
65079,2026-07-27,2026-07-29,3,442,11,30,27,257.14,8
65080,2026-07-16,2026-07-20,2,383,1,17,196,400.51,10
65081,2026-08-02,2026-08-05,3,145,14,37,71,18.42,7
65082,2026-07-21,2026-07-27,1,107,2,28,184,26.6,10
65083,2026-07-25,2026-07-26,3,232,12,40,99,480.99,10
65084,2026-07-06,2026-07-07,3,161,13,38,36,387.14,8
65085,2026-07-23,2026-07-28,1,302,10,19,155,387.31,10
65086,2026-07-09,2026-07-10,1,11,4,31,89,387.41,2
65087,2026-08-01,2026-08-04,3,456,13,45,39,334.48,7
65088,2026-07-23,2026-07-30,1,494,11,4,145,111.66,2
65089,2026-07-10,2026-07-15,3,214,7,10,116,364.34,10
65090,2026-07-06,2026-07-11,2,281,15,6,181,382.0,7
65091,2026-07-04,2026-07-11,1,304,18,45,59,43.06,6
65092,2026-07-26,2026-07-30,2,164,19,46,184,476.79,10
65093,2026-07-23,2026-07-27,1,414,5,29,60,63.05,4
65094,2026-07-12,2026-07-13,2,47,6,43,87,364.96,4
65095,2026-07-30,2026-08-01,1,165,17,26,198,86.34,6
65096,2026-07-17,2026-07-23,3,473,14,10,14,366.27,9
65097,2026-07-31,2026-08-06,2,277,8,21,93,367.25,2
65098,2026-07-04,2026-07-09,2,231,11,11,4,186.56,6
65099,2026-07-23,2026-07-24,2,71,3,44,39,317.46,3
65100,2026-07-28,2026-07-30,3,170,12,43,160,306.17,3
65101,2026-07-20,2026-07-24,2,127,15,19,142,279.76,2
65102,2026-07-29,2026-07-31,3,299,18,3,181,61.73,7
65103,2026-07-20,2026-07-26,2,114,14,20,4,343.07,3
65104,2026-07-26,2026-08-01,1,274,1,13,134,415.68,4
65105,2026-07-13,2026-07-16,2,244,7,13,75,439.25,2
65106,2026-07-15,2026-07-21,3,325,10,44,112,243.59,5
65107,2026-07-24,2026-07-30,3,235,18,48,93,33.45,2
65108,2026-07-19,2026-07-22,3,451,15,45,114,461.19,3
65109,2026-07-04,2026-07-07,1,431,9,13,13,479.89,10
65110,2026-07-26,2026-08-01,1,60,17,13,27,273.02,5
65111,2026-07-26,2026-07-30,3,345,11,1,150,299.86,2
65112,2026-07-07,2026-07-09,1,237,18,24,14,60.83,7
65113,2026-07-06,2026-07-07,1,479,16,15,82,11.3,6
65114,2026-07-19,2026-07-24,1,305,20,22,128,483.11,2
65115,2026-07-16,2026-07-20,1,180,14,39,67,203.82,3
65116,2026-07-26,2026-07-28,2,157,8,42,144,364.01,9
65117,2026-07-18,2026-07-21,2,98,10,44,79,485.72,10
65118,2026-07-05,2026-07-08,3,153,20,9,174,300.61,4
65119,2026-07-18,2026-07-19,3,322,20,9,134,165.02,2
65120,2026-07-27,2026-08-03,3,17,10,32,152,413.68,4
65121,2026-07-23,2026-07-24,2,213,13,7,78,461.39,8
65122,2026-07-07,2026-07-09,2,168,14,11,82,364.07,1
65123,2026-07-24,2026-07-31,1,294,17,14,31,42.59,1
65124,2026-07-22,2026-07-26,1,207,7,7,112,14.66,7
65125,2026-07-06,2026-07-12,2,294,14,46,31,345.61,2
65126,2026-07-20,2026-07-23,1,98,20,43,164,214.67,10
65127,2026-08-01,2026-08-03,3,31,20,1,186,74.55,6
65128,2026-07-07,2026-07-13,2,429,19,5,177,419.02,8
65129,2026-07-16,2026-07-18,2,20,4,41,196,219.59,1
65130,2026-07-11,2026-07-12,2,387,20,17,188,293.1,10
65131,2026-07-13,2026-07-19,3,337,1,15,122,476.25,6
65132,2026-07-14,2026-07-17,2,358,6,23,136,36.8,8
65133,2026-07-06,2026-07-13,3,498,15,19,6,339.55,7
65134,2026-07-08,2026-07-12,2,355,14,41,50,361.71,5
65135,2026-07-18,2026-07-20,3,412,3,25,95,124.81,10
65136,2026-07-20,2026-07-24,2,158,14,31,18,194.94,8
65137,2026-07-09,2026-07-10,3,377,16,30,1,285.63,1
65138,2026-07-06,2026-07-11,2,193,19,47,130,48.68,7
65139,2026-07-14,2026-07-18,2,65,20,10,18,277.38,10
65140,2026-07-31,2026-08-04,2,437,18,6,142,117.28,9
65141,2026-07-17,2026-07-19,2,153,20,35,76,449.59,1
65142,2026-07-07,2026-07-12,3,81,3,38,136,237.97,1
65143,2026-07-04,2026-07-05,2,429,4,8,123,372.39,7
65144,2026-07-30,2026-08-05,1,253,16,17,90,293.07,6
65145,2026-08-02,2026-08-07,3,163,14,13,54,442.85,10
65146,2026-07-14,2026-07-15,2,192,5,30,26,355.96,6
65147,2026-07-20,2026-07-26,2,58,16,48,94,164.1,2
65148,2026-07-18,2026-07-20,2,459,8,19,186,117.61,10
65149,2026-07-09,2026-07-16,3,477,7,28,66,296.67,5
65150,2026-08-02,2026-08-09,2,315,20,35,179,432.2,6
65151,2026-07-21,2026-07-27,3,323,15,3,17,74.38,8
65152,2026-07-10,2026-07-14,1,313,13,12,20,75.51,4
65153,2026-07-23,2026-07-29,2,247,18,34,71,328.06,5
65154,2026-07-03,2026-07-10,1,306,17,3,45,76.97,4
65155,2026-07-30,2026-08-05,2,426,16,14,87,95.49,10
65156,2026-07-27,2026-07-31,3,29,2,28,167,5.66,2
65157,2026-07-03,2026-07-04,3,33,20,50,29,367.34,3
65158,2026-07-06,2026-07-13,1,208,6,14,133,378.78,4
65159,2026-07-11,2026-07-17,2,357,15,42,162,376.76,4
65160,2026-07-11,2026-07-12,2,183,15,31,39,47.75,6
65161,2026-07-27,2026-07-31,1,323,19,20,120,76.39,10
65162,2026-07-08,2026-07-11,3,179,8,29,176,479.9,3
65163,2026-07-13,2026-07-17,3,417,7,29,72,153.12,1
65164,2026-07-08,2026-07-14,2,342,5,43,54,293.75,6
65165,2026-07-31,2026-08-02,1,10,8,29,68,291.19,10
65166,2026-08-02,2026-08-05,1,272,20,35,95,355.8,1
65167,2026-07-07,2026-07-14,3,78,7,21,139,107.85,5
65168,2026-07-21,2026-07-23,1,105,8,42,188,75.69,7
65169,2026-08-02,2026-08-06,2,12,8,38,23,65.74,6
65170,2026-07-19,2026-07-23,3,235,3,16,37,300.72,3
65171,2026-07-22,2026-07-26,2,358,20,28,70,176.28,1
65172,2026-07-03,2026-07-09,2,334,5,38,200,380.16,7
65173,2026-07-04,2026-07-06,2,321,20,21,193,233.83,4
65174,2026-07-19,2026-07-22,1,412,12,17,122,195.25,2
65175,2026-07-29,2026-08-03,2,320,5,11,45,309.41,10
65176,2026-07-22,2026-07-23,2,127,12,5,171,353.43,7
65177,2026-07-30,2026-08-04,1,296,11,43,141,148.12,7
65178,2026-07-18,2026-07-22,1,366,9,3,33,160.03,1
65179,2026-07-21,2026-07-28,3,187,10,50,193,194.55,1
65180,2026-07-22,2026-07-25,2,45,11,17,200,32.52,7
65181,2026-07-06,2026-07-12,1,407,14,6,65,250.62,7
65182,2026-07-20,2026-07-21,2,452,15,6,6,241.82,4
65183,2026-07-26,2026-08-02,3,138,15,2,120,183.63,4
65184,2026-07-14,2026-07-16,1,319,18,35,195,291.84,2
65185,2026-08-02,2026-08-04,3,461,4,16,151,299.41,5
65186,2026-07-15,2026-07-22,1,287,13,22,4,41.07,4
65187,2026-07-17,2026-07-22,1,41,3,31,162,406.46,8
65188,2026-07-12,2026-07-17,1,318,6,10,73,257.12,3
65189,2026-07-07,2026-07-09,3,304,5,30,130,154.73,5
65190,2026-07-27,2026-07-31,1,15,14,46,157,458.92,9
65191,2026-07-21,2026-07-22,3,87,16,41,67,130.17,5
65192,2026-07-15,2026-07-22,1,416,7,36,90,490.32,1
65193,2026-07-28,2026-08-04,3,369,16,23,107,147.43,8
65194,2026-07-21,2026-07-22,3,390,9,33,101,309.79,6
65195,2026-07-24,2026-07-28,3,460,9,49,100,261.47,5
65196,2026-07-25,2026-08-01,2,60,1,47,44,392.48,10
65197,2026-07-28,2026-08-01,1,53,18,35,149,395.66,2
65198,2026-07-12,2026-07-15,2,88,10,16,55,141.64,7
65199,2026-07-21,2026-07-22,3,187,5,35,76,82.36,4
65200,2026-07-31,2026-08-01,1,389,3,22,53,157.49,10
65201,2026-07-08,2026-07-13,2,281,9,33,95,405.91,10
65202,2026-07-23,2026-07-30,1,70,1,10,116,297.04,6
65203,2026-08-01,2026-08-06,1,118,10,5,131,138.33,5
65204,2026-07-25,2026-07-28,3,238,2,26,5,176.92,7
65205,2026-07-20,2026-07-23,1,346,8,1,70,142.96,1
65206,2026-07-27,2026-07-30,1,123,2,46,147,444.12,4
65207,2026-07-30,2026-08-02,3,71,6,7,136,220.15,6
65208,2026-07-07,2026-07-11,2,21,5,20,80,476.17,7
65209,2026-07-12,2026-07-14,2,110,16,31,50,239.26,9
65210,2026-07-20,2026-07-25,2,426,17,14,171,287.18,1
65211,2026-07-21,2026-07-25,1,394,2,45,23,116.59,1
65212,2026-07-12,2026-07-13,2,146,18,31,61,89.6,1
65213,2026-07-19,2026-07-24,3,31,18,32,112,61.1,5
65214,2026-07-23,2026-07-28,1,226,14,47,77,42.85,7
65215,2026-07-22,2026-07-23,2,229,16,28,90,202.82,6
65216,2026-07-09,2026-07-10,3,64,9,12,29,395.25,10
65217,2026-07-30,2026-08-06,2,69,14,41,31,21.42,2
65218,2026-07-12,2026-07-13,2,27,11,8,92,104.96,2
65219,2026-07-29,2026-08-02,3,201,16,4,161,322.95,3
65220,2026-07-11,2026-07-18,1,500,17,36,74,340.06,6
65221,2026-07-23,2026-07-27,1,490,2,27,98,55.28,7
65222,2026-07-16,2026-07-19,1,205,1,37,172,271.41,6
65223,2026-07-22,2026-07-26,1,294,13,35,74,11.74,4
65224,2026-07-08,2026-07-14,1,480,17,16,61,447.28,1
65225,2026-08-02,2026-08-07,2,366,5,46,3,407.03,4
65226,2026-07-14,2026-07-20,1,353,19,13,110,18.74,6
65227,2026-07-16,2026-07-17,1,33,8,34,161,377.69,10
65228,2026-07-28,2026-08-04,3,264,14,39,86,317.19,9
65229,2026-07-19,2026-07-26,2,276,5,48,68,317.2,6
65230,2026-08-01,2026-08-02,1,191,18,33,4,299.22,8
65231,2026-07-28,2026-07-31,2,326,10,4,60,390.93,8
65232,2026-07-19,2026-07-22,1,2,16,9,176,275.29,5
65233,2026-07-04,2026-07-05,1,384,19,31,143,263.68,3
65234,2026-07-20,2026-07-23,1,500,6,42,119,290.46,10
65235,2026-07-08,2026-07-09,3,8,1,41,172,19.07,4
65236,2026-07-24,2026-07-31,2,57,5,9,87,329.6,5
65237,2026-08-01,2026-08-02,2,73,20,40,46,354.05,4
65238,2026-07-20,2026-07-22,1,398,9,49,120,343.02,9
65239,2026-07-13,2026-07-18,2,459,5,5,31,24.63,2
65240,2026-07-19,2026-07-24,2,341,17,30,197,479.37,7
65241,2026-08-01,2026-08-02,3,323,6,18,4,95.3,3
65242,2026-07-18,2026-07-24,1,143,4,18,146,22.02,10
65243,2026-07-19,2026-07-22,2,157,20,38,1,496.31,7
65244,2026-07-24,2026-07-30,1,416,15,5,139,29.13,2
65245,2026-07-29,2026-08-04,2,148,20,30,143,156.45,1
65246,2026-07-12,2026-07-17,2,32,3,21,40,336.13,9
65247,2026-07-05,2026-07-12,3,29,7,15,20,108.97,2
65248,2026-07-05,2026-07-07,2,489,14,4,172,133.47,3
65249,2026-07-04,2026-07-10,2,267,3,15,31,362.68,5
65250,2026-07-24,2026-07-30,1,95,2,24,199,305.22,6
65251,2026-07-22,2026-07-26,2,269,7,13,41,391.94,10
65252,2026-08-01,2026-08-07,3,267,17,14,178,95.8,5
65253,2026-07-26,2026-07-27,1,454,2,6,17,411.5,4
65254,2026-07-17,2026-07-23,3,457,7,38,39,112.2,6
65255,2026-07-16,2026-07-19,3,11,7,24,123,325.51,10
65256,2026-07-20,2026-07-22,1,23,17,22,27,26.73,2
65257,2026-07-08,2026-07-11,2,254,17,41,118,125.19,9
65258,2026-07-18,2026-07-19,2,334,9,24,57,365.55,7
65259,2026-07-06,2026-07-07,1,47,17,3,130,336.26,8
65260,2026-07-03,2026-07-05,1,386,9,2,198,340.64,10
65261,2026-07-12,2026-07-18,1,177,4,10,100,29.07,10
65262,2026-07-19,2026-07-21,1,169,16,27,148,135.6,4
65263,2026-07-12,2026-07-15,1,79,9,6,70,242.7,5
65264,2026-07-20,2026-07-27,1,428,1,14,69,281.65,6
65265,2026-07-07,2026-07-14,3,194,17,43,119,155.47,8
65266,2026-07-30,2026-08-04,2,225,12,32,31,278.32,6
65267,2026-07-18,2026-07-23,1,225,15,21,50,176.09,4
65268,2026-07-15,2026-07-18,3,352,3,41,70,295.12,1
65269,2026-07-07,2026-07-14,1,365,19,20,155,206.73,1
65270,2026-07-16,2026-07-18,1,106,16,11,162,207.78,10
65271,2026-07-22,2026-07-27,3,300,15,44,103,300.38,3
65272,2026-07-27,2026-07-28,3,133,7,18,107,228.41,5
65273,2026-07-03,2026-07-07,2,257,10,13,111,196.74,3
65274,2026-07-25,2026-07-27,2,115,14,31,116,14.96,6
65275,2026-07-15,2026-07-17,2,129,18,24,90,282.84,10
65276,2026-07-03,2026-07-07,1,224,7,7,151,30.42,10
65277,2026-07-05,2026-07-08,2,364,20,42,134,232.74,7
65278,2026-07-04,2026-07-11,3,58,7,39,79,199.1,1
65279,2026-07-10,2026-07-15,2,347,11,24,12,439.17,4
65280,2026-07-12,2026-07-13,3,245,12,8,60,123.62,4
65281,2026-07-21,2026-07-22,2,199,6,3,96,421.05,9
65282,2026-07-12,2026-07-16,2,18,1,43,138,402.57,9
65283,2026-07-19,2026-07-20,1,394,14,49,26,278.52,10
65284,2026-07-03,2026-07-04,1,395,9,6,65,192.45,2
65285,2026-07-08,2026-07-10,1,187,5,19,178,359.71,4
65286,2026-07-27,2026-08-03,3,135,14,16,42,494.17,8
65287,2026-07-12,2026-07-15,2,407,16,20,110,45.3,4
65288,2026-07-16,2026-07-18,2,261,4,9,151,62.87,2
65289,2026-07-03,2026-07-05,2,272,18,6,4,396.79,8
65290,2026-07-25,2026-07-29,3,371,10,22,7,422.3,3
65291,2026-07-23,2026-07-26,2,65,19,47,127,324.27,9
65292,2026-07-17,2026-07-18,2,246,5,2,150,329.9,1
65293,2026-07-24,2026-07-26,2,202,16,2,85,242.64,9
65294,2026-07-16,2026-07-22,2,439,12,31,42,216.75,6
65295,2026-08-02,2026-08-08,1,210,6,17,184,245.29,2
65296,2026-07-28,2026-08-02,1,306,6,11,127,68.01,10
65297,2026-08-02,2026-08-08,3,367,9,7,68,333.44,4
65298,2026-07-27,2026-07-28,1,29,5,26,3,288.99,8
65299,2026-07-16,2026-07-21,1,326,8,6,144,483.69,8
65300,2026-07-24,2026-07-28,1,308,8,43,178,127.62,9
65301,2026-07-21,2026-07-26,3,36,14,8,191,22.85,7
65302,2026-07-08,2026-07-12,2,94,13,17,68,175.96,2
65303,2026-08-02,2026-08-08,1,64,5,39,55,239.41,8
65304,2026-07-06,2026-07-08,2,101,14,38,41,477.4,2
65305,2026-07-06,2026-07-09,3,258,20,37,80,464.91,8
65306,2026-07-24,2026-07-25,1,217,14,34,56,199.19,7
65307,2026-07-31,2026-08-05,3,350,14,49,51,145.12,4
65308,2026-07-10,2026-07-17,2,381,5,27,146,30.07,10
65309,2026-07-13,2026-07-14,1,374,16,33,80,410.17,8
65310,2026-07-04,2026-07-06,2,366,13,48,92,130.58,9
65311,2026-07-26,2026-08-01,1,119,17,10,114,211.21,5
65312,2026-07-08,2026-07-12,1,366,1,39,162,239.16,2
65313,2026-08-01,2026-08-03,2,134,8,17,9,215.1,5
65314,2026-07-23,2026-07-30,1,175,10,40,172,352.22,6
65315,2026-07-29,2026-08-05,3,374,7,45,183,448.11,5
65316,2026-07-19,2026-07-22,3,13,11,26,147,366.89,8
65317,2026-07-17,2026-07-18,3,56,18,8,116,31.81,7
65318,2026-07-05,2026-07-09,2,394,13,44,158,65.07,6
65319,2026-07-27,2026-08-03,3,351,4,24,45,145.84,3
65320,2026-07-25,2026-07-26,2,72,8,19,161,146.74,6
65321,2026-07-29,2026-07-30,3,290,20,8,72,445.88,1
65322,2026-07-22,2026-07-29,3,365,7,7,103,146.27,3
65323,2026-07-08,2026-07-10,3,52,14,16,30,285.49,10
65324,2026-07-29,2026-07-31,1,354,19,26,13,414.68,5
65325,2026-07-28,2026-08-04,3,188,5,47,13,308.07,3
65326,2026-07-24,2026-07-26,3,48,5,29,49,474.78,3
65327,2026-07-14,2026-07-16,1,325,9,3,155,108.89,3
65328,2026-07-03,2026-07-05,3,86,10,29,123,456.21,9
65329,2026-07-22,2026-07-29,1,7,11,47,182,219.01,9
65330,2026-07-27,2026-08-01,2,99,3,13,176,105.91,5
65331,2026-07-05,2026-07-08,1,285,20,11,4,231.88,1
65332,2026-07-30,2026-08-05,1,151,4,45,71,482.83,4
65333,2026-07-08,2026-07-15,3,187,1,18,15,456.48,3
65334,2026-07-22,2026-07-28,3,438,1,41,89,133.23,10
65335,2026-07-20,2026-07-21,2,132,8,50,64,279.68,9
65336,2026-07-06,2026-07-12,1,33,15,46,131,269.61,7
65337,2026-08-01,2026-08-08,2,23,5,37,158,443.64,3
65338,2026-07-03,2026-07-05,3,171,9,18,152,353.06,3
65339,2026-07-21,2026-07-28,3,190,16,20,193,174.05,7
65340,2026-08-01,2026-08-04,1,211,3,7,103,351.62,1
65341,2026-07-28,2026-07-31,3,374,8,41,96,289.75,1
65342,2026-08-02,2026-08-04,1,132,7,25,122,309.88,5
65343,2026-07-17,2026-07-19,1,355,18,49,97,233.53,4
65344,2026-07-14,2026-07-15,1,419,5,34,144,490.09,8
65345,2026-07-27,2026-07-31,3,392,7,32,187,322.5,4
65346,2026-07-29,2026-08-02,2,38,7,14,147,37.49,3
65347,2026-07-20,2026-07-24,2,94,12,44,157,182.84,6
65348,2026-07-14,2026-07-19,3,411,9,3,17,303.7,4
65349,2026-07-13,2026-07-16,1,165,16,46,24,473.41,5
65350,2026-07-22,2026-07-24,2,390,13,47,7,158.9,9
65351,2026-07-17,2026-07-18,1,111,16,10,22,392.75,10
65352,2026-07-03,2026-07-08,1,146,3,14,50,87.82,2
65353,2026-07-25,2026-07-28,1,18,17,38,117,59.35,5
65354,2026-07-18,2026-07-24,1,125,5,27,35,206.66,4
65355,2026-07-19,2026-07-22,3,289,15,4,103,455.47,4
65356,2026-07-07,2026-07-08,1,352,13,9,120,354.2,6
65357,2026-07-13,2026-07-20,1,480,20,14,161,189.36,1
65358,2026-07-06,2026-07-10,2,82,11,18,168,405.47,8
65359,2026-07-11,2026-07-16,1,290,14,9,38,453.1,2
65360,2026-07-06,2026-07-09,3,321,2,33,165,228.69,4
65361,2026-07-31,2026-08-01,3,51,5,39,89,294.02,5
65362,2026-07-30,2026-08-01,2,186,10,10,165,269.29,7
65363,2026-07-07,2026-07-11,2,481,12,33,195,213.91,2
65364,2026-07-13,2026-07-16,1,70,19,7,88,449.61,5
65365,2026-07-09,2026-07-10,3,108,16,33,194,24.33,1
65366,2026-08-01,2026-08-02,3,190,7,9,184,371.64,2
65367,2026-07-19,2026-07-25,2,419,11,12,157,417.68,7
65368,2026-07-18,2026-07-22,3,468,16,15,102,45.8,2
65369,2026-08-02,2026-08-07,1,497,10,18,150,426.18,9
65370,2026-07-11,2026-07-16,3,366,20,38,189,61.04,7
65371,2026-08-01,2026-08-04,1,53,10,38,195,490.26,2
65372,2026-07-18,2026-07-24,3,325,4,37,143,488.84,2
65373,2026-07-31,2026-08-02,3,80,6,11,65,213.25,10
65374,2026-07-13,2026-07-18,1,266,9,42,183,310.85,2
65375,2026-07-27,2026-08-01,2,14,1,29,154,196.09,6
65376,2026-07-18,2026-07-23,3,96,7,10,83,72.25,6
65377,2026-07-10,2026-07-17,1,297,1,23,164,183.42,2
65378,2026-07-24,2026-07-31,1,288,11,12,9,173.65,2
65379,2026-07-14,2026-07-17,2,483,2,15,104,217.11,3
65380,2026-07-30,2026-08-02,2,233,18,12,62,252.33,5
65381,2026-07-09,2026-07-10,1,296,5,23,31,194.45,8
65382,2026-07-20,2026-07-24,1,57,17,10,133,380.09,1
65383,2026-07-25,2026-07-28,1,65,7,13,143,373.6,6
65384,2026-07-16,2026-07-23,1,305,13,6,111,277.83,7
65385,2026-07-31,2026-08-01,3,348,19,6,158,80.24,1
65386,2026-07-11,2026-07-13,3,362,3,16,149,463.92,6
65387,2026-07-28,2026-08-02,1,445,6,49,52,25.1,2
65388,2026-07-09,2026-07-12,1,275,6,47,48,141.14,1
65389,2026-07-23,2026-07-29,1,231,17,28,95,464.51,10
65390,2026-07-28,2026-08-03,2,450,6,44,193,196.52,4
65391,2026-07-03,2026-07-04,3,338,8,9,87,374.07,9
65392,2026-07-31,2026-08-07,2,168,4,35,7,360.05,9
65393,2026-07-29,2026-08-01,2,167,13,2,186,64.63,2
65394,2026-07-22,2026-07-28,3,126,16,1,129,481.87,7
65395,2026-07-18,2026-07-21,3,393,4,16,173,137.08,4
65396,2026-07-09,2026-07-11,1,98,3,48,83,119.16,10
65397,2026-08-02,2026-08-07,1,314,5,50,54,319.73,6
65398,2026-07-22,2026-07-26,2,179,18,26,76,422.21,7
65399,2026-07-22,2026-07-25,3,470,5,11,38,32.54,10
65400,2026-07-10,2026-07-11,2,266,17,19,83,199.67,3
65401,2026-07-30,2026-08-04,1,474,14,6,183,131.69,3
65402,2026-07-17,2026-07-21,2,268,18,6,140,323.08,8
65403,2026-07-09,2026-07-15,2,176,1,14,169,419.7,6
65404,2026-07-14,2026-07-20,1,216,10,14,149,411.3,5
65405,2026-07-15,2026-07-20,3,405,19,8,188,270.49,7
65406,2026-07-04,2026-07-07,3,62,9,20,136,110.68,7
65407,2026-07-18,2026-07-23,1,250,11,33,140,81.55,8
65408,2026-07-18,2026-07-23,1,7,5,48,8,229.28,4
65409,2026-07-24,2026-07-29,1,352,17,21,8,433.09,1
65410,2026-07-09,2026-07-16,1,428,8,7,85,107.43,5
65411,2026-07-16,2026-07-21,1,134,10,39,142,429.29,4
65412,2026-07-13,2026-07-14,2,317,10,6,119,136.69,10
65413,2026-07-22,2026-07-29,3,242,11,11,93,348.04,1
65414,2026-07-25,2026-07-31,3,49,18,35,45,331.1,2
65415,2026-08-02,2026-08-03,3,116,9,23,103,384.44,7
65416,2026-07-25,2026-07-30,3,89,8,11,195,288.04,4
65417,2026-07-15,2026-07-20,3,184,14,46,45,84.81,7
65418,2026-07-22,2026-07-26,1,77,8,35,199,282.41,3
65419,2026-07-14,2026-07-18,3,459,19,45,176,173.75,3
65420,2026-07-06,2026-07-07,1,244,20,22,111,361.97,10
65421,2026-07-31,2026-08-02,1,477,9,38,57,89.94,1
65422,2026-07-07,2026-07-12,1,189,20,38,24,292.36,10
65423,2026-07-20,2026-07-23,2,381,9,32,33,259.99,7
65424,2026-07-28,2026-07-30,2,99,15,16,134,421.77,9
65425,2026-07-06,2026-07-11,1,46,12,26,61,101.19,7
65426,2026-07-22,2026-07-23,3,198,5,11,53,31.06,7
65427,2026-07-23,2026-07-28,2,117,19,48,90,28.39,5
65428,2026-07-12,2026-07-15,3,235,15,11,104,170.37,9
65429,2026-07-09,2026-07-11,2,427,11,44,85,455.93,9
65430,2026-07-20,2026-07-23,1,307,3,20,1,423.86,3
65431,2026-07-19,2026-07-25,3,19,9,37,97,246.1,9
65432,2026-08-01,2026-08-07,2,352,18,42,3,144.74,3
65433,2026-07-29,2026-08-05,1,156,13,25,57,221.21,3
65434,2026-07-13,2026-07-15,3,236,5,24,113,291.97,8
65435,2026-08-01,2026-08-07,2,14,4,3,69,361.02,4
65436,2026-07-28,2026-07-31,3,166,14,45,145,219.27,5
65437,2026-07-21,2026-07-22,2,45,14,31,156,100.55,1
65438,2026-07-04,2026-07-07,3,166,6,26,58,219.07,3
65439,2026-07-05,2026-07-12,1,51,18,40,160,102.64,6
65440,2026-07-21,2026-07-23,3,449,15,31,58,411.4,10
65441,2026-07-06,2026-07-10,1,97,2,43,17,129.0,10
65442,2026-07-31,2026-08-04,1,36,14,43,112,366.86,4
65443,2026-07-10,2026-07-15,2,478,8,32,149,480.64,2
65444,2026-07-05,2026-07-11,3,490,2,20,186,158.07,4
65445,2026-07-28,2026-07-30,3,456,13,43,11,64.94,3
65446,2026-07-11,2026-07-17,2,260,12,29,27,54.24,6
65447,2026-07-20,2026-07-23,1,224,9,50,117,357.77,9
65448,2026-08-02,2026-08-03,1,38,9,4,90,231.94,3
65449,2026-07-30,2026-08-01,3,272,17,14,190,407.68,3
65450,2026-07-24,2026-07-30,1,442,9,44,3,348.93,1
65451,2026-07-16,2026-07-22,1,396,15,46,71,337.5,10
65452,2026-07-04,2026-07-05,1,262,9,49,77,357.34,6
65453,2026-07-16,2026-07-17,2,200,11,45,10,55.48,8
65454,2026-08-02,2026-08-05,3,467,6,16,74,15.4,7
65455,2026-07-05,2026-07-07,2,218,8,49,64,458.06,10
65456,2026-07-26,2026-07-31,3,45,6,33,173,219.02,5
65457,2026-07-31,2026-08-01,3,101,17,27,154,208.47,3
65458,2026-08-02,2026-08-06,3,108,16,5,1,431.59,6
65459,2026-07-29,2026-08-03,3,396,7,50,133,333.25,7
65460,2026-07-15,2026-07-19,3,223,15,28,7,196.96,2
65461,2026-07-07,2026-07-13,2,457,5,2,152,183.07,6
65462,2026-07-04,2026-07-07,3,163,12,15,169,32.28,1
65463,2026-08-01,2026-08-04,3,307,9,7,82,436.8,6
65464,2026-07-18,2026-07-21,2,310,2,45,11,198.13,4
65465,2026-07-15,2026-07-20,3,328,12,4,165,223.59,1
65466,2026-07-05,2026-07-08,2,111,13,40,101,202.81,4
65467,2026-07-18,2026-07-22,3,480,9,27,110,327.21,9
65468,2026-07-26,2026-07-30,2,15,8,4,90,390.97,3
65469,2026-07-18,2026-07-19,2,75,12,18,16,31.86,10
65470,2026-07-24,2026-07-31,1,386,14,29,144,322.49,10
65471,2026-07-31,2026-08-02,2,340,12,2,19,408.12,9
65472,2026-07-28,2026-07-29,1,499,12,10,106,239.25,4
65473,2026-07-03,2026-07-09,1,353,8,27,173,437.62,4
65474,2026-07-04,2026-07-10,3,24,19,15,190,460.93,3
65475,2026-07-11,2026-07-15,2,393,11,42,80,452.96,9
65476,2026-07-23,2026-07-27,2,434,2,27,64,166.67,1
65477,2026-07-14,2026-07-17,3,420,16,35,124,132.03,1
65478,2026-07-07,2026-07-09,3,8,8,5,47,189.45,6
65479,2026-07-21,2026-07-25,3,193,12,21,179,88.51,8
65480,2026-07-30,2026-08-04,2,457,11,11,109,425.52,8
65481,2026-07-28,2026-08-01,2,354,16,49,161,26.54,10
65482,2026-07-24,2026-07-30,1,18,10,9,31,353.97,9
65483,2026-07-08,2026-07-10,3,327,15,5,56,394.85,4
65484,2026-07-26,2026-07-27,2,93,9,31,39,63.29,6
65485,2026-07-30,2026-08-03,1,94,4,25,140,438.65,8
65486,2026-07-14,2026-07-21,2,118,2,27,41,237.42,6
65487,2026-07-27,2026-07-31,1,68,15,28,9,41.92,7
65488,2026-08-02,2026-08-09,1,257,5,34,157,61.8,8
65489,2026-07-14,2026-07-16,2,70,2,13,188,491.9,3
65490,2026-07-04,2026-07-07,2,386,12,25,150,183.45,6
65491,2026-07-12,2026-07-17,3,81,18,40,27,428.52,3
65492,2026-07-08,2026-07-15,3,18,7,14,113,221.31,10
65493,2026-07-21,2026-07-27,2,383,15,4,98,458.17,4
65494,2026-07-24,2026-07-27,2,191,8,14,139,466.59,9
65495,2026-07-22,2026-07-29,2,69,12,33,43,353.73,7
65496,2026-07-26,2026-08-02,3,279,4,3,164,356.16,5
65497,2026-07-12,2026-07-19,2,220,15,39,84,259.48,1
65498,2026-07-25,2026-07-27,2,403,10,29,10,366.43,6
65499,2026-07-16,2026-07-18,2,287,19,48,122,401.21,2
65500,2026-07-28,2026-08-03,3,289,13,4,84,141.71,2
65501,2026-07-30,2026-08-05,2,224,6,2,103,492.32,10
65502,2026-07-17,2026-07-20,3,199,10,46,24,479.14,9
65503,2026-07-30,2026-08-05,3,59,12,1,154,97.95,5
65504,2026-07-05,2026-07-11,3,253,9,3,75,447.04,8
65505,2026-07-31,2026-08-06,3,142,3,41,169,353.29,1
65506,2026-07-08,2026-07-11,2,121,19,32,129,355.47,9
65507,2026-07-10,2026-07-11,1,330,2,30,111,273.76,5
65508,2026-07-07,2026-07-08,1,496,20,30,102,430.25,8
65509,2026-07-29,2026-07-30,1,46,10,49,141,410.45,4
65510,2026-07-27,2026-07-31,2,421,3,28,155,395.65,2
65511,2026-07-06,2026-07-10,2,86,8,17,181,454.74,8
65512,2026-08-02,2026-08-03,1,67,14,38,43,481.71,1
65513,2026-07-22,2026-07-28,3,481,6,37,45,10.97,7
65514,2026-07-14,2026-07-16,2,290,8,25,132,246.18,4
65515,2026-07-14,2026-07-21,2,93,7,46,63,490.06,10
65516,2026-07-05,2026-07-08,3,324,16,4,129,177.43,6
65517,2026-07-31,2026-08-02,3,97,17,45,191,381.2,6
65518,2026-07-20,2026-07-25,3,58,17,17,159,282.8,5
65519,2026-07-06,2026-07-13,3,282,18,18,23,350.4,9
65520,2026-07-13,2026-07-18,3,242,7,18,146,412.55,5
65521,2026-07-12,2026-07-17,2,116,14,38,38,470.7,8
65522,2026-07-15,2026-07-21,2,167,9,46,173,338.96,9
65523,2026-07-04,2026-07-08,3,92,14,6,98,418.99,6
65524,2026-07-25,2026-07-27,2,338,6,31,2,74.71,8
65525,2026-07-11,2026-07-13,1,432,4,49,150,426.72,6
65526,2026-07-08,2026-07-12,2,83,11,28,49,138.1,3
65527,2026-07-24,2026-07-31,2,327,3,42,192,444.83,4
65528,2026-07-20,2026-07-23,2,261,9,32,121,314.32,5
65529,2026-07-06,2026-07-13,2,324,15,23,51,458.31,10
65530,2026-07-16,2026-07-22,2,335,11,15,39,154.83,2
65531,2026-07-07,2026-07-11,1,15,10,1,136,83.96,8
65532,2026-07-22,2026-07-29,1,28,18,6,156,156.07,9
65533,2026-07-27,2026-07-28,1,32,19,10,199,66.91,4
65534,2026-07-15,2026-07-19,3,63,7,35,53,191.34,4
65535,2026-07-19,2026-07-22,2,435,14,49,11,356.56,10
65536,2026-07-05,2026-07-12,1,316,13,22,85,72.81,5
65537,2026-07-20,2026-07-27,1,68,7,28,40,420.21,9
65538,2026-07-27,2026-08-03,2,327,20,22,62,101.81,2
65539,2026-07-23,2026-07-24,2,425,19,5,3,225.66,3
65540,2026-07-18,2026-07-25,3,311,1,42,26,363.82,8
65541,2026-07-30,2026-07-31,3,447,14,17,30,154.47,7
65542,2026-08-01,2026-08-06,3,148,16,25,69,386.85,2
65543,2026-08-02,2026-08-03,1,323,7,30,59,133.82,9
65544,2026-07-24,2026-07-29,2,70,1,4,94,293.85,3
65545,2026-07-03,2026-07-04,2,372,7,42,10,294.89,2
65546,2026-07-22,2026-07-29,3,310,14,12,32,163.62,8
65547,2026-07-13,2026-07-14,3,182,15,20,29,247.27,3
65548,2026-07-24,2026-07-25,2,496,17,43,35,466.76,7
65549,2026-07-26,2026-07-31,3,397,18,10,98,173.11,9
65550,2026-07-21,2026-07-23,1,337,6,19,177,42.69,1
65551,2026-07-29,2026-07-30,3,150,5,13,143,274.64,1
65552,2026-07-14,2026-07-17,3,500,17,1,121,451.76,5
65553,2026-07-16,2026-07-22,3,188,17,13,16,276.38,6
65554,2026-07-17,2026-07-18,3,246,20,14,62,160.15,2
65555,2026-07-30,2026-08-01,3,53,12,31,195,84.36,1
65556,2026-07-28,2026-08-04,3,164,3,9,70,333.47,3
65557,2026-07-05,2026-07-09,2,487,1,29,188,377.92,2
65558,2026-07-21,2026-07-22,3,35,16,9,190,112.93,8
65559,2026-07-17,2026-07-24,2,32,9,28,112,98.19,8
65560,2026-07-16,2026-07-21,3,110,13,18,137,135.03,2
65561,2026-07-16,2026-07-19,3,253,2,9,16,295.76,9
65562,2026-07-03,2026-07-10,3,220,5,5,126,326.1,2
65563,2026-07-29,2026-07-31,2,300,13,16,28,25.12,5
65564,2026-07-17,2026-07-18,3,105,9,7,181,388.16,9
65565,2026-07-23,2026-07-26,2,340,13,50,67,51.47,7
65566,2026-07-21,2026-07-27,3,267,13,35,197,394.68,9
65567,2026-08-01,2026-08-08,2,94,15,2,132,394.05,4
65568,2026-07-24,2026-07-28,3,467,2,17,55,368.41,7
65569,2026-07-04,2026-07-10,1,367,17,6,131,322.54,9
65570,2026-07-08,2026-07-12,2,92,18,3,53,307.08,6
65571,2026-07-11,2026-07-16,1,163,12,42,126,180.94,6
65572,2026-07-23,2026-07-25,1,396,6,49,87,363.61,4
65573,2026-07-03,2026-07-06,3,155,3,33,7,327.95,7
65574,2026-07-24,2026-07-29,3,402,5,22,73,150.27,6
65575,2026-07-24,2026-07-28,2,151,4,8,78,480.41,7
65576,2026-08-02,2026-08-06,2,490,10,22,140,311.31,7
65577,2026-07-08,2026-07-09,1,434,4,14,68,88.18,6
65578,2026-07-29,2026-07-30,3,35,4,19,195,84.13,1
65579,2026-07-03,2026-07-10,3,151,10,36,123,128.53,5
65580,2026-07-27,2026-08-02,2,234,5,47,77,306.75,7
65581,2026-07-28,2026-08-04,3,63,5,45,100,224.33,6
65582,2026-07-23,2026-07-25,3,122,3,9,107,386.24,8
65583,2026-07-31,2026-08-01,3,28,19,31,140,381.49,6
65584,2026-07-20,2026-07-22,2,70,18,24,185,445.16,5
65585,2026-07-12,2026-07-16,2,285,3,24,139,33.89,9
65586,2026-07-08,2026-07-09,2,150,18,9,43,44.54,5
65587,2026-07-09,2026-07-11,1,476,20,2,55,313.34,8
65588,2026-07-27,2026-08-02,1,64,16,17,88,486.95,6
65589,2026-07-12,2026-07-14,3,210,7,21,148,438.26,4
65590,2026-07-07,2026-07-11,2,288,14,49,180,248.86,1
65591,2026-07-26,2026-07-30,2,342,11,2,120,435.61,3
65592,2026-07-13,2026-07-18,1,156,8,17,76,368.43,10
65593,2026-07-28,2026-07-30,3,337,10,15,93,278.31,5
65594,2026-07-31,2026-08-03,3,89,18,10,75,19.36,5
65595,2026-07-20,2026-07-22,2,372,2,2,11,115.69,9
65596,2026-07-06,2026-07-07,2,61,16,16,110,412.41,8
65597,2026-07-11,2026-07-18,1,14,3,42,178,54.4,5
65598,2026-07-16,2026-07-22,1,122,13,11,105,314.38,3
65599,2026-07-30,2026-08-01,2,201,6,35,47,193.17,7
65600,2026-07-12,2026-07-13,2,35,17,14,94,116.91,9
65601,2026-07-12,2026-07-18,2,212,12,35,177,325.81,8
65602,2026-08-01,2026-08-06,2,491,15,49,200,287.1,9
65603,2026-07-21,2026-07-23,3,351,4,50,4,299.87,8
65604,2026-07-23,2026-07-24,3,84,16,27,162,427.13,10
65605,2026-07-04,2026-07-05,2,494,16,15,129,384.37,8
65606,2026-07-24,2026-07-26,1,184,16,32,154,38.35,2
65607,2026-07-05,2026-07-09,1,45,7,41,102,207.07,1
65608,2026-07-05,2026-07-09,2,181,11,37,111,498.46,2
65609,2026-07-21,2026-07-25,1,125,15,37,163,114.96,4
65610,2026-07-23,2026-07-27,1,274,2,48,149,436.91,9
65611,2026-07-31,2026-08-05,2,171,10,20,180,220.45,7
65612,2026-07-26,2026-07-28,1,141,20,18,58,467.41,3
65613,2026-07-29,2026-08-05,2,306,11,27,50,91.22,5
65614,2026-07-09,2026-07-14,3,388,8,33,157,480.74,6
65615,2026-08-01,2026-08-02,1,84,4,46,8,76.33,4
65616,2026-07-16,2026-07-21,2,413,2,50,13,336.41,2
65617,2026-08-02,2026-08-03,2,500,10,10,45,326.76,5
65618,2026-07-10,2026-07-16,3,460,12,3,105,13.32,7
65619,2026-07-23,2026-07-28,2,272,12,31,27,142.4,8
65620,2026-07-25,2026-07-29,1,225,15,12,81,296.62,2
65621,2026-07-20,2026-07-26,3,82,5,20,69,468.96,8
65622,2026-07-23,2026-07-27,1,267,8,21,144,143.67,6
65623,2026-07-14,2026-07-17,2,18,8,12,97,247.98,1
65624,2026-07-04,2026-07-07,2,425,5,34,152,135.84,2
65625,2026-07-25,2026-08-01,1,301,3,23,16,276.99,1
65626,2026-07-20,2026-07-27,2,160,15,1,59,111.62,6
65627,2026-07-15,2026-07-20,2,70,17,48,171,57.62,7
65628,2026-07-29,2026-08-05,1,249,14,24,193,109.77,2
65629,2026-07-11,2026-07-16,2,80,14,3,82,55.97,8
65630,2026-07-17,2026-07-20,2,250,17,28,80,416.31,5
65631,2026-07-30,2026-08-03,3,418,2,19,49,489.19,2
65632,2026-07-28,2026-08-04,1,56,12,50,151,412.49,6
65633,2026-07-23,2026-07-28,2,386,19,40,49,207.11,1
65634,2026-07-18,2026-07-24,1,298,17,15,54,246.46,4
65635,2026-07-13,2026-07-19,2,9,18,36,24,233.47,10
65636,2026-07-07,2026-07-08,1,213,15,35,91,54.56,8
65637,2026-07-05,2026-07-09,1,259,8,3,108,432.07,6
65638,2026-07-22,2026-07-29,2,193,18,28,59,189.18,8
65639,2026-07-15,2026-07-18,3,489,4,50,89,133.0,5
65640,2026-07-03,2026-07-06,2,151,14,41,89,88.13,4
65641,2026-07-09,2026-07-10,2,199,20,31,47,69.48,5
65642,2026-07-22,2026-07-23,3,18,4,21,26,336.42,3
65643,2026-07-28,2026-08-03,2,100,12,48,28,201.51,2
65644,2026-07-30,2026-08-05,2,391,1,6,18,192.75,4
65645,2026-07-24,2026-07-26,3,439,6,30,65,130.62,2
65646,2026-07-09,2026-07-13,2,117,20,20,83,324.28,6
65647,2026-07-04,2026-07-11,1,188,4,12,117,433.36,3
65648,2026-07-21,2026-07-25,2,157,6,17,86,100.15,1
65649,2026-07-11,2026-07-12,1,39,13,13,24,164.22,4
65650,2026-07-12,2026-07-17,3,206,13,31,82,336.93,4
65651,2026-07-10,2026-07-11,1,5,5,26,151,373.74,6
65652,2026-07-16,2026-07-18,1,444,5,47,56,410.47,5
65653,2026-08-01,2026-08-08,2,192,10,41,141,176.62,3
65654,2026-07-21,2026-07-23,2,338,15,20,33,190.9,7
65655,2026-07-21,2026-07-24,1,310,11,5,50,349.45,9
65656,2026-07-24,2026-07-29,3,314,5,9,142,416.26,3
65657,2026-07-19,2026-07-24,3,393,1,2,4,253.14,10
65658,2026-07-31,2026-08-02,2,192,20,37,102,438.57,4
65659,2026-08-02,2026-08-05,1,165,10,20,145,463.11,7
65660,2026-07-11,2026-07-16,3,13,12,41,163,150.23,10
65661,2026-08-02,2026-08-06,2,249,10,38,110,254.76,5
65662,2026-07-24,2026-07-30,2,355,16,27,124,490.07,4
65663,2026-07-14,2026-07-21,2,417,8,2,175,236.96,8
65664,2026-07-24,2026-07-25,3,85,16,16,189,419.53,9
65665,2026-07-16,2026-07-20,2,348,14,8,14,215.71,5
65666,2026-07-31,2026-08-02,1,120,14,4,148,156.16,3
65667,2026-07-16,2026-07-19,2,489,20,1,76,485.77,2
65668,2026-07-22,2026-07-23,3,338,4,27,102,61.38,10
65669,2026-07-09,2026-07-10,1,276,1,41,120,427.88,7
65670,2026-07-22,2026-07-23,1,269,18,40,137,293.97,6
65671,2026-07-27,2026-08-03,3,162,5,1,52,274.82,4
65672,2026-07-08,2026-07-14,1,12,7,39,15,294.06,4
65673,2026-08-02,2026-08-03,2,423,3,22,175,322.71,9
65674,2026-07-14,2026-07-15,3,361,4,14,138,254.69,3
65675,2026-08-02,2026-08-08,1,123,14,13,131,308.54,6
65676,2026-07-23,2026-07-24,3,220,19,33,75,146.5,7
65677,2026-07-26,2026-07-31,1,63,14,1,34,356.72,10
65678,2026-07-04,2026-07-09,1,31,9,40,114,368.93,5
65679,2026-08-01,2026-08-07,3,171,9,32,46,302.81,2
65680,2026-07-04,2026-07-09,1,319,6,20,39,213.73,2
65681,2026-07-22,2026-07-25,1,124,11,6,95,156.55,7
65682,2026-07-30,2026-08-04,2,208,20,23,115,285.08,4
65683,2026-07-15,2026-07-20,1,211,3,29,25,62.45,6
65684,2026-08-01,2026-08-06,1,242,8,17,28,389.92,9
65685,2026-07-27,2026-07-28,3,158,20,38,55,312.83,3
65686,2026-07-28,2026-08-03,1,238,13,30,58,306.4,5
65687,2026-07-30,2026-07-31,3,288,20,48,19,443.9,6
65688,2026-08-02,2026-08-06,1,353,9,34,177,101.91,2
65689,2026-07-25,2026-07-31,1,458,4,33,70,411.18,5
65690,2026-07-17,2026-07-24,1,114,2,35,146,351.88,8
65691,2026-08-01,2026-08-08,3,286,7,26,2,8.13,9
65692,2026-07-29,2026-08-02,2,255,20,4,112,115.52,1
65693,2026-07-17,2026-07-23,1,448,5,47,101,62.38,4
65694,2026-07-08,2026-07-12,2,236,11,25,37,102.62,10
65695,2026-07-23,2026-07-29,1,46,1,35,148,242.5,10
65696,2026-07-10,2026-07-15,3,159,12,42,8,438.06,4
65697,2026-07-25,2026-07-29,3,282,15,25,180,370.51,8
65698,2026-07-18,2026-07-23,2,289,20,2,95,145.32,6
65699,2026-07-11,2026-07-17,2,294,8,28,191,461.85,1
65700,2026-07-11,2026-07-15,3,11,19,10,183,468.9,6
65701,2026-07-23,2026-07-26,2,448,11,33,175,17.68,2
65702,2026-07-21,2026-07-26,2,4,4,8,39,88.59,3
65703,2026-07-14,2026-07-18,3,295,12,6,147,483.08,6
65704,2026-07-21,2026-07-27,1,336,15,22,53,441.55,10
65705,2026-07-11,2026-07-16,3,52,13,24,174,490.56,6
65706,2026-07-23,2026-07-29,1,229,3,47,80,322.77,8
65707,2026-07-24,2026-07-26,3,439,18,24,162,31.46,3
65708,2026-07-22,2026-07-25,3,362,10,27,157,462.04,8
65709,2026-07-05,2026-07-11,2,240,2,14,90,467.51,1
65710,2026-07-11,2026-07-14,2,22,15,17,149,315.36,2
65711,2026-07-25,2026-07-27,2,361,13,21,114,211.97,10
65712,2026-07-26,2026-07-27,3,425,12,22,77,396.22,3
65713,2026-07-17,2026-07-18,1,139,10,7,17,192.95,1
65714,2026-07-31,2026-08-07,3,441,6,1,21,304.72,4
65715,2026-08-01,2026-08-06,3,144,20,11,141,120.15,2
65716,2026-07-15,2026-07-19,2,75,2,39,16,371.78,7
65717,2026-07-18,2026-07-21,2,62,3,9,74,228.86,3
65718,2026-07-10,2026-07-15,1,115,11,16,97,75.2,2
65719,2026-07-06,2026-07-12,2,280,20,5,23,127.21,3
65720,2026-07-12,2026-07-13,2,254,8,21,139,237.71,1
65721,2026-07-12,2026-07-15,1,65,1,27,118,252.37,5
65722,2026-07-29,2026-08-03,1,458,10,6,141,228.88,9
65723,2026-07-19,2026-07-21,3,23,19,35,189,422.71,3
65724,2026-07-03,2026-07-10,2,49,13,45,189,444.01,1
65725,2026-07-28,2026-08-04,2,327,15,13,162,52.96,4
65726,2026-07-28,2026-08-02,2,249,14,6,141,478.15,6
65727,2026-07-24,2026-07-31,3,413,16,9,185,469.43,4
65728,2026-07-11,2026-07-14,1,319,1,35,2,276.23,9
65729,2026-07-12,2026-07-17,2,172,7,9,38,475.96,4
65730,2026-07-05,2026-07-09,3,430,20,40,180,205.63,10
65731,2026-08-01,2026-08-02,3,221,8,6,142,201.66,10
65732,2026-07-30,2026-08-01,2,291,11,22,171,20.95,3
65733,2026-08-01,2026-08-04,2,168,12,15,17,18.64,10
65734,2026-07-11,2026-07-14,1,464,15,1,98,405.34,10
65735,2026-07-14,2026-07-17,1,403,5,31,31,347.38,10
65736,2026-07-14,2026-07-20,2,132,6,50,138,359.02,5
65737,2026-07-17,2026-07-18,2,194,12,34,106,468.94,5
65738,2026-07-03,2026-07-05,2,360,5,11,58,93.73,9
65739,2026-07-20,2026-07-27,1,417,1,34,44,30.56,3
65740,2026-07-11,2026-07-15,1,127,2,29,175,385.19,7
65741,2026-07-28,2026-07-31,1,321,5,1,63,449.06,3
65742,2026-07-08,2026-07-14,1,266,18,28,186,249.53,9
65743,2026-07-07,2026-07-11,1,71,3,48,153,194.52,7
65744,2026-07-18,2026-07-19,1,288,9,15,62,276.97,1
65745,2026-07-20,2026-07-24,2,79,6,34,99,15.89,1
65746,2026-07-03,2026-07-04,3,336,4,26,158,100.51,6
65747,2026-07-19,2026-07-22,3,418,15,23,82,345.51,7
65748,2026-07-26,2026-07-28,2,4,6,15,173,106.28,5
65749,2026-07-07,2026-07-11,1,89,1,3,196,266.34,5
65750,2026-08-01,2026-08-05,3,422,20,8,105,318.66,10
65751,2026-07-17,2026-07-23,3,397,11,18,60,279.31,2
65752,2026-07-17,2026-07-19,2,199,19,1,76,88.73,3
65753,2026-07-29,2026-08-03,2,393,4,32,100,120.58,8
65754,2026-07-15,2026-07-21,2,65,1,4,190,360.46,1
65755,2026-07-05,2026-07-08,3,202,17,36,91,200.01,8
65756,2026-07-14,2026-07-21,1,220,8,23,198,123.93,5
65757,2026-08-01,2026-08-02,2,45,5,47,39,181.27,8
65758,2026-07-20,2026-07-22,3,135,10,34,51,353.44,7
65759,2026-07-03,2026-07-06,2,8,13,33,63,96.8,9
65760,2026-07-20,2026-07-22,2,189,8,6,137,226.05,7
65761,2026-07-06,2026-07-12,1,129,15,50,28,13.37,2
65762,2026-08-01,2026-08-04,3,393,6,42,192,265.38,2
65763,2026-07-28,2026-07-29,2,202,17,4,123,408.21,10
65764,2026-07-13,2026-07-20,3,111,14,25,125,342.07,4
65765,2026-07-29,2026-08-04,3,420,20,22,19,50.7,6
65766,2026-07-15,2026-07-20,1,374,8,11,31,438.97,3
65767,2026-08-01,2026-08-03,1,76,9,8,43,268.59,9
65768,2026-07-05,2026-07-08,2,353,17,16,126,454.47,6
65769,2026-07-18,2026-07-25,3,60,20,26,17,442.91,7
65770,2026-07-19,2026-07-24,1,153,12,37,137,76.22,4
65771,2026-07-09,2026-07-13,2,307,19,10,71,348.69,10
65772,2026-07-20,2026-07-23,3,230,5,50,44,190.96,9
65773,2026-07-15,2026-07-19,2,213,20,1,148,95.01,1
65774,2026-07-27,2026-07-30,2,425,15,39,3,259.69,10
65775,2026-07-30,2026-08-03,2,450,2,23,59,275.88,4
65776,2026-07-22,2026-07-23,1,409,13,16,196,390.03,6
65777,2026-07-19,2026-07-26,1,157,8,12,37,109.23,9
65778,2026-07-08,2026-07-09,2,302,7,12,60,17.17,4
65779,2026-08-01,2026-08-02,3,229,15,47,155,227.8,4
65780,2026-07-23,2026-07-26,2,151,6,26,185,130.36,2
65781,2026-07-16,2026-07-21,3,260,13,1,146,472.83,2
65782,2026-07-09,2026-07-16,1,139,4,14,176,141.04,5
65783,2026-07-30,2026-08-06,1,116,17,4,139,49.27,4
65784,2026-07-19,2026-07-23,2,81,12,20,116,499.52,2
65785,2026-08-02,2026-08-06,1,259,19,34,192,140.27,2
65786,2026-07-04,2026-07-08,3,216,6,47,57,265.09,5
65787,2026-07-13,2026-07-14,2,218,20,25,107,391.49,2
65788,2026-07-29,2026-08-03,3,352,17,41,57,484.25,2
65789,2026-07-13,2026-07-16,1,426,17,11,114,283.7,9
65790,2026-07-27,2026-08-02,1,103,1,4,146,202.28,6
65791,2026-07-22,2026-07-26,3,342,16,21,27,214.35,6
65792,2026-07-21,2026-07-23,3,5,17,36,42,141.1,2
65793,2026-07-04,2026-07-08,1,292,9,32,95,90.79,3
65794,2026-07-10,2026-07-11,3,412,20,42,19,391.76,7
65795,2026-07-27,2026-07-28,1,323,19,46,6,279.22,1
65796,2026-07-23,2026-07-26,2,484,16,47,99,340.52,1
65797,2026-07-26,2026-07-28,2,109,18,13,168,388.89,10
65798,2026-07-24,2026-07-29,3,438,11,49,47,354.55,7
65799,2026-07-19,2026-07-26,1,246,3,28,190,169.27,2
65800,2026-07-30,2026-08-05,1,9,17,27,21,77.88,9
65801,2026-07-08,2026-07-11,3,411,14,44,142,270.78,2
65802,2026-08-01,2026-08-05,3,128,14,21,172,178.69,10
65803,2026-07-08,2026-07-13,1,379,10,28,173,88.41,6
65804,2026-07-18,2026-07-19,2,89,20,31,82,262.4,7
65805,2026-08-02,2026-08-06,1,26,7,31,7,265.01,9
65806,2026-07-29,2026-07-30,2,269,11,7,9,158.14,4
65807,2026-07-20,2026-07-26,1,273,10,36,188,218.6,7
65808,2026-07-15,2026-07-20,2,330,1,44,29,281.02,5
65809,2026-07-13,2026-07-16,2,494,9,43,129,29.27,8
65810,2026-07-23,2026-07-24,1,211,12,38,76,90.68,1
65811,2026-07-09,2026-07-12,2,271,17,35,95,169.16,6
65812,2026-07-27,2026-07-29,3,377,2,48,39,22.59,10
65813,2026-07-17,2026-07-20,1,264,6,33,17,399.48,1
65814,2026-07-23,2026-07-27,2,497,7,40,83,172.0,9
65815,2026-07-19,2026-07-26,1,318,8,35,27,91.48,5
65816,2026-07-14,2026-07-15,3,83,14,1,123,43.14,1
65817,2026-07-28,2026-08-04,2,425,8,43,199,369.02,2
65818,2026-07-21,2026-07-24,1,181,13,27,7,136.07,3
65819,2026-07-07,2026-07-08,1,159,6,43,125,76.01,8
65820,2026-07-24,2026-07-27,1,285,5,10,94,288.07,3
65821,2026-07-31,2026-08-05,1,459,11,39,112,264.25,9
65822,2026-07-25,2026-07-28,1,373,15,32,113,154.5,2
65823,2026-07-17,2026-07-22,1,390,4,10,82,233.63,7
65824,2026-08-02,2026-08-04,1,11,10,18,30,313.42,1
65825,2026-07-23,2026-07-27,3,422,17,26,128,463.93,5
65826,2026-07-10,2026-07-14,1,148,15,45,38,41.04,7
65827,2026-07-27,2026-08-02,3,436,4,31,34,400.51,3
65828,2026-07-08,2026-07-14,2,401,19,14,84,178.63,6
65829,2026-07-13,2026-07-14,1,373,10,5,7,286.26,3
65830,2026-07-25,2026-07-28,1,52,8,50,111,36.08,4
65831,2026-07-30,2026-08-03,3,326,15,33,19,313.91,2
65832,2026-07-07,2026-07-08,2,362,6,10,158,490.51,3
65833,2026-07-22,2026-07-27,2,323,16,2,199,444.8,1
65834,2026-08-02,2026-08-04,2,328,1,13,116,369.07,5
65835,2026-07-04,2026-07-05,2,193,5,1,124,393.98,3
65836,2026-07-04,2026-07-09,2,269,13,37,142,458.19,8
65837,2026-07-20,2026-07-22,3,386,9,21,103,108.96,8
65838,2026-07-28,2026-08-03,3,188,17,40,72,142.8,6
65839,2026-07-26,2026-07-27,1,430,16,9,132,48.57,8
65840,2026-07-11,2026-07-17,2,413,16,10,92,446.05,6
65841,2026-07-24,2026-07-31,3,158,7,8,128,469.95,2
65842,2026-07-10,2026-07-16,3,34,4,17,188,99.68,10
65843,2026-07-07,2026-07-08,2,474,5,18,198,121.62,7
65844,2026-07-29,2026-08-04,1,60,4,14,164,143.01,6
65845,2026-07-10,2026-07-16,1,439,17,33,66,94.54,3
65846,2026-07-25,2026-07-26,2,228,19,14,170,318.49,3
65847,2026-07-16,2026-07-18,1,112,20,15,164,471.77,8
65848,2026-07-17,2026-07-21,2,471,2,12,46,401.68,7
65849,2026-08-01,2026-08-03,2,246,9,48,32,150.38,5
65850,2026-07-03,2026-07-08,3,46,1,21,115,210.16,8
65851,2026-07-20,2026-07-22,3,37,20,2,104,432.58,8
65852,2026-07-17,2026-07-21,2,88,17,3,168,232.96,8
65853,2026-07-15,2026-07-21,2,133,6,21,42,53.77,4
65854,2026-07-31,2026-08-04,2,134,2,3,184,349.72,9
65855,2026-07-21,2026-07-23,2,143,11,38,186,462.46,9
65856,2026-07-06,2026-07-10,2,107,16,48,27,7.66,7
65857,2026-07-09,2026-07-10,1,119,3,25,196,117.46,8
65858,2026-07-25,2026-07-28,1,415,13,44,112,214.03,10
65859,2026-07-12,2026-07-19,1,64,13,9,151,76.04,2
65860,2026-07-04,2026-07-09,2,415,11,19,176,220.42,2
65861,2026-08-01,2026-08-02,3,481,13,25,6,60.72,5
65862,2026-07-14,2026-07-17,2,347,20,20,91,308.67,5
65863,2026-07-08,2026-07-13,2,226,2,17,23,145.46,6
65864,2026-07-10,2026-07-12,1,38,3,45,86,233.17,5
65865,2026-07-15,2026-07-18,2,497,8,22,82,393.14,1
65866,2026-07-29,2026-08-01,2,326,13,36,44,416.24,10
65867,2026-07-11,2026-07-18,1,446,20,48,166,73.31,6
65868,2026-07-04,2026-07-09,1,465,2,31,161,308.98,2
65869,2026-07-28,2026-08-02,2,277,8,46,80,50.74,10
65870,2026-07-12,2026-07-16,3,373,20,33,195,289.56,10
65871,2026-07-05,2026-07-06,1,334,17,25,172,332.53,7
65872,2026-07-15,2026-07-17,3,26,2,48,155,320.22,7
65873,2026-07-16,2026-07-18,1,380,8,16,41,108.18,2
65874,2026-07-13,2026-07-14,2,206,9,8,157,495.23,8
65875,2026-07-22,2026-07-29,1,434,16,31,139,447.68,7
65876,2026-07-28,2026-07-31,1,439,5,49,4,432.92,6
65877,2026-07-03,2026-07-09,1,182,10,2,51,284.25,7
65878,2026-07-05,2026-07-08,3,57,12,29,57,228.85,9
65879,2026-07-17,2026-07-18,3,149,9,19,161,237.21,9
65880,2026-07-31,2026-08-06,1,299,5,42,119,195.8,1
65881,2026-07-18,2026-07-25,3,488,7,18,25,487.24,10
65882,2026-07-18,2026-07-19,1,355,2,18,118,342.66,4
65883,2026-07-04,2026-07-10,3,137,2,45,65,46.83,7
65884,2026-07-26,2026-07-30,3,368,16,4,94,82.84,8
65885,2026-07-08,2026-07-12,3,498,12,25,141,36.18,6
65886,2026-07-08,2026-07-10,1,499,8,37,167,388.22,9
65887,2026-07-08,2026-07-10,3,403,13,4,141,237.08,9
65888,2026-07-07,2026-07-10,2,138,10,2,42,381.2,1
65889,2026-07-15,2026-07-17,1,368,3,14,147,357.9,2
65890,2026-07-15,2026-07-21,1,339,20,31,93,410.52,10
65891,2026-08-02,2026-08-03,3,94,16,18,14,281.88,10
65892,2026-07-12,2026-07-15,3,419,8,50,37,222.41,3
65893,2026-07-23,2026-07-29,2,371,2,9,46,274.1,6
65894,2026-07-23,2026-07-27,1,166,10,18,133,361.22,5
65895,2026-07-07,2026-07-10,2,410,20,18,185,149.67,8
65896,2026-07-28,2026-08-04,1,217,6,13,181,117.79,5
65897,2026-07-09,2026-07-11,1,34,11,41,87,296.39,1
65898,2026-07-18,2026-07-19,2,366,17,42,122,365.52,8
65899,2026-07-31,2026-08-06,3,96,11,31,108,315.36,1
65900,2026-07-25,2026-07-30,2,409,1,25,91,437.81,3
65901,2026-07-07,2026-07-13,2,156,20,38,141,12.61,7
65902,2026-07-10,2026-07-17,3,343,2,3,58,73.25,3
65903,2026-07-20,2026-07-26,1,177,19,8,183,208.86,10
65904,2026-07-13,2026-07-18,1,31,10,35,192,413.97,5
65905,2026-07-16,2026-07-22,2,66,16,42,83,159.62,5
65906,2026-07-27,2026-08-03,1,336,11,22,183,11.35,8
65907,2026-07-12,2026-07-19,1,145,13,40,3,455.97,8
65908,2026-07-05,2026-07-10,1,292,14,4,186,6.57,6
65909,2026-07-27,2026-08-03,3,76,5,15,10,55.49,1
65910,2026-07-05,2026-07-08,1,71,10,19,73,367.69,9
65911,2026-07-31,2026-08-05,3,374,2,12,19,411.84,6
65912,2026-07-17,2026-07-21,1,422,6,5,46,243.76,8
65913,2026-08-01,2026-08-03,2,389,11,46,179,14.1,1
65914,2026-08-01,2026-08-03,2,377,15,47,5,489.36,1
65915,2026-07-07,2026-07-08,2,138,15,3,115,296.11,3
65916,2026-07-19,2026-07-22,3,436,9,13,103,313.19,2
65917,2026-07-13,2026-07-14,1,330,19,38,119,469.14,2
65918,2026-07-12,2026-07-14,2,71,13,46,80,58.99,3
65919,2026-07-17,2026-07-22,2,268,12,37,79,144.32,10
65920,2026-07-18,2026-07-25,1,237,8,38,103,140.94,9
65921,2026-07-13,2026-07-17,1,251,10,34,86,306.7,10
65922,2026-07-12,2026-07-17,2,392,17,7,192,438.22,6
65923,2026-07-17,2026-07-21,3,415,2,30,193,420.63,4
65924,2026-07-05,2026-07-09,3,55,20,10,38,402.02,7
65925,2026-07-24,2026-07-29,3,176,6,31,103,497.46,6
65926,2026-08-01,2026-08-07,2,493,13,17,14,27.17,3
65927,2026-07-08,2026-07-11,3,139,12,9,177,424.96,4
65928,2026-07-06,2026-07-10,3,420,15,32,151,50.72,8
65929,2026-07-13,2026-07-18,3,138,11,26,35,210.07,7
65930,2026-07-10,2026-07-16,3,176,8,33,24,126.48,2
65931,2026-07-05,2026-07-12,3,103,11,43,193,195.42,6
65932,2026-07-08,2026-07-10,2,405,17,10,100,326.48,2
65933,2026-07-26,2026-07-30,2,333,14,3,167,249.21,5
65934,2026-07-23,2026-07-30,3,3,7,39,97,154.07,10
65935,2026-07-17,2026-07-21,2,404,6,39,50,81.2,2
65936,2026-07-05,2026-07-07,1,484,3,3,84,301.45,10
65937,2026-07-12,2026-07-13,1,296,20,42,115,448.98,1
65938,2026-07-08,2026-07-14,1,305,13,21,184,196.74,3
65939,2026-08-02,2026-08-08,3,406,12,1,80,271.87,9
65940,2026-07-19,2026-07-23,1,390,14,36,114,175.3,9
65941,2026-07-12,2026-07-19,1,458,7,49,22,9.99,5
65942,2026-07-05,2026-07-12,2,425,8,7,83,174.62,10
65943,2026-07-12,2026-07-16,3,406,4,46,34,124.66,9
65944,2026-07-21,2026-07-26,1,295,12,43,158,113.75,6
65945,2026-07-20,2026-07-22,1,466,2,47,45,451.04,4
65946,2026-07-07,2026-07-08,3,205,1,2,161,100.32,10
65947,2026-07-20,2026-07-22,3,309,14,30,29,208.0,7
65948,2026-07-10,2026-07-11,3,452,1,45,11,494.45,8
65949,2026-07-13,2026-07-19,3,218,15,24,71,200.94,9
65950,2026-07-24,2026-07-26,2,461,3,8,148,306.68,5
65951,2026-07-09,2026-07-10,3,500,3,16,194,147.04,10
65952,2026-07-18,2026-07-24,1,127,5,24,150,487.59,6
65953,2026-07-06,2026-07-11,1,21,11,15,29,469.08,1
65954,2026-07-28,2026-07-29,1,85,16,28,191,298.81,9
65955,2026-07-09,2026-07-15,2,85,7,46,95,59.86,1
65956,2026-07-07,2026-07-12,2,449,4,44,26,350.97,3
65957,2026-07-20,2026-07-23,3,50,12,20,125,363.38,7
65958,2026-07-13,2026-07-16,1,219,16,36,175,39.92,4
65959,2026-07-10,2026-07-14,2,220,13,45,109,414.42,10
65960,2026-07-19,2026-07-20,3,494,17,37,50,415.46,4
65961,2026-07-07,2026-07-08,2,280,20,28,39,410.09,8
65962,2026-07-17,2026-07-21,1,214,2,45,78,254.22,5
65963,2026-07-14,2026-07-18,1,366,12,22,194,111.59,2
65964,2026-07-12,2026-07-15,3,435,12,14,62,415.76,1
65965,2026-07-23,2026-07-24,2,371,13,24,122,173.75,5
65966,2026-07-22,2026-07-25,1,87,1,4,62,69.54,1
65967,2026-07-22,2026-07-24,1,247,14,18,147,123.83,2
65968,2026-08-01,2026-08-06,3,119,11,9,17,314.0,6
65969,2026-07-17,2026-07-23,2,206,16,46,56,84.31,8
65970,2026-07-21,2026-07-24,1,240,7,39,54,366.45,7
65971,2026-07-31,2026-08-01,1,464,20,11,37,316.5,8
65972,2026-07-19,2026-07-24,1,353,20,35,141,8.67,2
65973,2026-07-14,2026-07-21,2,340,12,9,90,428.79,8
65974,2026-07-23,2026-07-30,2,78,6,28,76,337.49,1
65975,2026-07-25,2026-07-30,1,436,10,48,75,318.41,7
65976,2026-07-27,2026-07-28,1,299,2,31,156,34.19,6
65977,2026-07-15,2026-07-16,1,362,7,47,40,219.63,4
65978,2026-07-12,2026-07-17,1,79,9,15,166,189.05,8
65979,2026-07-08,2026-07-15,3,362,13,46,60,184.23,3
65980,2026-08-02,2026-08-05,3,221,16,29,130,458.79,3
65981,2026-08-01,2026-08-05,2,99,1,9,77,122.93,3
65982,2026-08-01,2026-08-02,3,29,13,10,9,156.25,5
65983,2026-07-18,2026-07-19,2,31,4,45,87,192.25,9
65984,2026-07-04,2026-07-06,1,238,1,42,148,372.83,4
65985,2026-07-30,2026-08-04,2,326,4,24,159,370.03,3
65986,2026-07-30,2026-08-04,2,117,6,33,7,395.57,3
65987,2026-07-30,2026-08-06,1,88,15,40,3,232.54,7
65988,2026-07-04,2026-07-07,2,249,11,42,112,414.29,4
65989,2026-07-07,2026-07-09,1,500,14,47,134,319.88,3
65990,2026-07-07,2026-07-10,3,340,11,35,67,8.26,7
65991,2026-07-08,2026-07-13,1,251,3,14,175,407.15,9
65992,2026-08-01,2026-08-06,3,121,10,23,159,214.54,7
65993,2026-07-23,2026-07-25,1,368,12,16,93,100.15,4
65994,2026-07-11,2026-07-13,2,65,18,10,196,403.74,4
65995,2026-07-13,2026-07-20,1,387,9,44,185,354.98,3
65996,2026-07-09,2026-07-16,1,178,1,37,10,261.02,7
65997,2026-07-04,2026-07-11,2,463,6,40,53,34.79,10
65998,2026-07-13,2026-07-19,2,309,10,6,153,185.76,1
65999,2026-07-16,2026-07-21,1,295,6,27,171,258.67,7
66000,2026-07-16,2026-07-19,1,224,8,36,5,126.67,5
66001,2026-07-03,2026-07-09,1,222,11,48,83,405.07,9
66002,2026-07-28,2026-07-30,1,374,8,17,76,336.39,10
66003,2026-07-12,2026-07-13,2,42,8,14,55,330.57,2
66004,2026-07-25,2026-07-29,3,482,1,11,9,337.72,3
66005,2026-07-28,2026-08-03,2,103,8,4,75,247.56,2
66006,2026-07-10,2026-07-14,3,380,7,27,53,36.64,9
66007,2026-07-18,2026-07-20,1,425,3,7,192,454.56,4
66008,2026-08-02,2026-08-05,2,9,11,37,99,90.94,7
66009,2026-07-31,2026-08-06,2,276,10,35,46,331.83,7
66010,2026-07-06,2026-07-09,2,260,16,3,115,76.67,8
66011,2026-07-08,2026-07-14,1,320,12,12,190,489.15,2
66012,2026-07-04,2026-07-09,2,449,12,20,62,389.48,5
66013,2026-07-17,2026-07-24,2,41,18,36,70,186.13,6
66014,2026-07-05,2026-07-11,3,180,2,11,69,40.4,6
66015,2026-07-05,2026-07-06,1,94,2,34,75,275.85,2
66016,2026-07-19,2026-07-23,3,407,19,10,174,429.69,9
66017,2026-07-16,2026-07-17,1,375,13,16,64,46.39,6
66018,2026-07-07,2026-07-12,1,316,6,21,197,483.06,8
66019,2026-07-20,2026-07-21,2,320,15,38,171,169.58,7
66020,2026-08-02,2026-08-07,2,121,11,49,156,431.51,7
66021,2026-07-10,2026-07-14,3,478,17,46,45,400.43,4
66022,2026-07-12,2026-07-19,3,51,16,11,143,444.32,8
66023,2026-07-26,2026-07-30,3,112,20,17,114,121.25,9
66024,2026-07-23,2026-07-25,1,41,14,33,197,130.78,2
66025,2026-07-25,2026-07-31,3,235,8,16,157,103.75,3
66026,2026-07-05,2026-07-11,1,228,3,14,155,319.4,2
66027,2026-07-15,2026-07-21,3,306,18,36,116,339.72,3
66028,2026-07-31,2026-08-01,2,433,5,18,175,401.12,4
66029,2026-07-18,2026-07-22,3,71,3,35,9,498.01,1
66030,2026-07-09,2026-07-10,2,411,16,44,75,293.14,3
66031,2026-07-14,2026-07-20,3,258,6,7,88,340.67,9
66032,2026-07-23,2026-07-27,1,217,13,46,100,230.52,3
66033,2026-07-03,2026-07-05,2,289,7,47,12,180.34,8
66034,2026-07-08,2026-07-09,1,37,20,33,54,95.88,9
66035,2026-07-08,2026-07-15,2,10,9,45,46,7.0,6
66036,2026-07-25,2026-07-29,3,269,3,44,67,345.83,8
66037,2026-07-08,2026-07-09,1,120,3,29,96,351.96,3
66038,2026-07-23,2026-07-24,1,414,11,18,103,48.37,8
66039,2026-07-25,2026-07-31,1,183,18,12,36,132.08,5
66040,2026-07-21,2026-07-26,2,222,15,24,171,186.05,10
66041,2026-07-15,2026-07-20,3,450,1,38,99,198.09,6
66042,2026-07-10,2026-07-13,2,368,3,45,71,364.55,7
66043,2026-07-03,2026-07-09,2,92,9,25,2,327.5,10
66044,2026-07-15,2026-07-21,3,203,4,36,49,196.63,1
66045,2026-07-21,2026-07-27,1,19,3,11,128,244.18,4
66046,2026-07-13,2026-07-18,1,415,19,3,168,226.88,7
66047,2026-07-27,2026-07-30,1,24,14,31,192,64.31,4
66048,2026-07-07,2026-07-14,3,55,14,26,37,473.18,8
66049,2026-07-21,2026-07-22,1,446,15,10,50,229.36,5
66050,2026-07-22,2026-07-27,3,264,3,25,103,221.11,5
66051,2026-07-23,2026-07-29,1,130,10,24,176,204.13,7
66052,2026-07-11,2026-07-14,3,112,12,23,70,353.18,9
66053,2026-08-01,2026-08-03,3,282,12,42,98,361.33,5
66054,2026-07-05,2026-07-10,1,161,12,15,77,57.22,3
66055,2026-07-24,2026-07-30,2,19,7,3,10,8.97,10
66056,2026-07-11,2026-07-16,1,316,14,48,18,324.16,9
66057,2026-07-21,2026-07-25,3,299,3,7,11,427.06,9
66058,2026-07-11,2026-07-17,1,472,12,50,165,42.32,5
66059,2026-07-12,2026-07-18,2,14,2,21,135,261.23,5
66060,2026-07-26,2026-08-02,1,465,19,12,156,474.95,8
66061,2026-07-07,2026-07-10,2,94,17,31,8,128.89,7
66062,2026-07-12,2026-07-17,2,344,3,14,23,424.41,6
66063,2026-07-11,2026-07-18,2,354,20,44,147,220.76,7
66064,2026-07-20,2026-07-21,3,176,20,29,95,419.14,3
66065,2026-07-27,2026-08-03,2,85,20,28,194,48.66,2
66066,2026-07-13,2026-07-20,3,246,13,48,173,343.55,2
66067,2026-07-12,2026-07-16,1,110,3,50,65,12.44,6
66068,2026-07-05,2026-07-06,2,108,3,10,9,248.16,9
66069,2026-07-23,2026-07-26,3,343,20,48,58,414.48,10
66070,2026-07-30,2026-08-06,1,481,6,11,55,458.16,10
66071,2026-07-28,2026-08-02,2,232,11,29,148,142.57,2
66072,2026-07-03,2026-07-09,2,413,11,13,1,481.77,8
66073,2026-07-27,2026-08-01,1,323,9,9,22,429.28,8
66074,2026-07-17,2026-07-18,1,145,13,30,85,433.92,9
66075,2026-07-07,2026-07-08,1,137,16,25,197,352.83,6
66076,2026-07-16,2026-07-23,3,104,11,31,82,297.35,6
66077,2026-07-16,2026-07-18,2,54,8,4,176,438.83,9
66078,2026-07-12,2026-07-14,3,91,8,22,145,436.81,10
66079,2026-07-04,2026-07-05,2,150,5,22,94,466.36,3
66080,2026-07-23,2026-07-28,1,355,12,42,38,160.31,6
66081,2026-07-13,2026-07-14,2,406,15,40,4,30.3,6
66082,2026-07-19,2026-07-25,1,223,14,34,151,192.05,9
66083,2026-07-04,2026-07-11,2,252,8,24,2,385.7,7
66084,2026-07-13,2026-07-14,3,334,17,41,11,266.14,7
66085,2026-07-12,2026-07-16,3,373,3,25,16,289.26,9
66086,2026-07-14,2026-07-19,2,209,8,48,123,485.05,6
66087,2026-08-01,2026-08-08,1,212,15,50,170,358.85,6
66088,2026-07-10,2026-07-13,1,58,16,22,38,28.3,10
66089,2026-07-05,2026-07-07,1,200,11,11,77,239.42,3
66090,2026-07-11,2026-07-12,2,74,10,47,163,134.56,10
66091,2026-07-12,2026-07-14,3,364,12,20,58,288.67,5
66092,2026-07-30,2026-08-05,1,270,12,14,105,268.15,8
66093,2026-07-20,2026-07-24,3,370,10,28,174,34.46,9
66094,2026-07-12,2026-07-17,2,18,9,37,129,5.94,3
66095,2026-07-03,2026-07-07,3,368,20,34,45,272.21,8
66096,2026-07-19,2026-07-25,3,303,1,7,5,416.8,1
66097,2026-07-25,2026-07-30,1,97,1,23,182,477.86,8
66098,2026-07-30,2026-08-01,3,100,8,15,9,484.76,4
66099,2026-07-04,2026-07-06,3,80,3,15,112,106.73,5
66100,2026-08-02,2026-08-04,3,274,17,13,82,445.63,6
66101,2026-07-11,2026-07-12,3,65,2,4,74,25.67,3
66102,2026-07-25,2026-07-27,3,102,7,12,36,146.85,7
66103,2026-07-10,2026-07-12,2,357,8,3,50,418.82,3
66104,2026-07-19,2026-07-20,1,436,7,48,61,272.8,10
66105,2026-07-19,2026-07-24,1,318,1,25,194,293.81,10
66106,2026-08-02,2026-08-07,2,478,2,39,56,355.94,6
66107,2026-07-08,2026-07-13,2,185,20,36,55,99.89,3
66108,2026-07-13,2026-07-14,2,109,14,14,23,73.51,1
66109,2026-07-09,2026-07-16,3,440,19,26,7,482.0,2
66110,2026-07-08,2026-07-13,3,473,18,24,26,51.45,7
66111,2026-07-04,2026-07-06,1,422,5,20,86,370.01,8
66112,2026-07-17,2026-07-24,2,48,20,47,47,381.94,3
66113,2026-07-25,2026-07-29,1,201,15,31,37,415.07,3
66114,2026-07-26,2026-07-31,2,429,19,8,77,466.41,8
66115,2026-08-01,2026-08-06,3,303,14,19,18,243.24,3
66116,2026-07-26,2026-07-31,1,288,7,6,189,34.18,7
66117,2026-08-02,2026-08-04,3,439,20,18,100,132.75,8
66118,2026-07-22,2026-07-24,3,308,8,34,197,331.1,6
66119,2026-07-16,2026-07-20,1,302,19,6,14,108.0,1
66120,2026-07-20,2026-07-21,2,482,5,48,192,261.82,7
66121,2026-07-07,2026-07-13,2,38,5,35,185,463.99,8
66122,2026-07-20,2026-07-24,1,133,12,21,18,461.42,5
66123,2026-07-18,2026-07-25,2,469,1,8,184,337.48,4
66124,2026-07-10,2026-07-17,3,222,13,43,79,458.82,5
66125,2026-07-11,2026-07-17,3,423,4,48,7,181.45,10
66126,2026-08-01,2026-08-04,2,77,17,1,103,213.57,2
66127,2026-07-26,2026-08-02,1,122,19,21,132,423.17,7
66128,2026-07-15,2026-07-21,2,133,7,20,184,76.41,2
66129,2026-07-31,2026-08-04,3,135,9,45,89,431.64,6
66130,2026-07-10,2026-07-15,2,432,6,31,191,300.69,6
66131,2026-07-03,2026-07-09,3,101,7,2,98,240.46,10
66132,2026-07-26,2026-07-28,2,139,1,49,182,367.76,7
66133,2026-07-17,2026-07-24,2,144,19,18,48,495.52,6
66134,2026-07-06,2026-07-11,2,428,14,10,3,421.86,8
66135,2026-07-09,2026-07-13,3,394,2,41,179,80.87,5
66136,2026-07-18,2026-07-23,1,239,20,8,200,281.51,6
66137,2026-07-26,2026-07-31,2,216,13,30,156,339.34,5
66138,2026-07-28,2026-07-31,1,276,14,35,2,390.76,4
66139,2026-07-18,2026-07-23,3,222,1,39,169,380.34,3
66140,2026-07-16,2026-07-17,1,430,7,39,118,474.74,9
66141,2026-07-23,2026-07-27,1,382,11,37,64,119.89,2
66142,2026-07-20,2026-07-27,1,144,13,33,80,205.97,4
66143,2026-07-06,2026-07-10,3,90,16,23,20,480.28,4
66144,2026-07-06,2026-07-08,2,285,7,18,75,10.47,9
66145,2026-07-26,2026-07-27,2,330,19,39,124,60.39,5
66146,2026-07-06,2026-07-07,3,119,16,22,33,476.79,5
66147,2026-07-15,2026-07-22,1,443,16,11,155,87.63,10
66148,2026-07-08,2026-07-09,3,150,15,26,126,94.47,6
66149,2026-07-23,2026-07-29,1,31,2,24,114,93.1,9
66150,2026-07-23,2026-07-30,2,26,5,18,159,432.13,2
66151,2026-07-17,2026-07-20,2,97,14,4,99,377.73,8
66152,2026-07-17,2026-07-20,3,63,10,22,61,222.47,8
66153,2026-07-26,2026-07-27,1,349,16,18,95,425.64,8
66154,2026-07-15,2026-07-19,3,55,12,25,150,345.49,6
66155,2026-07-11,2026-07-18,3,35,19,33,23,398.92,1
66156,2026-07-05,2026-07-11,2,467,18,32,19,380.45,7
66157,2026-07-12,2026-07-16,2,50,6,26,194,486.53,2
66158,2026-07-17,2026-07-22,2,297,17,48,171,441.71,2
66159,2026-08-01,2026-08-06,1,473,20,18,181,403.63,10
66160,2026-07-26,2026-07-28,3,5,7,45,30,274.89,9
66161,2026-07-03,2026-07-04,2,340,4,30,92,45.08,7
66162,2026-07-29,2026-08-05,2,73,14,47,101,102.09,5
66163,2026-07-11,2026-07-13,2,305,15,40,127,145.86,9
66164,2026-07-09,2026-07-14,1,172,3,1,66,141.76,9
66165,2026-07-18,2026-07-22,2,256,9,1,166,132.87,5
66166,2026-07-25,2026-07-28,3,309,19,17,110,381.07,8
66167,2026-07-13,2026-07-14,1,478,15,14,16,163.41,9
66168,2026-07-21,2026-07-25,2,283,11,6,145,103.85,4
66169,2026-07-30,2026-08-05,2,415,3,43,4,421.66,5
66170,2026-07-23,2026-07-25,1,355,6,41,139,299.07,4
66171,2026-07-27,2026-08-02,2,438,8,49,72,142.81,8
66172,2026-07-23,2026-07-26,2,62,7,23,49,456.97,8
66173,2026-07-03,2026-07-10,2,152,8,32,76,301.67,8
66174,2026-07-25,2026-07-30,3,434,20,31,12,182.59,8
66175,2026-07-13,2026-07-18,3,241,14,50,93,359.87,1
66176,2026-07-29,2026-07-30,1,353,3,24,59,187.09,2
66177,2026-07-26,2026-07-28,1,411,12,13,82,77.83,6
66178,2026-07-05,2026-07-11,2,30,6,47,193,80.85,2
66179,2026-07-19,2026-07-26,2,360,4,31,115,176.47,8
66180,2026-07-17,2026-07-20,3,488,16,7,147,51.29,2
66181,2026-07-16,2026-07-17,1,231,9,38,198,119.16,9
66182,2026-07-24,2026-07-28,3,219,8,16,21,86.73,5
66183,2026-07-12,2026-07-19,3,224,1,41,137,114.53,5
66184,2026-07-08,2026-07-13,3,453,17,8,8,245.84,2
66185,2026-07-26,2026-07-30,2,72,20,44,198,177.97,4
66186,2026-07-21,2026-07-23,2,198,9,12,115,303.63,6
66187,2026-07-03,2026-07-10,2,393,14,5,29,488.25,1
66188,2026-07-11,2026-07-18,1,215,13,3,126,226.41,10
66189,2026-07-12,2026-07-13,2,476,14,17,90,470.03,5
66190,2026-07-26,2026-08-01,2,131,7,13,96,450.63,7
66191,2026-07-15,2026-07-19,2,217,4,13,34,116.0,3
66192,2026-07-03,2026-07-08,2,273,16,45,43,461.79,9
66193,2026-07-15,2026-07-22,1,387,3,19,110,487.62,10
66194,2026-07-31,2026-08-04,2,278,5,16,37,342.15,6
66195,2026-07-24,2026-07-30,3,72,3,20,161,61.69,2
66196,2026-07-24,2026-07-27,2,370,17,32,197,212.93,8
66197,2026-07-05,2026-07-11,2,72,8,23,80,247.72,5
66198,2026-07-04,2026-07-06,2,231,15,11,137,226.06,8
66199,2026-07-14,2026-07-20,3,215,15,44,193,169.56,1
66200,2026-07-15,2026-07-16,3,445,6,11,134,255.78,1
66201,2026-07-05,2026-07-08,2,429,11,6,114,407.4,1
66202,2026-07-08,2026-07-10,1,405,17,33,193,390.77,2
66203,2026-08-01,2026-08-06,2,92,13,22,191,477.59,9
66204,2026-08-01,2026-08-04,3,418,4,13,177,414.42,5
66205,2026-07-29,2026-08-04,2,232,7,30,166,364.5,2
66206,2026-07-25,2026-08-01,2,420,8,36,37,246.52,4
66207,2026-07-30,2026-07-31,1,403,17,44,114,392.07,10
66208,2026-07-17,2026-07-22,3,266,8,31,107,360.01,3
66209,2026-07-04,2026-07-06,1,204,6,48,42,296.72,8
66210,2026-07-18,2026-07-20,2,255,8,28,172,212.9,5
66211,2026-07-11,2026-07-16,1,441,9,47,167,26.49,7
66212,2026-07-09,2026-07-16,1,199,11,8,63,422.63,2
66213,2026-07-27,2026-08-02,1,364,10,37,191,185.54,7
66214,2026-07-13,2026-07-18,3,104,14,39,121,179.8,8
66215,2026-07-05,2026-07-08,3,456,9,43,81,115.72,7
66216,2026-07-21,2026-07-26,3,195,4,46,167,156.33,5
66217,2026-07-08,2026-07-13,1,258,7,1,159,266.88,6
66218,2026-07-12,2026-07-13,1,238,13,31,169,252.88,1
66219,2026-07-09,2026-07-16,2,188,6,44,88,110.26,2
66220,2026-07-04,2026-07-05,1,310,1,45,62,297.57,8
66221,2026-07-07,2026-07-13,1,82,19,40,127,353.82,9
66222,2026-07-26,2026-07-31,3,389,9,36,141,447.9,3
66223,2026-07-17,2026-07-20,2,235,12,28,73,289.63,8
66224,2026-07-12,2026-07-19,2,54,8,14,2,263.61,7
66225,2026-07-13,2026-07-14,1,176,16,28,130,226.17,10
66226,2026-08-02,2026-08-07,1,256,13,22,4,434.1,5
66227,2026-07-26,2026-07-28,2,124,19,12,138,364.9,8
66228,2026-07-19,2026-07-26,1,44,3,33,69,209.09,1
66229,2026-07-26,2026-07-30,1,472,16,32,126,105.84,1
66230,2026-07-14,2026-07-15,3,12,7,38,105,455.45,3
66231,2026-07-15,2026-07-20,2,472,4,28,36,43.34,1
66232,2026-07-13,2026-07-16,3,154,8,38,42,287.81,8
66233,2026-07-31,2026-08-06,1,346,6,14,105,45.62,2
66234,2026-07-20,2026-07-26,1,19,6,47,127,66.01,9
66235,2026-07-20,2026-07-25,2,262,12,42,180,85.68,7
66236,2026-07-24,2026-07-26,3,19,12,29,46,342.79,1
66237,2026-07-16,2026-07-20,3,400,17,48,195,425.41,4
66238,2026-07-24,2026-07-27,2,207,18,4,94,482.58,10
66239,2026-07-22,2026-07-29,3,194,11,38,142,409.41,2
66240,2026-07-11,2026-07-17,1,143,6,26,187,194.55,1
66241,2026-07-06,2026-07-08,2,500,12,33,27,67.96,10
66242,2026-07-24,2026-07-26,2,397,12,39,83,445.65,4
66243,2026-07-31,2026-08-04,3,361,16,3,95,242.71,9
66244,2026-07-08,2026-07-09,1,250,4,33,128,433.5,9
66245,2026-07-24,2026-07-28,3,327,7,21,73,498.89,3
66246,2026-07-22,2026-07-24,3,247,16,48,166,108.72,2
66247,2026-07-09,2026-07-11,3,392,16,31,164,403.62,1
66248,2026-07-23,2026-07-28,2,40,2,38,178,51.16,10
66249,2026-07-26,2026-08-02,1,370,9,9,47,213.8,8
66250,2026-07-31,2026-08-05,1,314,2,30,92,265.12,2
66251,2026-07-11,2026-07-12,2,237,20,24,183,21.91,4
66252,2026-07-30,2026-08-01,1,316,18,13,157,213.46,5
66253,2026-07-15,2026-07-16,2,231,18,7,96,47.72,1
66254,2026-07-12,2026-07-18,3,422,19,16,9,272.79,5
66255,2026-07-29,2026-08-02,3,255,2,15,30,177.4,8
66256,2026-07-21,2026-07-26,3,301,4,34,86,320.85,6
66257,2026-07-11,2026-07-18,3,137,7,13,102,233.66,5
66258,2026-07-17,2026-07-22,2,120,18,13,176,111.47,3
66259,2026-07-15,2026-07-19,1,315,8,42,96,458.41,8
66260,2026-07-11,2026-07-17,2,425,7,47,23,97.0,3
66261,2026-07-06,2026-07-09,2,381,1,18,143,384.78,3
66262,2026-07-07,2026-07-14,1,76,9,47,3,28.04,7
66263,2026-07-29,2026-07-30,2,142,7,49,137,416.77,9
66264,2026-07-26,2026-08-01,2,412,10,16,93,79.13,2
66265,2026-07-13,2026-07-19,1,57,5,6,83,156.84,8
66266,2026-07-09,2026-07-11,1,83,3,38,117,119.62,8
66267,2026-07-23,2026-07-24,2,178,19,50,127,69.21,8
66268,2026-07-22,2026-07-24,1,207,20,9,160,196.26,4
66269,2026-07-10,2026-07-14,3,361,2,45,162,363.76,8
66270,2026-07-04,2026-07-06,3,318,18,22,169,369.15,10
66271,2026-07-14,2026-07-19,1,42,14,38,82,294.08,8
66272,2026-07-24,2026-07-27,2,465,16,35,71,26.68,6
66273,2026-07-26,2026-07-30,3,336,5,48,184,22.53,8
66274,2026-07-19,2026-07-21,1,203,16,7,128,34.02,9
66275,2026-07-08,2026-07-12,2,413,7,47,62,147.02,2
66276,2026-07-25,2026-07-31,2,179,10,50,55,315.89,1
66277,2026-07-25,2026-07-30,3,39,1,20,80,229.49,3
66278,2026-07-15,2026-07-20,3,50,19,4,84,237.78,6
66279,2026-07-15,2026-07-22,2,195,10,32,200,112.44,3
66280,2026-07-12,2026-07-15,2,264,16,7,148,407.24,4
66281,2026-07-28,2026-07-29,1,390,19,36,154,344.23,7
66282,2026-07-05,2026-07-11,2,124,15,6,183,446.56,2
66283,2026-07-03,2026-07-08,1,91,7,29,44,108.32,1
66284,2026-07-30,2026-08-03,1,112,20,1,114,393.02,8
66285,2026-07-08,2026-07-10,1,499,7,39,18,392.64,4
66286,2026-07-31,2026-08-05,3,422,20,6,189,374.42,4
66287,2026-07-16,2026-07-23,2,385,16,34,122,13.15,4
66288,2026-07-31,2026-08-06,3,224,19,44,117,30.61,7
66289,2026-07-15,2026-07-20,1,178,12,33,42,392.09,8
66290,2026-07-09,2026-07-12,2,98,20,34,66,378.82,5
66291,2026-07-28,2026-07-30,2,435,19,12,15,488.03,10
66292,2026-07-08,2026-07-15,1,66,17,31,138,225.84,4
66293,2026-07-06,2026-07-07,3,99,12,35,55,118.67,1
66294,2026-07-17,2026-07-24,1,320,14,1,151,8.57,4
66295,2026-07-03,2026-07-09,1,3,8,48,145,364.38,7
66296,2026-07-11,2026-07-12,3,397,13,9,20,335.47,8
66297,2026-07-13,2026-07-16,1,217,14,33,180,89.43,1
66298,2026-07-14,2026-07-21,3,394,19,15,61,277.65,4
66299,2026-07-28,2026-08-04,1,320,16,46,135,131.56,4
66300,2026-07-04,2026-07-09,3,469,11,26,126,189.17,5
66301,2026-07-07,2026-07-10,1,26,9,32,192,23.18,6
66302,2026-07-13,2026-07-16,3,360,20,50,65,497.37,9
66303,2026-07-05,2026-07-07,3,414,3,34,107,149.31,3
66304,2026-07-30,2026-08-01,3,403,12,19,6,101.16,4
66305,2026-07-20,2026-07-25,2,109,20,30,52,27.9,8
66306,2026-07-08,2026-07-11,3,97,14,19,96,12.88,6
66307,2026-07-24,2026-07-28,1,263,9,33,59,288.96,9
66308,2026-07-09,2026-07-14,3,289,19,31,200,185.61,2
66309,2026-07-18,2026-07-19,1,486,11,23,84,418.35,8
66310,2026-07-22,2026-07-27,2,435,12,19,103,168.25,10
66311,2026-07-24,2026-07-27,1,325,13,6,195,275.04,1
66312,2026-07-30,2026-08-06,3,396,19,5,55,87.38,6
66313,2026-07-07,2026-07-11,2,226,9,33,112,7.92,10
66314,2026-07-19,2026-07-24,2,96,20,45,84,299.72,3
66315,2026-07-05,2026-07-06,1,3,9,10,155,152.78,2
66316,2026-07-28,2026-07-29,2,83,6,17,75,278.76,6
66317,2026-07-26,2026-07-31,1,34,6,36,105,394.99,2
66318,2026-08-02,2026-08-09,1,95,14,10,18,387.7,6
66319,2026-07-20,2026-07-23,2,436,20,20,145,291.27,4
66320,2026-07-16,2026-07-20,2,125,2,26,108,338.05,6
66321,2026-07-07,2026-07-13,2,238,16,1,75,451.35,2
66322,2026-07-19,2026-07-23,2,275,1,2,38,182.84,9
66323,2026-07-25,2026-07-27,1,500,5,46,12,144.41,4
66324,2026-07-09,2026-07-11,3,5,3,46,102,48.21,9
66325,2026-07-17,2026-07-18,2,348,15,6,108,188.48,1
66326,2026-07-31,2026-08-06,1,321,4,48,55,341.64,2
66327,2026-07-25,2026-07-29,3,188,1,36,146,72.36,3
66328,2026-07-10,2026-07-14,3,481,10,27,79,247.2,2
66329,2026-07-12,2026-07-19,2,318,1,34,179,207.59,5
66330,2026-07-18,2026-07-19,1,488,4,47,3,190.49,10
66331,2026-07-09,2026-07-12,2,339,8,43,142,80.2,6
66332,2026-07-17,2026-07-22,1,206,11,31,39,181.88,5
66333,2026-07-08,2026-07-10,1,219,11,35,48,59.92,6
66334,2026-07-25,2026-07-30,1,133,11,32,197,12.57,9
66335,2026-07-21,2026-07-28,2,374,9,26,24,430.64,2
66336,2026-07-28,2026-07-31,1,496,10,10,23,208.29,2
66337,2026-07-28,2026-08-01,1,39,18,30,181,129.22,1
66338,2026-07-29,2026-08-01,3,364,9,27,134,266.81,4
66339,2026-07-17,2026-07-19,2,257,8,24,171,32.49,4
66340,2026-07-09,2026-07-11,2,240,7,17,29,188.09,5
66341,2026-07-11,2026-07-15,2,414,11,19,83,461.62,7
66342,2026-07-24,2026-07-26,3,294,16,3,16,245.5,10
66343,2026-07-07,2026-07-12,1,497,16,17,140,306.81,10
66344,2026-07-15,2026-07-22,1,75,16,25,68,80.0,1
66345,2026-07-09,2026-07-10,1,101,8,17,171,67.47,6
66346,2026-07-12,2026-07-13,2,392,8,9,107,52.89,10
66347,2026-07-18,2026-07-20,2,214,9,20,15,8.38,1
66348,2026-07-11,2026-07-14,2,104,16,33,189,277.02,3
66349,2026-07-15,2026-07-17,3,39,12,7,20,156.06,1
66350,2026-07-25,2026-07-26,3,80,13,48,26,254.23,3
66351,2026-07-23,2026-07-28,3,155,19,49,112,392.28,3
66352,2026-08-01,2026-08-04,2,351,20,20,63,161.32,1
66353,2026-07-22,2026-07-28,1,117,15,16,8,276.95,8
66354,2026-07-13,2026-07-16,3,442,6,43,196,396.52,6
66355,2026-07-19,2026-07-23,3,7,9,31,154,65.92,7
66356,2026-07-21,2026-07-28,1,358,3,39,103,375.98,4
66357,2026-08-01,2026-08-02,2,184,13,40,8,175.72,9
66358,2026-08-01,2026-08-07,3,182,17,21,8,227.62,4
66359,2026-07-29,2026-07-31,3,14,16,32,109,494.77,7
66360,2026-07-24,2026-07-31,3,456,8,41,16,424.93,7
66361,2026-07-31,2026-08-07,1,447,15,42,117,353.45,4
66362,2026-07-10,2026-07-14,3,445,5,36,154,273.61,10
66363,2026-07-18,2026-07-20,1,327,5,35,155,13.87,10
66364,2026-07-03,2026-07-06,3,28,15,8,198,204.72,3
66365,2026-07-09,2026-07-11,1,83,18,30,11,29.51,9
66366,2026-07-21,2026-07-23,3,374,4,26,65,329.52,2
66367,2026-07-07,2026-07-14,2,337,19,14,81,259.52,5
66368,2026-07-25,2026-07-29,2,222,13,15,71,166.97,6
66369,2026-07-15,2026-07-16,3,177,2,22,93,95.09,8
66370,2026-07-03,2026-07-07,1,446,15,19,27,11.58,3
66371,2026-07-17,2026-07-19,2,325,1,13,148,273.23,3
66372,2026-07-23,2026-07-29,2,132,9,30,47,242.78,2
66373,2026-07-11,2026-07-18,2,288,3,46,127,196.6,8
66374,2026-07-11,2026-07-13,1,350,11,1,79,170.04,10
66375,2026-07-05,2026-07-10,2,288,14,39,119,198.23,3
66376,2026-08-02,2026-08-09,1,114,13,49,6,460.6,4
66377,2026-07-24,2026-07-26,3,283,20,45,72,114.31,5
66378,2026-07-26,2026-07-30,3,450,11,35,159,424.38,9
66379,2026-07-17,2026-07-20,1,367,4,25,170,234.54,6
66380,2026-07-19,2026-07-21,3,493,14,34,6,73.29,3
66381,2026-07-25,2026-07-26,2,457,6,48,197,236.46,5
66382,2026-07-04,2026-07-10,1,28,6,37,95,468.12,8
66383,2026-07-19,2026-07-26,1,113,1,36,158,21.96,2
66384,2026-07-06,2026-07-09,3,365,7,15,56,124.55,9
66385,2026-07-24,2026-07-30,1,43,14,13,152,248.72,7
66386,2026-07-27,2026-07-31,2,437,20,45,104,61.16,3
66387,2026-07-17,2026-07-24,2,233,8,9,177,59.8,3
66388,2026-07-28,2026-08-04,3,343,18,23,80,316.66,8
66389,2026-07-28,2026-07-31,2,411,3,7,61,79.27,3
66390,2026-07-21,2026-07-24,2,132,6,9,164,413.11,9
66391,2026-07-10,2026-07-14,1,87,20,32,197,56.54,7
66392,2026-07-25,2026-07-30,3,395,4,18,136,498.76,7
66393,2026-07-12,2026-07-17,2,278,8,43,69,147.55,5
66394,2026-07-20,2026-07-26,1,350,11,15,155,14.85,6
66395,2026-07-07,2026-07-08,3,434,16,42,92,208.48,4
66396,2026-07-24,2026-07-28,3,118,6,7,122,190.55,5
66397,2026-07-19,2026-07-20,1,500,18,34,49,379.78,1
66398,2026-07-27,2026-07-31,2,194,13,8,42,91.26,5
66399,2026-07-14,2026-07-20,1,312,1,11,82,390.48,10
66400,2026-08-02,2026-08-05,1,368,10,9,47,235.33,4
66401,2026-07-21,2026-07-25,3,172,13,6,31,390.08,6
66402,2026-07-05,2026-07-11,2,199,9,47,46,372.94,1
66403,2026-07-30,2026-08-02,3,480,12,26,40,267.02,2
66404,2026-07-31,2026-08-06,3,134,10,33,118,485.75,2
66405,2026-07-26,2026-07-28,3,369,6,24,144,417.35,10
66406,2026-07-30,2026-08-05,1,447,15,7,105,197.8,5
66407,2026-07-19,2026-07-24,2,247,8,49,104,166.45,5
66408,2026-07-20,2026-07-26,2,257,4,31,27,343.64,8
66409,2026-07-25,2026-08-01,3,410,4,14,116,96.74,5
66410,2026-07-18,2026-07-23,1,222,20,28,95,391.75,8
66411,2026-07-16,2026-07-22,1,177,17,39,108,152.41,8
66412,2026-07-06,2026-07-12,1,399,9,5,62,105.45,4
66413,2026-07-23,2026-07-24,1,214,15,27,176,9.07,5
66414,2026-07-26,2026-07-31,3,40,6,1,159,453.42,1
66415,2026-07-25,2026-07-30,1,320,5,23,179,10.48,8
66416,2026-07-11,2026-07-14,3,147,19,24,124,114.17,6
66417,2026-07-11,2026-07-12,3,131,20,2,7,234.0,1
66418,2026-07-24,2026-07-27,2,485,8,4,85,99.36,8
66419,2026-07-09,2026-07-11,1,442,2,28,60,283.91,8
66420,2026-07-05,2026-07-12,2,495,18,10,159,273.16,6
66421,2026-07-14,2026-07-18,2,375,3,7,157,133.11,10
66422,2026-07-13,2026-07-16,1,185,19,22,128,417.93,2
66423,2026-07-29,2026-08-03,3,410,5,33,21,20.21,6
66424,2026-07-08,2026-07-10,3,310,16,5,61,34.93,2
66425,2026-08-02,2026-08-06,1,240,4,9,66,130.8,1
66426,2026-07-11,2026-07-13,1,63,18,17,9,456.56,5
66427,2026-07-10,2026-07-11,2,288,15,9,21,7.37,5
66428,2026-07-27,2026-07-29,1,73,1,26,99,146.23,4
66429,2026-08-02,2026-08-03,1,4,9,23,49,311.84,5
66430,2026-07-15,2026-07-18,3,402,7,6,146,93.8,2
66431,2026-07-22,2026-07-29,1,488,2,7,45,277.74,7
66432,2026-07-03,2026-07-08,3,131,20,37,109,337.9,3
66433,2026-07-03,2026-07-04,3,463,19,2,165,463.61,8
66434,2026-07-17,2026-07-19,1,140,19,40,134,118.79,9
66435,2026-07-21,2026-07-22,3,334,6,26,78,298.61,9
66436,2026-07-21,2026-07-24,1,435,8,49,139,142.01,8
66437,2026-07-28,2026-08-02,3,499,10,23,77,181.54,5
66438,2026-07-18,2026-07-20,3,385,3,12,100,322.84,4
66439,2026-08-01,2026-08-05,1,269,9,3,56,374.2,5
66440,2026-07-06,2026-07-12,3,469,2,38,14,28.77,10
66441,2026-07-15,2026-07-17,1,337,5,21,103,206.67,5
66442,2026-07-10,2026-07-17,1,27,11,39,141,42.25,5
66443,2026-07-29,2026-07-31,2,385,3,48,187,194.56,2
66444,2026-07-20,2026-07-26,2,263,2,34,32,488.96,8
66445,2026-07-13,2026-07-16,3,222,19,46,164,15.86,10
66446,2026-07-05,2026-07-08,2,67,14,18,146,147.5,5
66447,2026-07-21,2026-07-28,1,421,5,15,100,118.18,5
66448,2026-07-03,2026-07-05,3,228,19,7,181,469.19,10
66449,2026-07-11,2026-07-12,3,466,18,40,123,446.0,1
66450,2026-07-15,2026-07-22,2,327,7,42,105,64.52,7
66451,2026-07-12,2026-07-13,3,40,20,7,44,325.09,5
66452,2026-07-23,2026-07-27,2,433,9,16,57,180.53,9
66453,2026-07-17,2026-07-22,1,121,16,7,133,305.13,3
66454,2026-07-17,2026-07-24,2,411,10,9,180,428.48,10
66455,2026-07-23,2026-07-24,2,308,12,49,43,141.91,5
66456,2026-07-27,2026-08-01,2,434,2,46,157,103.93,4
66457,2026-07-23,2026-07-26,2,178,12,41,11,119.75,10
66458,2026-07-16,2026-07-17,3,351,5,46,151,209.59,6
66459,2026-07-18,2026-07-20,3,295,14,32,155,65.47,3
66460,2026-07-28,2026-08-04,1,253,13,49,113,339.73,4
66461,2026-07-17,2026-07-23,3,330,4,2,110,16.91,3
66462,2026-07-04,2026-07-11,1,210,2,40,135,57.11,8
66463,2026-07-30,2026-08-04,1,375,13,23,161,402.96,10
66464,2026-07-06,2026-07-09,1,376,18,38,126,399.08,9
66465,2026-07-25,2026-07-30,3,325,17,32,90,51.19,6
66466,2026-07-26,2026-08-01,2,319,2,50,22,485.75,8
66467,2026-07-24,2026-07-28,3,303,5,11,146,229.36,5
66468,2026-07-07,2026-07-10,1,477,15,31,127,105.85,1
66469,2026-07-04,2026-07-08,2,491,3,46,8,170.36,10
66470,2026-07-21,2026-07-28,2,162,8,43,192,32.2,9
66471,2026-07-31,2026-08-07,1,258,9,44,96,415.31,4
66472,2026-07-04,2026-07-09,3,303,17,44,68,401.97,8
66473,2026-07-07,2026-07-13,1,25,3,20,39,231.95,1
66474,2026-07-20,2026-07-23,1,91,3,32,34,459.53,1
66475,2026-07-05,2026-07-06,1,105,6,15,91,325.81,1
66476,2026-07-15,2026-07-17,3,211,8,1,56,445.12,1
66477,2026-07-30,2026-07-31,1,438,3,43,44,148.79,2
66478,2026-07-29,2026-07-30,1,227,3,12,152,6.7,10
66479,2026-07-09,2026-07-14,2,330,16,7,35,270.72,6
66480,2026-07-20,2026-07-21,1,256,14,18,136,342.64,3
66481,2026-07-21,2026-07-27,2,4,20,20,155,181.93,7
66482,2026-07-24,2026-07-30,1,189,4,16,136,28.33,8
66483,2026-07-29,2026-08-02,3,373,10,39,17,465.63,5
66484,2026-07-28,2026-08-01,1,442,19,32,112,381.7,6
66485,2026-07-17,2026-07-19,3,71,3,43,91,237.22,7
66486,2026-07-06,2026-07-07,1,477,14,47,40,46.6,10
66487,2026-07-27,2026-07-31,3,389,7,38,144,120.07,6
66488,2026-07-27,2026-07-28,2,101,7,31,31,482.04,1
66489,2026-07-03,2026-07-10,3,157,10,33,14,434.58,3
66490,2026-07-19,2026-07-26,3,458,11,22,124,95.3,7
66491,2026-07-19,2026-07-26,3,209,2,37,130,256.92,3
66492,2026-07-07,2026-07-12,2,479,19,5,10,312.11,6
66493,2026-07-30,2026-08-03,3,12,10,4,53,312.37,3
66494,2026-07-11,2026-07-14,1,202,16,43,94,248.89,8
66495,2026-07-23,2026-07-29,2,308,4,15,144,251.36,5
66496,2026-07-05,2026-07-06,2,435,17,38,7,191.58,4
66497,2026-07-22,2026-07-24,3,274,17,3,13,250.5,6
66498,2026-07-31,2026-08-04,1,189,14,8,60,112.98,8
66499,2026-07-12,2026-07-18,2,117,19,10,25,400.6,6
66500,2026-07-10,2026-07-13,2,352,19,14,103,356.16,4
66501,2026-07-27,2026-08-01,2,177,2,41,8,130.4,4
66502,2026-07-08,2026-07-09,1,415,10,3,38,322.1,5
66503,2026-07-12,2026-07-17,2,431,2,48,198,385.4,10
66504,2026-07-13,2026-07-15,3,447,3,7,20,440.38,2
66505,2026-07-09,2026-07-16,3,326,9,38,129,444.93,10
66506,2026-07-30,2026-08-02,3,146,19,3,41,39.0,3
66507,2026-07-18,2026-07-24,1,37,13,26,95,484.34,5
66508,2026-07-13,2026-07-14,1,25,11,21,148,320.78,7
66509,2026-07-27,2026-08-03,1,298,19,5,24,328.74,6
66510,2026-07-23,2026-07-27,1,177,4,15,85,429.7,3
66511,2026-07-03,2026-07-07,2,188,15,20,5,354.12,1
66512,2026-07-22,2026-07-23,3,120,9,47,21,334.31,4
66513,2026-07-07,2026-07-11,1,185,7,8,59,24.86,8
66514,2026-07-21,2026-07-27,1,493,12,50,47,297.56,9
66515,2026-07-19,2026-07-22,3,443,13,1,93,461.21,6
66516,2026-08-01,2026-08-05,2,429,8,33,144,333.69,10
66517,2026-07-24,2026-07-29,2,467,7,11,81,291.93,5
66518,2026-07-16,2026-07-19,3,156,13,3,57,12.47,1
66519,2026-07-24,2026-07-25,1,58,5,33,69,446.1,4
66520,2026-07-19,2026-07-22,2,147,19,29,196,130.28,1
66521,2026-07-15,2026-07-21,1,50,20,13,145,276.11,1
66522,2026-07-09,2026-07-16,1,290,12,22,118,245.05,5
66523,2026-07-14,2026-07-21,1,80,19,15,181,377.8,10
66524,2026-08-01,2026-08-05,3,299,2,11,164,280.54,8
66525,2026-07-27,2026-08-03,2,366,20,44,113,57.93,1
66526,2026-08-01,2026-08-05,1,341,18,30,157,399.61,6
66527,2026-07-25,2026-07-29,1,181,12,1,92,315.76,3
66528,2026-07-30,2026-08-02,1,500,6,27,88,173.59,7
66529,2026-07-31,2026-08-07,3,129,18,31,123,230.81,7
66530,2026-07-20,2026-07-24,1,386,8,23,191,63.07,8
66531,2026-07-08,2026-07-15,1,373,8,25,65,460.79,2
66532,2026-07-03,2026-07-06,2,378,7,49,190,187.16,4
66533,2026-07-06,2026-07-13,1,428,6,28,176,80.04,9
66534,2026-07-05,2026-07-08,2,350,14,24,82,291.7,10
66535,2026-07-10,2026-07-12,2,107,16,39,153,442.43,1
66536,2026-07-17,2026-07-20,3,18,15,23,140,171.9,1
66537,2026-07-18,2026-07-25,2,111,9,50,163,56.77,8
66538,2026-07-17,2026-07-18,3,61,8,24,184,165.68,6
66539,2026-07-08,2026-07-14,1,273,14,16,110,394.37,9
66540,2026-07-25,2026-07-29,1,74,3,10,60,241.35,2
66541,2026-07-11,2026-07-12,1,242,7,37,1,284.73,4
66542,2026-07-03,2026-07-09,1,40,18,45,63,185.21,7
66543,2026-07-25,2026-07-31,2,356,1,43,126,114.71,3
66544,2026-07-08,2026-07-09,3,380,5,29,120,283.87,8
66545,2026-07-12,2026-07-15,2,99,14,6,7,24.7,7
66546,2026-07-04,2026-07-09,3,4,19,8,157,222.03,10
66547,2026-07-10,2026-07-14,3,9,3,34,43,181.47,4
66548,2026-07-08,2026-07-13,2,33,4,21,180,342.87,4
66549,2026-07-21,2026-07-27,3,125,3,34,72,196.71,7
66550,2026-07-30,2026-08-01,3,375,11,45,4,70.28,1
66551,2026-07-05,2026-07-06,1,436,4,31,2,495.29,7
66552,2026-07-19,2026-07-23,1,109,9,47,1,432.03,2
66553,2026-07-05,2026-07-12,3,314,2,14,65,429.7,5
66554,2026-07-15,2026-07-21,2,413,12,19,173,342.94,1
66555,2026-07-03,2026-07-10,3,232,20,2,1,9.02,9
66556,2026-07-07,2026-07-10,3,350,7,30,91,399.99,7
66557,2026-07-23,2026-07-24,2,65,6,20,87,211.95,4
66558,2026-07-26,2026-07-28,3,318,16,42,23,292.51,9
66559,2026-07-27,2026-08-03,3,331,2,15,102,170.94,9
66560,2026-07-27,2026-07-29,3,387,10,7,46,474.03,2
66561,2026-07-13,2026-07-15,3,304,9,13,164,231.34,10
66562,2026-07-22,2026-07-24,2,351,9,20,48,357.73,7
66563,2026-07-11,2026-07-14,3,402,4,19,69,285.45,1
66564,2026-07-31,2026-08-04,1,254,1,21,23,286.43,6
66565,2026-07-06,2026-07-12,2,382,14,46,48,103.01,7
66566,2026-07-14,2026-07-15,3,387,15,37,25,179.92,7
66567,2026-07-22,2026-07-29,3,306,14,32,198,172.57,10
66568,2026-07-05,2026-07-08,1,403,7,23,119,82.51,3
66569,2026-07-25,2026-07-28,3,482,9,22,48,122.91,3
66570,2026-07-09,2026-07-15,1,275,19,25,43,283.7,10
66571,2026-07-09,2026-07-13,1,368,6,10,6,383.63,8
66572,2026-07-16,2026-07-17,3,31,11,39,23,25.21,2
66573,2026-07-08,2026-07-14,3,60,14,31,6,84.11,4
66574,2026-07-23,2026-07-30,1,244,10,10,107,329.79,9
66575,2026-07-17,2026-07-22,3,462,4,26,99,358.92,5
66576,2026-08-01,2026-08-07,1,19,20,25,86,480.64,3
66577,2026-07-12,2026-07-14,3,215,12,49,102,235.61,5
66578,2026-07-21,2026-07-23,3,127,10,29,84,489.88,3
66579,2026-07-31,2026-08-05,1,218,2,37,62,86.22,8
66580,2026-07-05,2026-07-11,1,444,16,4,5,185.42,8
66581,2026-07-04,2026-07-07,3,61,12,22,4,409.66,10
66582,2026-07-25,2026-07-31,3,442,3,21,87,173.47,5
66583,2026-07-30,2026-08-03,1,129,10,35,34,435.86,1
66584,2026-07-17,2026-07-18,2,234,9,46,112,37.99,7
66585,2026-07-10,2026-07-12,1,46,9,25,21,97.33,1
66586,2026-08-01,2026-08-03,2,267,12,6,101,116.43,2
66587,2026-07-16,2026-07-18,1,183,18,38,2,465.35,10
66588,2026-07-23,2026-07-29,3,340,6,24,90,258.7,1
66589,2026-07-18,2026-07-20,3,288,18,29,115,326.85,1
66590,2026-07-09,2026-07-16,1,150,18,41,46,342.03,8
66591,2026-07-25,2026-07-26,2,327,11,21,19,141.48,2
66592,2026-07-19,2026-07-20,2,409,15,35,41,48.79,7
66593,2026-07-23,2026-07-29,2,491,13,2,110,475.46,5
66594,2026-08-01,2026-08-07,2,103,10,5,190,142.3,4
66595,2026-07-19,2026-07-26,1,199,16,47,141,23.72,2
66596,2026-07-07,2026-07-09,3,53,8,29,6,469.79,8
66597,2026-07-23,2026-07-26,1,46,7,23,165,228.98,1
66598,2026-07-25,2026-07-26,1,151,4,3,165,345.71,2
66599,2026-07-16,2026-07-23,2,298,15,24,177,432.63,3
66600,2026-07-11,2026-07-18,2,484,4,16,60,489.2,10
66601,2026-07-30,2026-08-01,3,254,4,17,1,466.97,1
66602,2026-07-28,2026-07-30,3,346,3,28,32,204.7,6
66603,2026-08-01,2026-08-02,3,347,18,28,129,211.1,2
66604,2026-07-18,2026-07-23,2,342,20,46,103,196.26,3
66605,2026-07-09,2026-07-15,1,443,7,3,42,191.42,10
66606,2026-07-17,2026-07-23,1,64,19,2,157,383.14,9
66607,2026-07-10,2026-07-12,1,277,12,35,4,433.4,5
66608,2026-07-07,2026-07-10,3,112,11,31,38,183.44,6
66609,2026-07-26,2026-08-02,2,13,16,10,74,294.57,8
66610,2026-07-16,2026-07-23,2,133,19,14,16,301.38,2
66611,2026-08-02,2026-08-03,3,288,15,22,131,252.56,3
66612,2026-07-24,2026-07-26,2,485,8,44,96,142.01,7
66613,2026-07-05,2026-07-07,1,8,9,41,40,324.03,7
66614,2026-07-17,2026-07-22,3,102,8,14,156,404.84,9
66615,2026-07-10,2026-07-11,3,84,4,40,171,24.66,7
66616,2026-07-06,2026-07-12,3,53,4,48,158,136.2,6
66617,2026-07-28,2026-07-31,2,476,15,38,48,161.56,1
66618,2026-07-23,2026-07-28,3,478,6,6,110,428.07,2
66619,2026-07-24,2026-07-26,3,200,13,12,151,345.56,2
66620,2026-07-14,2026-07-15,3,202,16,18,192,158.9,6
66621,2026-07-09,2026-07-10,3,420,10,39,143,406.37,7
66622,2026-07-03,2026-07-05,2,435,5,1,109,302.09,10
66623,2026-07-17,2026-07-21,2,95,8,35,124,236.9,1
66624,2026-07-24,2026-07-26,1,303,7,38,187,473.9,1
66625,2026-07-07,2026-07-11,3,340,9,35,48,404.71,1
66626,2026-07-13,2026-07-19,3,57,10,3,10,170.45,3
66627,2026-07-25,2026-07-29,1,75,12,16,51,89.23,8
66628,2026-07-05,2026-07-08,2,479,19,30,46,494.9,9
66629,2026-07-06,2026-07-12,1,224,15,43,130,463.45,3
66630,2026-07-18,2026-07-19,2,449,3,14,17,156.75,3
66631,2026-07-27,2026-07-31,2,115,13,20,96,478.04,7
66632,2026-08-01,2026-08-03,2,138,5,5,88,207.43,8
66633,2026-07-23,2026-07-24,2,31,17,10,77,257.92,6
66634,2026-07-13,2026-07-15,1,144,15,13,60,147.03,5
66635,2026-07-20,2026-07-24,3,356,3,27,29,66.3,6
66636,2026-07-05,2026-07-11,1,268,12,41,100,389.6,10
66637,2026-07-10,2026-07-14,2,7,17,28,123,252.81,10
66638,2026-07-07,2026-07-10,3,62,3,30,9,408.43,7
66639,2026-07-14,2026-07-15,2,159,17,6,129,53.63,9
66640,2026-07-12,2026-07-15,1,466,6,13,129,200.5,2
66641,2026-07-11,2026-07-17,3,475,8,15,12,98.29,7
66642,2026-07-18,2026-07-25,3,218,17,29,144,302.88,5
66643,2026-07-09,2026-07-15,2,202,1,13,115,448.11,5
66644,2026-07-17,2026-07-22,2,256,1,23,29,13.05,8
66645,2026-07-24,2026-07-31,3,22,3,41,106,77.36,9
66646,2026-07-27,2026-08-03,1,252,12,42,166,102.27,2
66647,2026-07-29,2026-07-31,1,425,16,43,160,411.24,8
66648,2026-08-01,2026-08-04,1,405,8,39,32,145.75,7
66649,2026-07-03,2026-07-05,3,330,16,31,11,368.29,10
66650,2026-07-25,2026-07-27,2,402,4,32,22,39.98,6
66651,2026-07-14,2026-07-21,3,459,6,38,186,95.56,4
66652,2026-07-12,2026-07-16,1,279,10,43,195,79.04,10
66653,2026-07-20,2026-07-25,1,314,7,47,164,317.96,1
66654,2026-07-27,2026-08-02,2,292,2,45,188,353.84,1
66655,2026-07-26,2026-08-02,2,229,5,34,27,212.59,9
66656,2026-07-20,2026-07-24,2,28,13,39,54,245.89,4
66657,2026-07-28,2026-08-04,1,490,11,44,99,94.49,1
66658,2026-07-27,2026-07-30,3,201,14,33,40,40.05,8
66659,2026-07-31,2026-08-04,2,462,4,50,106,437.34,7
66660,2026-07-31,2026-08-06,3,256,12,19,41,454.32,6
66661,2026-07-28,2026-07-30,3,417,4,33,95,57.09,7
66662,2026-07-12,2026-07-13,3,125,14,33,148,139.52,7
66663,2026-07-06,2026-07-09,1,348,6,43,27,195.63,8
66664,2026-07-13,2026-07-15,2,318,13,49,46,279.27,9
66665,2026-07-15,2026-07-20,1,161,19,41,151,462.4,7
66666,2026-07-18,2026-07-19,3,39,12,13,116,21.36,6
66667,2026-07-22,2026-07-23,2,161,5,14,130,440.39,4
66668,2026-07-18,2026-07-24,2,300,16,48,188,356.98,2
66669,2026-08-02,2026-08-03,1,298,20,22,1,385.44,4
66670,2026-07-16,2026-07-17,1,297,12,39,92,345.32,5
66671,2026-07-12,2026-07-13,3,223,20,49,183,96.81,9
66672,2026-08-01,2026-08-07,3,412,17,20,159,331.43,3
66673,2026-07-26,2026-07-28,2,236,7,40,33,176.55,5
66674,2026-07-30,2026-08-01,3,418,3,6,129,337.14,6
66675,2026-07-21,2026-07-28,1,77,13,45,35,299.59,3
66676,2026-07-09,2026-07-13,2,332,4,7,29,354.11,1
66677,2026-07-15,2026-07-20,3,136,19,21,95,388.28,1
66678,2026-07-13,2026-07-17,2,498,10,35,52,312.67,6
66679,2026-07-15,2026-07-20,3,385,9,40,31,90.56,4
66680,2026-07-09,2026-07-14,2,304,14,36,157,126.29,8
66681,2026-07-18,2026-07-25,3,494,10,25,159,205.27,7
66682,2026-07-16,2026-07-22,1,188,3,43,36,403.61,5
66683,2026-07-05,2026-07-06,3,269,16,4,129,368.01,5
66684,2026-07-08,2026-07-10,3,493,9,13,87,31.22,4
66685,2026-07-04,2026-07-09,1,73,19,40,153,463.19,6
66686,2026-07-06,2026-07-08,3,459,3,37,191,272.51,4
66687,2026-07-04,2026-07-06,2,8,8,1,144,260.67,10
66688,2026-07-28,2026-07-30,1,363,19,44,39,358.56,8
66689,2026-07-28,2026-08-04,3,280,3,9,125,459.51,4
66690,2026-07-23,2026-07-24,2,15,9,50,107,266.06,4
66691,2026-07-18,2026-07-20,3,455,6,7,14,472.26,2
66692,2026-07-22,2026-07-23,1,66,18,7,86,298.38,7
66693,2026-07-14,2026-07-17,1,205,2,40,161,210.87,2
66694,2026-07-07,2026-07-09,2,209,14,39,145,426.15,5
66695,2026-07-21,2026-07-24,2,122,3,16,24,461.06,5
66696,2026-07-14,2026-07-19,1,94,5,43,128,91.75,7
66697,2026-07-31,2026-08-03,2,69,18,28,89,249.56,5
66698,2026-07-04,2026-07-08,3,103,9,3,106,226.59,2
66699,2026-07-14,2026-07-19,2,283,7,6,175,173.89,8
66700,2026-07-25,2026-08-01,2,265,14,15,69,342.63,7
66701,2026-07-07,2026-07-13,3,261,11,44,193,436.5,1
66702,2026-07-29,2026-07-31,3,195,1,7,72,441.59,7
66703,2026-07-20,2026-07-21,3,251,13,4,159,426.04,3
66704,2026-07-15,2026-07-16,3,30,10,32,87,334.29,7
66705,2026-07-12,2026-07-13,3,129,18,43,33,57.12,5
66706,2026-07-03,2026-07-04,1,304,16,36,188,308.25,5
66707,2026-08-02,2026-08-04,1,49,12,19,26,21.94,7
66708,2026-07-30,2026-08-06,1,364,1,40,82,451.07,9
66709,2026-07-09,2026-07-12,1,470,1,17,139,396.58,3
66710,2026-07-08,2026-07-15,1,125,9,28,20,496.5,1
66711,2026-07-03,2026-07-09,1,381,5,17,11,89.14,5
66712,2026-07-23,2026-07-25,3,21,18,31,81,80.91,3
66713,2026-07-12,2026-07-14,1,421,17,39,33,181.29,2
66714,2026-07-29,2026-07-31,1,341,10,13,155,65.96,6
66715,2026-07-09,2026-07-11,2,22,17,11,127,426.15,6
66716,2026-07-04,2026-07-05,2,91,17,40,193,204.0,4
66717,2026-07-09,2026-07-11,1,26,12,8,130,296.55,10
66718,2026-07-17,2026-07-20,1,326,6,20,116,241.74,9
66719,2026-07-22,2026-07-23,1,370,19,49,56,232.56,9
66720,2026-07-11,2026-07-15,3,51,17,48,189,108.73,10
66721,2026-07-09,2026-07-10,3,491,19,10,79,91.92,2
66722,2026-07-25,2026-08-01,1,182,10,12,7,108.41,8
66723,2026-07-27,2026-07-30,1,305,9,34,41,200.01,1
66724,2026-07-09,2026-07-12,1,267,10,13,118,234.31,6
66725,2026-07-20,2026-07-21,2,399,3,28,158,37.41,3
66726,2026-07-15,2026-07-19,1,26,4,36,108,351.73,2
66727,2026-07-30,2026-07-31,1,89,8,4,153,275.73,8
66728,2026-07-18,2026-07-23,2,339,3,28,9,168.92,5
66729,2026-07-24,2026-07-31,2,188,20,35,143,182.63,1
66730,2026-07-31,2026-08-05,3,463,17,42,83,308.88,8
66731,2026-07-28,2026-07-29,1,454,12,43,200,410.36,3
66732,2026-07-07,2026-07-09,3,362,15,22,121,18.24,2
66733,2026-07-03,2026-07-10,2,404,13,23,14,98.45,4
66734,2026-07-28,2026-07-31,2,369,2,28,86,462.41,5
66735,2026-07-23,2026-07-25,2,224,3,1,51,154.36,5
66736,2026-07-20,2026-07-26,3,361,20,23,176,451.23,8
66737,2026-07-31,2026-08-06,1,459,1,39,31,40.09,10
66738,2026-07-11,2026-07-15,1,261,18,9,94,12.68,4
66739,2026-07-20,2026-07-27,3,122,3,42,105,372.58,6
66740,2026-07-19,2026-07-21,3,312,4,21,74,127.41,10
66741,2026-07-21,2026-07-23,1,210,10,38,127,210.21,5
66742,2026-07-15,2026-07-21,1,145,10,21,180,466.95,5
66743,2026-07-08,2026-07-12,1,182,4,34,7,151.95,7
66744,2026-07-16,2026-07-20,2,479,4,50,126,74.74,7
66745,2026-07-26,2026-07-31,1,386,11,26,12,355.64,4
66746,2026-08-01,2026-08-04,1,51,20,14,145,481.77,7
66747,2026-07-15,2026-07-18,3,352,10,40,89,223.3,7
66748,2026-07-17,2026-07-22,2,336,18,19,70,64.7,8
66749,2026-08-01,2026-08-02,2,45,13,31,3,357.03,2
66750,2026-07-12,2026-07-16,2,24,5,4,107,424.13,5
66751,2026-07-11,2026-07-14,3,331,13,18,72,122.46,9
66752,2026-08-01,2026-08-08,1,289,16,47,16,97.45,8
66753,2026-07-10,2026-07-13,2,355,15,4,126,398.31,1
66754,2026-07-10,2026-07-12,2,67,2,24,125,145.2,8
66755,2026-07-08,2026-07-12,1,36,11,27,132,499.87,3
66756,2026-07-20,2026-07-22,3,454,8,35,172,235.74,6
66757,2026-07-08,2026-07-12,1,138,4,13,144,298.19,10
66758,2026-07-26,2026-07-30,1,70,20,1,3,412.75,5
66759,2026-07-11,2026-07-15,2,126,15,22,53,38.22,6
66760,2026-07-04,2026-07-10,1,424,8,35,7,429.69,5
66761,2026-07-12,2026-07-17,3,118,16,31,67,408.28,5
66762,2026-07-13,2026-07-17,3,401,16,14,36,481.39,3
66763,2026-07-23,2026-07-29,3,116,10,6,50,355.4,4
66764,2026-07-11,2026-07-17,2,434,3,9,109,92.32,10
66765,2026-07-08,2026-07-14,2,489,2,4,78,351.29,1
66766,2026-07-16,2026-07-19,2,399,10,42,130,314.64,2
66767,2026-07-17,2026-07-20,2,281,5,12,67,404.72,8
66768,2026-07-28,2026-08-02,2,49,7,21,3,165.11,2
66769,2026-07-30,2026-08-03,2,319,17,25,149,84.45,9
66770,2026-07-18,2026-07-23,1,334,19,14,118,136.86,5
66771,2026-07-08,2026-07-10,2,59,15,30,144,16.54,10
66772,2026-07-30,2026-08-01,3,50,12,7,176,202.96,4
66773,2026-07-12,2026-07-16,1,283,3,8,63,100.53,2
66774,2026-07-19,2026-07-26,1,469,18,39,84,80.12,1
66775,2026-07-29,2026-08-02,2,340,14,45,108,358.51,3
66776,2026-07-11,2026-07-15,1,229,9,10,61,5.8,6
66777,2026-07-21,2026-07-27,3,61,15,20,126,187.09,2
66778,2026-07-08,2026-07-12,2,216,8,6,22,476.56,6
66779,2026-07-26,2026-07-31,3,351,20,26,93,333.66,1
66780,2026-07-27,2026-07-28,3,265,12,17,147,236.86,1
66781,2026-07-26,2026-08-01,2,177,12,44,82,365.48,8
66782,2026-07-16,2026-07-19,2,306,4,28,107,141.05,2
66783,2026-07-12,2026-07-13,3,240,3,48,118,169.21,9
66784,2026-07-20,2026-07-22,2,352,20,12,175,18.06,4
66785,2026-07-16,2026-07-18,3,218,5,25,151,226.41,7
66786,2026-07-05,2026-07-09,2,406,1,6,76,430.56,1
66787,2026-07-29,2026-08-03,2,34,14,7,73,421.15,10
66788,2026-07-26,2026-07-30,1,166,19,12,98,295.13,3
66789,2026-07-28,2026-08-01,2,444,4,26,23,441.89,2
66790,2026-07-13,2026-07-19,2,373,19,29,176,360.34,6
66791,2026-07-13,2026-07-14,2,130,15,45,160,239.97,8
66792,2026-07-31,2026-08-02,1,457,7,30,30,340.79,3
66793,2026-07-11,2026-07-16,3,134,15,10,147,238.05,9
66794,2026-07-26,2026-07-31,2,209,18,50,146,499.04,6
66795,2026-07-26,2026-08-02,1,404,20,31,37,326.9,4
66796,2026-07-08,2026-07-10,3,432,3,17,66,209.29,9
66797,2026-07-03,2026-07-05,2,359,1,38,196,92.96,1
66798,2026-07-13,2026-07-20,1,153,20,26,111,398.77,8
66799,2026-07-24,2026-07-31,2,345,7,47,85,426.13,5
66800,2026-07-20,2026-07-23,1,121,6,27,152,26.62,1
66801,2026-07-04,2026-07-11,1,363,13,19,4,122.85,5
66802,2026-07-18,2026-07-23,3,160,10,24,79,299.26,7
66803,2026-07-14,2026-07-21,1,34,8,5,25,344.71,6
66804,2026-07-11,2026-07-18,2,393,1,22,9,444.74,8
66805,2026-07-14,2026-07-15,2,50,9,50,175,408.71,7
66806,2026-07-28,2026-08-04,3,134,10,36,151,126.41,5
66807,2026-07-30,2026-08-04,2,470,7,14,130,134.54,9
66808,2026-07-17,2026-07-24,2,17,5,13,90,63.38,7
66809,2026-08-01,2026-08-06,2,254,3,42,154,150.38,8
66810,2026-07-21,2026-07-22,1,494,20,30,79,20.3,10
66811,2026-07-13,2026-07-15,1,326,14,8,127,26.95,9
66812,2026-07-16,2026-07-17,1,130,8,40,34,241.73,10
66813,2026-07-29,2026-08-04,3,86,3,49,139,418.57,3
66814,2026-07-18,2026-07-24,3,7,11,49,76,131.81,6
66815,2026-07-15,2026-07-20,3,137,16,49,54,22.07,1
66816,2026-07-06,2026-07-10,1,219,16,38,101,400.11,5
66817,2026-07-18,2026-07-19,1,190,17,38,192,76.13,9
66818,2026-07-05,2026-07-06,1,16,13,37,43,131.54,3
66819,2026-07-22,2026-07-26,1,7,6,28,3,85.54,8
66820,2026-07-15,2026-07-19,3,432,7,32,194,376.23,5
66821,2026-07-21,2026-07-27,2,222,4,16,12,219.03,5
66822,2026-07-16,2026-07-17,2,487,1,14,96,95.95,4
66823,2026-07-09,2026-07-11,1,362,19,36,117,54.74,5
66824,2026-07-10,2026-07-17,2,123,8,40,148,397.91,1
66825,2026-07-23,2026-07-30,3,334,19,22,182,423.52,9
66826,2026-07-25,2026-07-28,2,231,10,35,175,273.38,4
66827,2026-07-22,2026-07-28,1,68,3,36,129,387.99,6
66828,2026-07-22,2026-07-26,2,331,17,48,43,7.36,1
66829,2026-07-20,2026-07-24,1,322,14,41,133,279.18,9
66830,2026-07-18,2026-07-21,1,84,6,33,27,467.04,7
66831,2026-07-27,2026-08-02,3,116,1,8,80,48.63,2
66832,2026-07-05,2026-07-09,3,408,4,22,189,240.35,7
66833,2026-07-14,2026-07-18,3,211,3,42,84,173.32,1
66834,2026-07-13,2026-07-17,3,407,15,23,10,86.33,3
66835,2026-07-22,2026-07-29,3,408,6,36,120,352.51,7
66836,2026-07-15,2026-07-18,3,459,15,35,164,387.38,7
66837,2026-07-18,2026-07-25,3,353,6,1,148,366.27,8
66838,2026-08-01,2026-08-07,3,11,11,38,61,423.62,7
66839,2026-07-20,2026-07-26,2,277,7,13,177,58.28,1
66840,2026-07-13,2026-07-18,3,491,9,16,98,398.22,5
66841,2026-07-14,2026-07-18,2,341,8,14,4,293.75,3
66842,2026-07-04,2026-07-05,1,105,11,21,47,85.2,1
66843,2026-07-24,2026-07-31,2,205,18,18,170,220.75,6
66844,2026-07-11,2026-07-17,2,123,2,1,126,86.11,9
66845,2026-07-04,2026-07-11,3,39,6,17,167,206.32,8
66846,2026-07-09,2026-07-12,2,474,1,27,44,104.21,8
66847,2026-07-06,2026-07-13,3,477,10,48,147,484.45,7
66848,2026-08-01,2026-08-07,3,382,17,49,145,59.15,5
66849,2026-07-13,2026-07-18,1,343,4,17,55,108.99,5
66850,2026-07-14,2026-07-18,1,482,19,37,34,232.55,3
66851,2026-07-06,2026-07-11,1,258,20,47,82,274.23,7
66852,2026-07-20,2026-07-22,2,142,13,37,58,95.01,7
66853,2026-07-22,2026-07-26,2,55,11,37,130,159.73,4
66854,2026-07-29,2026-08-03,1,26,14,18,37,319.62,5
66855,2026-07-23,2026-07-30,3,382,13,39,163,409.32,1
66856,2026-07-16,2026-07-18,3,89,18,45,27,10.31,3
66857,2026-08-01,2026-08-07,3,210,1,35,32,495.43,6
66858,2026-07-22,2026-07-28,1,184,10,22,170,341.05,6
66859,2026-07-09,2026-07-11,3,18,12,3,63,102.58,6
66860,2026-07-23,2026-07-27,3,122,7,2,160,496.98,10
66861,2026-07-27,2026-08-03,1,197,1,27,17,494.75,7
66862,2026-07-22,2026-07-27,3,325,17,47,44,377.5,10
66863,2026-07-29,2026-07-31,2,449,13,2,138,119.78,1
66864,2026-07-14,2026-07-17,2,323,8,17,82,471.14,3
66865,2026-07-30,2026-08-04,2,355,20,1,1,399.68,8
66866,2026-07-17,2026-07-21,2,203,18,20,39,36.95,3
66867,2026-07-08,2026-07-11,1,460,11,6,122,173.68,1
66868,2026-07-03,2026-07-06,1,349,10,9,84,221.51,4
66869,2026-07-07,2026-07-12,1,439,9,22,146,361.79,7
66870,2026-07-10,2026-07-17,1,104,16,45,96,274.1,7
66871,2026-07-29,2026-08-03,1,31,14,8,121,148.61,5
66872,2026-07-14,2026-07-16,2,214,14,34,103,264.53,1
66873,2026-07-11,2026-07-16,1,324,17,46,110,255.85,9
66874,2026-07-19,2026-07-22,3,350,9,43,144,94.39,9
66875,2026-07-20,2026-07-22,1,410,3,18,91,51.32,4
66876,2026-07-31,2026-08-01,1,335,13,41,89,96.07,2
66877,2026-07-26,2026-07-31,3,179,2,11,125,375.57,7
66878,2026-07-18,2026-07-24,3,55,19,5,188,243.26,4
66879,2026-07-05,2026-07-10,2,285,2,19,114,225.02,3
66880,2026-07-24,2026-07-29,3,98,11,44,89,219.37,3
66881,2026-07-08,2026-07-14,1,332,13,48,171,143.28,4
66882,2026-08-02,2026-08-05,3,430,3,5,21,412.67,7
66883,2026-07-31,2026-08-02,1,406,16,31,23,106.31,4
66884,2026-07-26,2026-07-31,2,355,17,31,58,87.1,2
66885,2026-07-05,2026-07-06,2,296,4,6,85,158.59,1
66886,2026-08-02,2026-08-03,1,480,9,12,73,228.6,10
66887,2026-07-25,2026-07-31,1,392,5,43,132,201.7,6
66888,2026-07-12,2026-07-14,2,112,14,35,188,304.13,7
66889,2026-07-09,2026-07-16,2,319,14,3,34,296.83,8
66890,2026-07-24,2026-07-27,3,431,12,49,165,404.99,7
66891,2026-07-22,2026-07-28,3,62,13,46,185,474.28,6
66892,2026-07-08,2026-07-11,3,301,4,39,198,243.32,8
66893,2026-07-12,2026-07-18,3,136,2,2,22,56.44,6
66894,2026-07-26,2026-07-31,1,106,11,37,101,439.23,5
66895,2026-07-21,2026-07-23,1,374,6,14,111,183.39,3
66896,2026-07-09,2026-07-13,3,304,12,20,163,12.38,5
66897,2026-07-16,2026-07-18,2,229,9,41,186,277.7,1
66898,2026-07-28,2026-07-29,3,347,14,25,169,403.96,5
66899,2026-07-18,2026-07-25,2,403,16,39,128,459.33,10
66900,2026-07-15,2026-07-16,1,166,13,4,9,352.29,2
66901,2026-07-16,2026-07-21,2,133,20,28,31,222.19,8
66902,2026-07-23,2026-07-28,3,460,10,26,127,389.18,6
66903,2026-07-05,2026-07-06,1,379,8,43,95,230.11,7
66904,2026-07-21,2026-07-27,2,2,16,40,130,438.93,4
66905,2026-07-30,2026-08-05,3,80,20,18,52,485.65,10
66906,2026-07-18,2026-07-19,2,304,11,28,11,427.01,5
66907,2026-07-31,2026-08-02,1,388,9,7,115,293.84,3
66908,2026-07-11,2026-07-13,2,480,9,11,64,457.79,3
66909,2026-07-20,2026-07-27,1,397,10,36,140,489.41,5
66910,2026-07-08,2026-07-13,1,465,8,45,34,117.03,5
66911,2026-07-13,2026-07-15,2,374,1,31,162,112.51,10
66912,2026-07-23,2026-07-25,3,133,16,24,116,170.86,3
66913,2026-07-17,2026-07-21,2,55,10,46,179,96.68,5
66914,2026-07-20,2026-07-22,1,444,12,30,119,139.89,8
66915,2026-07-23,2026-07-26,3,223,5,15,172,476.84,1
66916,2026-07-25,2026-07-30,2,463,3,32,145,404.58,3
66917,2026-07-09,2026-07-11,3,44,4,1,184,162.63,9
66918,2026-07-18,2026-07-20,1,331,6,7,139,33.85,4
66919,2026-07-20,2026-07-23,1,331,8,24,195,192.72,6
66920,2026-07-08,2026-07-09,2,85,2,12,5,319.29,5
66921,2026-07-11,2026-07-14,2,61,1,35,1,73.93,2
66922,2026-07-28,2026-08-01,2,9,12,2,27,246.23,10
66923,2026-07-14,2026-07-21,3,21,17,25,118,417.08,10
66924,2026-07-28,2026-07-31,1,79,4,38,127,335.99,3
66925,2026-07-06,2026-07-12,1,30,20,17,42,318.31,3
66926,2026-07-16,2026-07-18,1,226,17,6,19,381.99,9
66927,2026-07-25,2026-07-26,1,321,18,20,196,102.59,10
66928,2026-07-18,2026-07-24,2,81,19,25,135,232.36,5
66929,2026-07-17,2026-07-21,1,439,9,39,17,458.42,8
66930,2026-07-06,2026-07-11,3,150,7,11,48,406.36,8
66931,2026-08-01,2026-08-04,3,337,18,39,99,148.04,3
66932,2026-07-30,2026-08-05,2,370,7,6,47,317.2,5
66933,2026-07-16,2026-07-22,1,289,16,22,59,441.89,1
66934,2026-07-06,2026-07-12,1,20,10,43,69,93.81,4
66935,2026-07-20,2026-07-26,1,41,7,5,76,465.3,10
66936,2026-07-25,2026-07-31,1,12,18,39,199,193.5,4
66937,2026-07-14,2026-07-16,3,101,13,37,96,472.96,5
66938,2026-07-20,2026-07-27,2,352,15,20,14,442.45,2
66939,2026-07-10,2026-07-16,3,441,9,23,162,222.42,2
66940,2026-07-10,2026-07-12,2,412,12,23,78,331.76,3
66941,2026-07-20,2026-07-21,1,201,12,22,15,291.19,6
66942,2026-07-09,2026-07-14,3,497,18,34,157,232.43,5
66943,2026-07-16,2026-07-23,1,486,18,46,171,362.46,2
66944,2026-07-07,2026-07-08,3,45,4,4,12,236.79,9
66945,2026-07-25,2026-07-27,3,272,9,28,127,44.1,5
66946,2026-07-28,2026-07-31,2,424,4,4,155,54.33,8
66947,2026-07-17,2026-07-20,2,445,14,16,144,264.36,9
66948,2026-07-07,2026-07-08,3,398,20,48,52,78.15,3
66949,2026-07-28,2026-07-31,3,434,10,46,178,273.73,5
66950,2026-08-02,2026-08-04,1,203,11,26,177,416.74,2
66951,2026-07-05,2026-07-06,3,344,20,44,120,230.13,4
66952,2026-07-13,2026-07-19,3,456,4,36,181,61.12,7
66953,2026-07-06,2026-07-12,2,88,14,20,68,19.57,6
66954,2026-07-11,2026-07-16,1,479,18,9,175,206.57,7
66955,2026-07-05,2026-07-10,3,407,2,42,119,401.61,10
66956,2026-07-28,2026-07-31,3,427,11,5,53,344.3,5
66957,2026-07-23,2026-07-24,2,141,13,43,134,126.3,1
66958,2026-07-13,2026-07-18,3,280,3,19,167,39.69,6
66959,2026-07-21,2026-07-24,2,9,15,28,130,92.08,5
66960,2026-07-13,2026-07-16,3,42,20,44,141,227.37,2
66961,2026-07-16,2026-07-21,2,93,1,24,41,467.95,2
66962,2026-07-30,2026-08-05,2,364,14,43,107,137.75,9
66963,2026-07-15,2026-07-21,2,373,15,46,90,291.5,10
66964,2026-07-03,2026-07-07,2,428,9,1,112,132.84,10
66965,2026-07-21,2026-07-26,1,389,18,32,24,96.51,2
66966,2026-07-06,2026-07-10,3,494,20,17,154,380.39,9
66967,2026-07-05,2026-07-09,1,324,16,43,189,173.51,8
66968,2026-07-20,2026-07-22,2,421,12,8,2,22.75,5
66969,2026-07-08,2026-07-13,2,242,9,8,75,329.67,10
66970,2026-07-07,2026-07-11,2,260,7,26,87,321.16,4
66971,2026-07-28,2026-08-04,2,474,9,22,4,13.43,3
66972,2026-07-11,2026-07-13,1,210,4,31,7,386.08,8
66973,2026-07-18,2026-07-23,1,442,13,24,72,353.1,2
66974,2026-07-11,2026-07-12,1,154,2,44,82,483.1,7
66975,2026-07-07,2026-07-11,1,148,12,47,77,6.72,4
66976,2026-07-25,2026-07-27,1,402,15,41,55,283.24,7
66977,2026-07-20,2026-07-21,1,346,10,1,198,201.97,7
66978,2026-08-01,2026-08-02,3,423,18,22,85,466.35,7
66979,2026-07-07,2026-07-14,3,226,8,37,169,153.96,1
66980,2026-07-30,2026-08-06,2,27,1,32,29,82.25,8
66981,2026-07-04,2026-07-05,3,296,4,32,181,294.49,8
66982,2026-07-08,2026-07-11,2,300,7,15,33,280.53,4
66983,2026-07-05,2026-07-12,3,382,20,22,85,81.52,1
66984,2026-07-06,2026-07-08,3,330,12,22,190,432.92,1
66985,2026-07-14,2026-07-15,3,476,16,31,167,157.1,8
66986,2026-07-17,2026-07-23,1,351,12,24,86,310.46,3
66987,2026-07-17,2026-07-21,3,121,7,32,49,245.61,4
66988,2026-07-03,2026-07-09,3,98,12,34,40,300.52,6
66989,2026-08-01,2026-08-02,2,154,7,43,67,396.41,4
66990,2026-07-23,2026-07-26,1,432,14,8,194,46.61,8
66991,2026-07-21,2026-07-27,3,442,16,50,95,59.12,8
66992,2026-07-12,2026-07-17,3,476,1,22,121,255.79,2
66993,2026-07-15,2026-07-22,2,470,3,50,31,442.4,7
66994,2026-07-10,2026-07-16,2,158,6,7,57,64.38,6
66995,2026-07-06,2026-07-11,1,60,2,31,90,326.91,1
66996,2026-07-19,2026-07-26,3,112,13,12,168,339.84,7
66997,2026-07-23,2026-07-29,3,275,14,28,135,272.54,2
66998,2026-07-11,2026-07-14,2,42,14,43,65,444.72,10
66999,2026-07-19,2026-07-20,3,385,19,4,178,94.77,6
67000,2026-07-25,2026-07-29,1,285,13,36,71,307.28,8
67001,2026-07-24,2026-07-26,2,39,5,49,127,172.6,8
67002,2026-07-03,2026-07-10,3,238,19,41,125,9.0,3
67003,2026-07-27,2026-08-02,2,77,18,18,22,383.9,1
67004,2026-07-09,2026-07-16,2,178,18,13,63,276.82,3
67005,2026-07-23,2026-07-27,2,144,11,15,77,440.26,5
67006,2026-07-13,2026-07-15,2,184,1,19,106,342.79,5
67007,2026-07-18,2026-07-25,1,319,9,17,168,144.56,7
67008,2026-07-28,2026-07-30,3,173,7,17,122,46.5,10
67009,2026-07-21,2026-07-25,2,181,9,35,122,39.82,7
67010,2026-07-10,2026-07-15,3,147,16,14,189,5.59,10
67011,2026-07-26,2026-07-27,1,132,16,17,162,384.09,10
67012,2026-07-06,2026-07-10,1,170,15,17,126,23.67,7
67013,2026-07-10,2026-07-13,2,412,10,11,121,49.51,1
67014,2026-07-03,2026-07-08,1,273,13,41,161,60.88,8
67015,2026-07-15,2026-07-22,3,411,5,49,8,83.82,6
67016,2026-07-04,2026-07-10,2,21,18,1,64,42.88,1
67017,2026-07-08,2026-07-13,2,228,5,27,97,471.79,9
67018,2026-07-19,2026-07-26,1,471,7,32,53,375.76,2
67019,2026-08-02,2026-08-09,1,476,13,18,126,430.68,6
67020,2026-07-21,2026-07-24,2,467,3,39,74,452.41,2
67021,2026-07-14,2026-07-16,1,383,16,45,88,262.86,5
67022,2026-07-30,2026-08-03,1,478,15,43,86,353.68,7
67023,2026-07-19,2026-07-20,1,206,12,9,30,311.37,1
67024,2026-07-23,2026-07-24,3,117,17,5,12,52.78,6
67025,2026-07-20,2026-07-25,3,244,10,38,162,325.13,2
67026,2026-07-17,2026-07-21,2,335,3,39,109,371.35,1
67027,2026-07-05,2026-07-11,2,294,3,26,147,308.01,2
67028,2026-07-14,2026-07-21,2,210,20,2,24,454.34,5
67029,2026-07-09,2026-07-15,1,453,15,3,139,277.41,5
67030,2026-07-24,2026-07-27,2,286,20,28,193,24.92,3
67031,2026-07-06,2026-07-11,2,421,15,35,28,119.21,6
67032,2026-07-04,2026-07-06,3,476,12,7,65,130.33,7
67033,2026-07-17,2026-07-23,1,298,10,20,175,149.02,1
67034,2026-07-08,2026-07-13,3,383,18,39,53,117.79,8
67035,2026-07-28,2026-07-29,1,169,13,12,108,310.47,3
67036,2026-07-20,2026-07-24,2,283,12,33,142,480.76,7
67037,2026-07-05,2026-07-06,3,364,2,35,51,389.95,6
67038,2026-07-17,2026-07-22,3,250,5,17,55,61.97,10
67039,2026-07-07,2026-07-11,2,75,5,26,154,371.97,1
67040,2026-07-28,2026-07-30,3,86,7,42,36,435.62,8
67041,2026-07-09,2026-07-10,2,292,15,9,185,282.26,5
67042,2026-07-14,2026-07-15,1,29,20,18,90,157.63,1
67043,2026-07-19,2026-07-23,1,178,16,47,88,53.86,5
67044,2026-07-21,2026-07-25,3,8,6,19,114,298.2,1
67045,2026-07-13,2026-07-17,3,436,16,47,98,138.97,1
67046,2026-07-11,2026-07-13,2,408,17,31,120,286.76,1
67047,2026-07-27,2026-08-02,2,241,5,5,57,378.99,4
67048,2026-07-08,2026-07-14,2,483,20,21,191,318.76,6
67049,2026-07-12,2026-07-14,3,129,19,5,153,383.31,5
67050,2026-07-21,2026-07-24,2,295,19,30,43,232.75,6
67051,2026-07-08,2026-07-14,1,322,12,17,64,358.64,10
67052,2026-07-28,2026-08-03,1,12,17,2,69,247.24,1
67053,2026-07-05,2026-07-11,2,97,4,12,44,345.29,7
67054,2026-07-24,2026-07-28,1,255,5,11,171,264.91,3
67055,2026-07-28,2026-07-31,3,457,14,6,93,22.92,5
67056,2026-07-24,2026-07-27,3,87,17,29,66,381.08,10
67057,2026-07-04,2026-07-08,3,37,5,8,158,102.67,5
67058,2026-07-21,2026-07-22,2,358,8,33,125,20.21,8
67059,2026-07-18,2026-07-19,1,40,11,10,144,80.07,1
67060,2026-07-10,2026-07-11,1,97,20,25,112,99.21,10
67061,2026-07-17,2026-07-20,1,484,11,40,43,477.86,3
67062,2026-07-31,2026-08-06,3,455,10,49,139,59.74,9
67063,2026-07-22,2026-07-24,2,385,20,47,44,23.74,6
67064,2026-07-31,2026-08-06,2,91,19,17,114,297.32,8
67065,2026-07-29,2026-07-31,2,458,3,50,153,59.68,2
67066,2026-07-03,2026-07-05,1,252,20,50,19,63.5,5
67067,2026-07-24,2026-07-28,3,380,15,18,64,456.33,8
67068,2026-07-30,2026-08-01,2,360,8,1,190,419.24,3
67069,2026-07-29,2026-08-05,2,362,8,49,184,374.74,2
67070,2026-07-19,2026-07-26,3,291,3,23,94,244.33,3
67071,2026-07-21,2026-07-25,1,388,15,22,74,451.22,8
67072,2026-07-08,2026-07-11,3,32,13,37,102,240.37,3
67073,2026-07-06,2026-07-09,3,299,10,41,134,290.1,7
67074,2026-07-10,2026-07-16,1,89,8,31,139,435.6,5
67075,2026-07-06,2026-07-09,3,36,16,38,43,178.36,2
67076,2026-07-16,2026-07-23,2,172,11,49,61,439.38,10
67077,2026-07-27,2026-07-28,2,281,18,18,169,201.71,5
67078,2026-07-28,2026-07-31,2,33,15,46,130,322.23,5
67079,2026-07-14,2026-07-21,1,146,1,23,140,93.24,3
67080,2026-08-02,2026-08-09,2,415,1,43,46,452.81,1
67081,2026-07-27,2026-07-31,2,23,17,10,94,398.52,1
67082,2026-07-06,2026-07-09,1,74,4,47,147,334.09,9
67083,2026-08-01,2026-08-07,1,362,15,16,86,386.93,1
67084,2026-07-11,2026-07-14,2,227,9,15,52,413.44,10
67085,2026-07-08,2026-07-12,2,97,5,48,109,452.8,9
67086,2026-07-24,2026-07-31,2,233,11,28,173,172.1,4
67087,2026-07-31,2026-08-03,3,400,18,11,186,348.7,10
67088,2026-07-10,2026-07-15,2,81,16,34,175,384.82,2
67089,2026-07-20,2026-07-21,3,286,2,48,79,172.47,6
67090,2026-07-20,2026-07-22,2,397,17,13,21,125.43,4
67091,2026-07-26,2026-07-29,1,165,5,33,127,153.51,8
67092,2026-07-31,2026-08-07,1,175,4,17,108,390.84,8
67093,2026-07-17,2026-07-19,2,145,16,12,132,114.69,3
67094,2026-08-01,2026-08-02,1,478,15,21,23,279.97,10
67095,2026-07-10,2026-07-16,3,98,1,29,82,332.67,6
67096,2026-07-05,2026-07-09,3,348,1,48,64,220.32,7
67097,2026-07-24,2026-07-26,3,64,12,18,147,451.09,4
67098,2026-07-19,2026-07-21,2,126,4,4,147,482.41,7
67099,2026-07-07,2026-07-12,3,261,11,28,165,78.57,10
67100,2026-07-16,2026-07-22,2,49,6,15,175,157.23,9
67101,2026-07-03,2026-07-10,2,457,17,42,127,75.53,5
67102,2026-07-13,2026-07-18,2,400,5,32,81,314.04,5
67103,2026-07-06,2026-07-09,1,36,3,7,49,38.66,10
67104,2026-08-02,2026-08-05,3,230,7,37,148,92.27,1
67105,2026-08-02,2026-08-05,2,380,16,25,67,89.34,6
67106,2026-07-28,2026-07-31,2,107,9,49,19,282.43,1
67107,2026-07-27,2026-08-03,3,130,12,36,140,66.66,4
67108,2026-07-26,2026-07-31,3,43,17,37,164,447.3,9
67109,2026-07-13,2026-07-14,3,123,9,7,105,366.65,10
67110,2026-07-08,2026-07-13,3,204,17,10,51,281.97,9
67111,2026-07-03,2026-07-06,1,229,3,43,164,282.69,10
67112,2026-07-19,2026-07-23,1,419,20,6,75,28.81,4
67113,2026-07-04,2026-07-08,1,228,17,14,41,64.77,8
67114,2026-07-19,2026-07-21,2,172,17,2,26,367.55,4
67115,2026-07-18,2026-07-24,2,129,13,30,154,182.07,5
67116,2026-07-24,2026-07-27,1,370,8,17,20,327.65,3
67117,2026-07-18,2026-07-24,1,104,3,26,71,69.16,1
67118,2026-07-24,2026-07-29,3,45,8,32,97,117.36,3
67119,2026-07-26,2026-07-28,1,224,19,6,56,315.03,6
67120,2026-07-25,2026-08-01,1,208,3,13,179,159.15,1
67121,2026-08-02,2026-08-03,3,379,20,50,18,79.83,2
67122,2026-07-24,2026-07-30,1,25,12,17,176,302.22,2
67123,2026-07-26,2026-07-31,3,226,12,32,166,241.51,8
67124,2026-07-19,2026-07-24,3,120,13,28,23,118.93,4
67125,2026-07-09,2026-07-16,1,337,5,3,184,158.77,6
67126,2026-07-29,2026-08-03,1,111,19,21,12,266.78,9
67127,2026-07-08,2026-07-12,2,67,8,26,111,159.97,9
67128,2026-07-29,2026-07-30,3,233,9,19,198,158.78,1
67129,2026-08-02,2026-08-04,2,477,1,28,103,186.39,9
67130,2026-07-29,2026-07-31,2,172,5,5,199,404.72,9
67131,2026-07-07,2026-07-12,3,43,7,18,147,17.37,6
67132,2026-07-26,2026-07-31,3,437,8,14,46,402.83,8
67133,2026-07-21,2026-07-23,3,370,4,35,104,272.63,8
67134,2026-07-31,2026-08-01,1,7,3,18,60,28.57,4
67135,2026-08-02,2026-08-08,3,414,1,45,195,337.23,1
67136,2026-07-09,2026-07-14,3,372,10,15,185,49.67,9
67137,2026-07-24,2026-07-25,3,431,3,45,18,88.28,5
67138,2026-07-25,2026-07-30,2,211,10,24,16,368.64,5
67139,2026-07-08,2026-07-09,1,295,13,29,4,85.83,8
67140,2026-07-22,2026-07-23,2,163,7,38,180,432.14,7
67141,2026-07-19,2026-07-24,3,130,18,18,77,33.78,7
67142,2026-07-25,2026-07-30,1,64,12,14,35,119.88,1
67143,2026-07-11,2026-07-15,2,185,8,47,8,354.78,7
67144,2026-07-29,2026-08-04,2,249,9,38,200,311.35,3
67145,2026-07-13,2026-07-14,1,6,19,27,90,24.25,5
67146,2026-07-30,2026-08-04,2,209,14,3,140,287.62,4
67147,2026-07-17,2026-07-19,1,289,5,48,120,10.04,4
67148,2026-07-16,2026-07-18,3,231,2,29,181,438.73,2
67149,2026-07-17,2026-07-19,1,400,7,42,61,319.19,2
67150,2026-07-10,2026-07-17,2,130,6,13,60,333.35,4
67151,2026-07-31,2026-08-06,1,289,12,8,71,446.36,3
67152,2026-07-06,2026-07-11,1,205,12,50,86,352.15,6
67153,2026-07-29,2026-07-31,2,415,17,44,57,158.7,6
67154,2026-07-08,2026-07-14,2,230,15,8,82,323.07,3
67155,2026-07-09,2026-07-12,2,31,18,40,153,297.42,4
67156,2026-07-08,2026-07-11,1,206,4,25,159,44.86,1
67157,2026-07-11,2026-07-18,3,146,20,6,191,156.4,3
67158,2026-07-05,2026-07-12,2,264,13,20,120,189.51,2
67159,2026-07-09,2026-07-14,3,316,3,3,81,330.86,2
67160,2026-07-13,2026-07-16,2,81,3,6,157,105.69,4
67161,2026-07-12,2026-07-17,1,486,6,44,33,47.61,5
67162,2026-07-03,2026-07-04,2,196,20,30,41,114.79,1
67163,2026-07-12,2026-07-18,1,67,3,48,54,161.94,5
67164,2026-07-03,2026-07-06,3,137,15,6,6,232.1,7
67165,2026-07-19,2026-07-25,2,138,17,22,2,249.88,7
67166,2026-07-14,2026-07-21,3,468,20,38,110,98.2,3
67167,2026-07-23,2026-07-27,2,189,5,37,55,226.1,2
67168,2026-07-14,2026-07-16,2,481,8,20,184,433.05,6
67169,2026-07-11,2026-07-14,1,216,9,14,39,495.8,10
67170,2026-07-19,2026-07-21,3,341,14,3,69,424.25,10
67171,2026-07-13,2026-07-15,1,339,18,19,180,23.83,1
67172,2026-07-21,2026-07-26,3,10,17,48,107,428.12,10
67173,2026-07-30,2026-08-06,3,81,1,45,35,271.2,8
67174,2026-07-28,2026-08-01,1,313,18,4,155,323.27,1
67175,2026-07-18,2026-07-22,1,126,7,40,61,434.63,9
67176,2026-07-12,2026-07-15,3,497,14,37,18,77.25,8
67177,2026-07-17,2026-07-22,3,123,7,47,153,340.43,7
67178,2026-07-07,2026-07-09,1,407,6,4,35,30.1,2
67179,2026-07-15,2026-07-21,1,253,11,30,129,82.93,9
67180,2026-07-28,2026-08-01,1,149,10,28,43,74.4,5
67181,2026-07-06,2026-07-08,1,187,3,28,111,98.09,6
67182,2026-07-05,2026-07-11,2,287,8,31,47,58.31,1
67183,2026-07-20,2026-07-27,3,192,19,33,187,191.26,9
67184,2026-08-02,2026-08-09,1,252,10,23,72,422.34,4
67185,2026-07-24,2026-07-31,1,192,16,13,50,128.94,7
67186,2026-07-08,2026-07-14,3,344,11,42,22,448.94,1
67187,2026-07-05,2026-07-07,2,404,1,12,82,238.36,5
67188,2026-07-11,2026-07-16,1,264,6,24,157,343.1,3
67189,2026-07-08,2026-07-09,3,249,13,28,73,195.23,3
67190,2026-07-29,2026-08-02,2,421,6,39,26,487.13,3
67191,2026-07-18,2026-07-19,1,252,7,11,110,343.61,10
67192,2026-07-14,2026-07-19,2,440,10,19,70,48.98,9
67193,2026-07-17,2026-07-24,2,424,5,15,144,421.9,4
67194,2026-07-12,2026-07-14,2,189,16,37,39,189.72,7
67195,2026-08-02,2026-08-08,3,50,3,15,159,50.76,8
67196,2026-07-17,2026-07-23,2,261,5,50,126,214.99,9
67197,2026-07-20,2026-07-24,3,265,12,28,181,113.94,7
67198,2026-07-12,2026-07-18,2,77,19,23,83,431.82,7
67199,2026-07-08,2026-07-12,1,96,19,7,61,422.66,10
67200,2026-07-04,2026-07-10,3,469,19,5,154,384.69,10
67201,2026-07-09,2026-07-11,1,145,16,19,177,132.33,9
67202,2026-07-13,2026-07-16,1,254,9,24,3,291.96,5
67203,2026-07-19,2026-07-26,3,460,16,42,60,225.94,5
67204,2026-07-28,2026-07-30,1,440,5,41,148,9.48,4
67205,2026-07-20,2026-07-25,2,63,11,28,101,53.82,8
67206,2026-07-05,2026-07-10,3,340,7,17,180,404.44,7
67207,2026-07-09,2026-07-10,3,240,8,3,64,57.48,4
67208,2026-07-21,2026-07-28,2,127,8,8,59,30.43,4
67209,2026-07-17,2026-07-22,2,107,9,34,158,106.47,5
67210,2026-07-25,2026-07-30,3,223,15,9,200,103.22,2
67211,2026-07-27,2026-07-31,2,196,9,38,80,369.67,6
67212,2026-07-10,2026-07-12,3,61,2,22,88,158.84,10
67213,2026-07-16,2026-07-22,1,437,4,5,22,118.83,10
67214,2026-07-12,2026-07-18,3,96,11,2,94,114.68,10
67215,2026-07-06,2026-07-12,2,121,14,2,133,400.96,7
67216,2026-07-23,2026-07-25,3,55,7,1,28,492.98,10
67217,2026-07-24,2026-07-31,2,40,19,43,198,113.59,2
67218,2026-07-27,2026-08-01,2,496,20,17,128,160.23,7
67219,2026-07-12,2026-07-16,1,475,7,9,29,275.21,7
67220,2026-07-10,2026-07-11,1,381,17,5,143,404.95,7
67221,2026-08-01,2026-08-07,2,122,12,33,157,365.58,2
67222,2026-07-09,2026-07-14,1,436,3,2,106,230.78,10
67223,2026-07-11,2026-07-16,3,320,4,30,9,343.55,3
67224,2026-07-12,2026-07-14,2,2,10,35,174,57.92,9
67225,2026-07-03,2026-07-06,1,491,4,19,135,134.25,9
67226,2026-07-09,2026-07-12,3,225,10,21,184,179.97,2
67227,2026-07-16,2026-07-19,1,456,2,49,108,321.62,10
67228,2026-07-24,2026-07-27,1,485,19,5,160,300.71,6
67229,2026-07-14,2026-07-21,3,72,7,18,120,179.97,6
67230,2026-07-15,2026-07-17,1,151,14,24,28,251.5,10
67231,2026-07-05,2026-07-09,2,269,5,3,152,470.98,8
67232,2026-08-01,2026-08-08,1,408,2,14,184,494.37,9
67233,2026-07-31,2026-08-04,3,15,4,25,72,302.63,10
67234,2026-07-05,2026-07-12,3,476,20,2,167,448.85,3
67235,2026-07-30,2026-08-04,1,285,14,11,30,429.04,7
67236,2026-07-13,2026-07-16,1,167,18,49,36,336.19,1
67237,2026-07-08,2026-07-11,2,487,3,3,57,329.02,6
67238,2026-07-15,2026-07-21,1,463,8,5,23,210.71,3
67239,2026-07-27,2026-07-31,3,375,16,42,12,444.96,9
67240,2026-07-15,2026-07-22,2,334,2,18,3,134.4,9
67241,2026-07-09,2026-07-15,3,423,20,23,153,256.96,9
67242,2026-07-08,2026-07-14,2,120,2,17,141,244.88,6
67243,2026-07-07,2026-07-14,1,350,13,35,41,108.86,1
67244,2026-07-18,2026-07-22,2,324,19,40,161,290.16,7
67245,2026-07-21,2026-07-26,2,98,12,4,57,45.78,3
67246,2026-07-13,2026-07-18,1,224,20,44,157,262.42,6
67247,2026-07-24,2026-07-27,2,28,2,2,17,419.3,10
67248,2026-07-05,2026-07-08,1,277,4,43,118,260.45,6
67249,2026-07-30,2026-08-05,1,386,20,12,65,494.73,3
67250,2026-07-18,2026-07-24,3,50,8,32,191,106.29,10
67251,2026-07-13,2026-07-19,3,472,19,43,31,220.94,3
67252,2026-07-18,2026-07-23,3,359,18,8,193,181.61,10
67253,2026-07-10,2026-07-13,3,231,2,31,189,182.42,7
67254,2026-07-05,2026-07-08,3,161,13,29,28,479.78,5
67255,2026-08-02,2026-08-05,2,335,12,27,70,226.84,6
67256,2026-07-21,2026-07-22,2,293,9,31,30,350.23,10
67257,2026-07-07,2026-07-13,3,263,4,28,141,200.01,7
67258,2026-07-21,2026-07-27,2,77,15,6,132,274.84,4
67259,2026-07-08,2026-07-15,1,78,18,14,171,447.46,1
67260,2026-07-10,2026-07-12,2,323,18,18,104,240.56,2
67261,2026-07-13,2026-07-19,1,102,13,15,80,122.06,8
67262,2026-07-03,2026-07-09,2,436,18,19,114,343.42,10
67263,2026-07-31,2026-08-01,2,115,9,7,197,145.56,6
67264,2026-07-19,2026-07-26,3,172,16,39,36,201.39,5
67265,2026-07-04,2026-07-05,3,181,19,44,149,209.76,2
67266,2026-07-20,2026-07-23,2,260,4,27,194,242.83,5
67267,2026-07-22,2026-07-24,2,200,6,48,169,34.94,1
67268,2026-07-06,2026-07-09,1,100,11,1,29,225.45,7
67269,2026-07-26,2026-08-01,3,176,15,32,29,146.87,1
67270,2026-08-01,2026-08-04,3,396,15,27,148,497.81,9
67271,2026-07-29,2026-08-02,2,31,2,14,3,279.8,2
67272,2026-07-03,2026-07-06,2,199,17,25,175,350.5,10
67273,2026-08-02,2026-08-07,2,430,19,15,162,277.97,4
67274,2026-07-31,2026-08-01,3,379,17,17,55,257.6,1
67275,2026-07-07,2026-07-13,2,401,17,14,45,91.85,1
67276,2026-07-16,2026-07-18,3,58,12,38,55,448.72,3
67277,2026-07-11,2026-07-17,2,321,9,47,165,216.51,5
67278,2026-07-10,2026-07-17,3,118,6,37,93,210.03,3
67279,2026-07-31,2026-08-05,3,10,7,33,18,142.25,3
67280,2026-07-20,2026-07-27,3,245,11,31,145,359.62,1
67281,2026-07-19,2026-07-21,1,86,1,44,130,303.09,7
67282,2026-07-10,2026-07-12,2,266,6,22,181,196.35,5
67283,2026-07-10,2026-07-14,1,66,11,1,3,447.14,6
67284,2026-07-13,2026-07-14,1,380,11,1,76,108.93,5
67285,2026-07-25,2026-07-31,3,262,15,19,37,437.45,1
67286,2026-07-15,2026-07-16,2,142,10,9,51,59.9,4
67287,2026-07-25,2026-08-01,3,17,19,30,192,430.58,5
67288,2026-07-27,2026-08-02,1,434,20,29,39,466.13,10
67289,2026-07-11,2026-07-15,2,96,13,42,152,334.97,9
67290,2026-07-17,2026-07-23,3,141,2,6,41,152.97,8
67291,2026-07-24,2026-07-31,2,133,6,42,47,475.91,1
67292,2026-07-19,2026-07-25,2,325,12,13,137,475.3,3
67293,2026-07-19,2026-07-20,1,48,12,50,30,452.61,10
67294,2026-07-05,2026-07-09,3,301,11,15,190,97.44,9
67295,2026-07-27,2026-08-01,3,449,18,39,125,180.71,4
67296,2026-07-31,2026-08-06,3,89,4,19,81,25.78,7
67297,2026-07-23,2026-07-27,2,429,7,35,58,238.33,1
67298,2026-07-09,2026-07-15,3,190,10,19,161,88.93,10
67299,2026-07-28,2026-07-31,2,77,12,20,12,245.46,6
67300,2026-08-01,2026-08-05,2,216,19,15,12,320.54,7
67301,2026-07-13,2026-07-19,1,148,9,35,115,285.22,6
67302,2026-07-03,2026-07-05,1,121,1,34,141,126.97,9
67303,2026-07-25,2026-07-30,3,173,15,17,188,348.56,10
67304,2026-07-13,2026-07-14,1,446,14,1,134,121.52,1
67305,2026-07-08,2026-07-12,2,432,8,42,137,145.25,2
67306,2026-07-30,2026-07-31,3,11,2,22,25,190.14,3
67307,2026-07-06,2026-07-10,3,442,16,40,178,97.97,3
67308,2026-07-18,2026-07-24,1,178,10,3,56,145.32,4
67309,2026-07-26,2026-08-01,1,72,5,29,38,176.98,1
67310,2026-07-20,2026-07-22,3,392,12,31,170,134.58,7
67311,2026-07-17,2026-07-21,2,449,16,9,26,320.37,4
67312,2026-08-02,2026-08-07,1,492,2,7,82,172.3,8
67313,2026-08-01,2026-08-03,1,52,2,18,155,47.38,3
67314,2026-07-18,2026-07-21,1,448,11,2,34,80.38,3
67315,2026-07-11,2026-07-16,3,428,20,29,76,214.14,6
67316,2026-07-09,2026-07-10,1,486,1,44,56,47.67,5
67317,2026-07-19,2026-07-23,2,313,8,20,84,487.09,4
67318,2026-07-15,2026-07-19,3,344,6,43,16,248.88,9
67319,2026-07-08,2026-07-11,3,138,15,29,183,421.57,10
67320,2026-07-11,2026-07-17,3,427,9,23,142,85.75,8
67321,2026-07-19,2026-07-21,2,21,19,22,150,158.16,1
67322,2026-07-10,2026-07-15,1,368,11,3,18,208.86,7
67323,2026-07-21,2026-07-22,2,306,12,30,47,156.7,1
67324,2026-07-16,2026-07-19,1,121,13,14,131,443.01,1
67325,2026-07-07,2026-07-12,3,219,1,31,109,183.82,10
67326,2026-07-09,2026-07-15,3,332,9,30,140,231.59,5
67327,2026-07-24,2026-07-28,2,358,5,20,70,83.53,7
67328,2026-07-25,2026-08-01,2,43,8,5,183,263.42,9
67329,2026-07-28,2026-07-31,1,316,20,36,36,194.05,2
67330,2026-07-04,2026-07-09,2,35,2,11,62,405.68,2
67331,2026-07-25,2026-07-28,2,494,15,49,170,448.19,5
67332,2026-07-15,2026-07-17,2,241,12,48,70,135.32,6
67333,2026-07-26,2026-08-01,1,374,15,23,61,34.39,5
67334,2026-07-15,2026-07-18,3,71,1,48,98,462.36,9
67335,2026-08-02,2026-08-09,3,408,16,27,51,372.86,2
67336,2026-07-26,2026-07-29,1,498,14,4,143,467.38,8
67337,2026-07-28,2026-07-29,3,248,9,30,151,126.56,7
67338,2026-07-03,2026-07-09,3,52,2,3,168,42.19,1
67339,2026-07-24,2026-07-31,3,369,3,13,149,462.27,6
67340,2026-07-18,2026-07-21,3,111,12,10,2,352.95,3
67341,2026-07-29,2026-08-02,2,321,11,35,164,20.76,7
67342,2026-07-19,2026-07-23,1,398,12,19,168,484.87,4
67343,2026-07-17,2026-07-24,3,483,1,9,48,90.1,4
67344,2026-08-01,2026-08-04,1,244,10,31,117,476.86,2
67345,2026-07-14,2026-07-19,3,449,18,18,74,365.79,5
67346,2026-07-31,2026-08-05,2,356,2,23,173,155.58,8
67347,2026-07-22,2026-07-28,3,316,14,41,162,51.09,2
67348,2026-07-28,2026-08-02,1,481,19,7,26,446.23,8
67349,2026-07-07,2026-07-09,2,18,10,3,184,154.88,10
67350,2026-07-10,2026-07-13,1,131,7,3,104,442.43,7
67351,2026-07-30,2026-07-31,3,320,4,44,197,269.29,6
67352,2026-07-15,2026-07-21,3,20,3,3,107,59.51,3
67353,2026-07-31,2026-08-05,2,191,17,35,53,455.47,9
67354,2026-07-07,2026-07-09,2,79,15,20,51,453.21,10
67355,2026-07-27,2026-08-01,2,472,2,46,27,42.51,10
67356,2026-07-06,2026-07-10,1,361,8,23,100,190.63,2
67357,2026-07-07,2026-07-08,3,156,2,19,82,289.79,2
67358,2026-07-21,2026-07-26,3,416,17,23,185,285.44,3
67359,2026-07-23,2026-07-28,2,214,8,33,98,267.38,10
67360,2026-07-07,2026-07-13,1,219,11,37,35,185.31,10
67361,2026-07-08,2026-07-10,1,145,20,36,173,271.53,9
67362,2026-07-26,2026-07-29,2,385,1,13,44,388.03,10
67363,2026-07-05,2026-07-06,3,353,7,7,130,28.79,2
67364,2026-07-07,2026-07-10,2,282,12,8,120,362.11,8
67365,2026-07-27,2026-08-02,2,18,13,3,125,220.74,6
67366,2026-07-23,2026-07-26,3,11,19,50,149,68.39,6
67367,2026-07-27,2026-07-29,3,396,10,10,41,37.61,1
67368,2026-07-22,2026-07-27,2,395,4,36,161,450.66,8
67369,2026-07-30,2026-08-06,3,382,6,45,36,409.42,2
67370,2026-07-06,2026-07-13,3,170,17,4,10,70.05,7
67371,2026-07-31,2026-08-07,2,495,11,38,175,356.9,2
67372,2026-07-18,2026-07-22,3,154,3,18,123,27.5,8
67373,2026-07-04,2026-07-10,3,135,13,33,76,424.51,8
67374,2026-07-08,2026-07-14,1,178,5,45,47,413.37,6
67375,2026-07-11,2026-07-17,3,480,6,28,128,185.39,2
67376,2026-07-07,2026-07-13,1,139,16,6,189,425.88,9
67377,2026-07-06,2026-07-08,2,279,10,26,85,477.68,3
67378,2026-08-02,2026-08-07,2,124,12,10,86,149.27,3
67379,2026-08-01,2026-08-04,2,376,2,40,8,97.19,3
67380,2026-07-22,2026-07-25,2,207,2,37,37,452.59,10
67381,2026-07-21,2026-07-23,3,264,20,23,103,184.79,7
67382,2026-07-08,2026-07-14,2,351,14,48,4,334.83,2
67383,2026-07-20,2026-07-21,3,278,17,3,9,229.56,1
67384,2026-08-02,2026-08-07,2,270,15,8,61,419.38,1
67385,2026-07-14,2026-07-18,3,53,5,25,70,215.31,3
67386,2026-07-31,2026-08-07,3,184,5,39,164,75.15,10
67387,2026-07-09,2026-07-14,2,451,2,36,54,266.27,5
67388,2026-07-09,2026-07-15,2,341,15,31,128,282.25,2
67389,2026-07-21,2026-07-22,1,388,2,12,35,232.73,7
67390,2026-07-13,2026-07-14,2,450,10,37,12,148.83,1
67391,2026-07-17,2026-07-22,2,156,17,25,161,36.74,10
67392,2026-07-03,2026-07-05,3,151,8,9,129,336.37,3
67393,2026-07-25,2026-07-30,1,18,20,6,171,319.63,3
67394,2026-07-08,2026-07-09,2,378,11,37,149,25.53,10
67395,2026-07-31,2026-08-03,2,292,4,7,190,78.89,8
67396,2026-07-11,2026-07-15,3,205,13,20,50,291.69,9
67397,2026-07-25,2026-07-26,3,361,13,4,179,196.47,8
67398,2026-08-02,2026-08-08,2,442,2,8,3,269.46,10
67399,2026-07-10,2026-07-15,1,484,4,24,185,91.17,9
67400,2026-07-15,2026-07-21,3,474,12,49,41,341.29,9
67401,2026-07-28,2026-08-04,2,483,14,43,39,419.9,10
67402,2026-07-12,2026-07-19,1,368,10,39,198,257.43,8
67403,2026-07-11,2026-07-12,2,294,7,28,81,24.03,4
67404,2026-07-11,2026-07-18,1,218,15,34,75,289.68,1
67405,2026-07-23,2026-07-26,3,289,18,2,126,94.53,5
67406,2026-07-20,2026-07-21,1,433,14,45,125,154.33,9
67407,2026-07-04,2026-07-05,3,23,10,9,55,416.56,8
67408,2026-07-31,2026-08-03,1,449,9,2,176,44.97,3
67409,2026-07-03,2026-07-10,3,403,15,30,180,172.72,7
67410,2026-07-20,2026-07-27,3,487,3,15,141,387.99,5
67411,2026-07-03,2026-07-07,1,452,3,29,36,325.24,2
67412,2026-07-23,2026-07-24,3,492,10,16,171,151.37,8
67413,2026-07-22,2026-07-24,3,34,14,18,133,277.65,10
67414,2026-07-05,2026-07-12,3,242,5,18,200,173.19,6
67415,2026-07-18,2026-07-24,2,339,1,43,151,186.95,4
67416,2026-07-15,2026-07-17,3,485,16,36,27,386.17,4
67417,2026-07-31,2026-08-04,3,23,13,27,11,117.88,4
67418,2026-07-22,2026-07-24,3,243,6,13,171,262.51,6
67419,2026-07-08,2026-07-13,1,271,14,9,73,276.1,5
67420,2026-07-21,2026-07-23,2,405,1,47,162,81.79,8
67421,2026-07-16,2026-07-17,3,244,12,12,199,336.98,4
67422,2026-07-22,2026-07-23,1,88,3,42,150,115.02,9
67423,2026-07-17,2026-07-20,1,362,5,31,161,483.05,6
67424,2026-07-10,2026-07-17,3,375,20,18,118,456.81,5
67425,2026-07-29,2026-08-04,2,492,20,19,66,481.85,1
67426,2026-07-30,2026-07-31,1,477,3,47,142,237.97,2
67427,2026-07-21,2026-07-26,1,376,19,11,47,370.19,8
67428,2026-07-21,2026-07-26,1,284,3,33,104,56.6,2
67429,2026-07-26,2026-07-31,2,43,15,23,153,217.28,2
67430,2026-07-26,2026-08-01,1,341,16,10,147,244.17,3
67431,2026-07-14,2026-07-19,1,29,17,38,148,26.03,2
67432,2026-07-29,2026-08-05,1,299,7,30,178,496.47,4
67433,2026-07-04,2026-07-07,3,44,18,38,12,198.76,3
67434,2026-07-24,2026-07-26,3,266,13,22,155,89.58,2
67435,2026-07-29,2026-08-02,1,60,6,41,79,134.55,9
67436,2026-07-22,2026-07-23,3,2,4,16,92,483.69,8
67437,2026-08-02,2026-08-08,1,187,12,23,121,122.58,9
67438,2026-07-30,2026-08-01,1,234,9,1,86,5.02,1
67439,2026-07-29,2026-08-03,1,437,13,30,153,114.75,9
67440,2026-07-13,2026-07-18,1,130,13,40,189,252.16,7
67441,2026-07-06,2026-07-10,1,332,9,8,26,389.79,10
67442,2026-07-04,2026-07-06,3,244,13,26,21,437.1,1
67443,2026-07-10,2026-07-11,1,334,12,17,147,179.67,10
67444,2026-07-21,2026-07-23,1,332,17,36,169,330.98,6
67445,2026-07-24,2026-07-27,3,500,1,36,39,404.02,5
67446,2026-07-04,2026-07-06,1,478,2,15,114,472.63,9
67447,2026-07-04,2026-07-11,3,308,18,19,110,351.44,10
67448,2026-07-06,2026-07-12,2,445,1,41,190,6.2,2
67449,2026-07-27,2026-08-02,3,339,11,23,145,297.96,2
67450,2026-07-13,2026-07-14,2,216,13,47,71,346.69,9
67451,2026-07-28,2026-08-01,1,233,15,9,178,134.51,9
67452,2026-07-29,2026-08-02,1,220,17,9,24,408.89,9
67453,2026-07-30,2026-08-05,1,229,16,8,112,26.44,6
67454,2026-07-14,2026-07-15,3,70,18,2,114,343.13,10
67455,2026-08-01,2026-08-06,3,170,14,31,29,234.71,9
67456,2026-07-07,2026-07-10,2,282,16,9,119,113.47,9
67457,2026-07-17,2026-07-20,3,21,17,16,112,54.81,2
67458,2026-07-10,2026-07-14,1,490,16,8,24,48.66,3
67459,2026-07-07,2026-07-11,3,353,6,21,12,352.74,6
67460,2026-07-13,2026-07-18,2,250,12,40,119,9.46,9
67461,2026-07-19,2026-07-20,1,329,10,2,152,354.18,1
67462,2026-08-01,2026-08-02,1,223,10,13,10,493.42,6
67463,2026-07-22,2026-07-28,2,428,11,46,168,11.85,3
67464,2026-07-16,2026-07-21,1,401,1,43,60,488.93,5
67465,2026-07-14,2026-07-20,3,280,17,1,194,360.68,1
67466,2026-07-23,2026-07-25,1,408,2,8,94,37.17,4
67467,2026-07-15,2026-07-16,1,259,1,48,195,299.94,1
67468,2026-07-17,2026-07-21,2,274,17,45,75,98.87,4
67469,2026-07-25,2026-07-26,3,119,13,27,182,130.08,2
67470,2026-07-24,2026-07-26,2,237,11,15,199,318.1,8
67471,2026-07-08,2026-07-11,2,370,14,14,102,25.94,3
67472,2026-07-15,2026-07-17,2,96,16,6,54,37.81,9
67473,2026-07-27,2026-07-30,2,479,19,29,22,343.76,5
67474,2026-07-20,2026-07-25,2,406,19,14,159,168.65,3
67475,2026-07-07,2026-07-09,2,45,11,32,2,403.7,2
67476,2026-07-25,2026-07-30,2,125,2,50,102,149.4,4
67477,2026-08-01,2026-08-03,2,161,2,38,157,51.91,5
67478,2026-07-12,2026-07-14,3,258,13,37,140,488.73,9
67479,2026-07-13,2026-07-15,3,254,3,45,148,178.79,8
67480,2026-07-13,2026-07-14,3,344,7,38,45,214.89,9
67481,2026-07-15,2026-07-18,3,76,17,29,27,42.12,8
67482,2026-07-19,2026-07-21,3,476,5,12,2,75.9,2
67483,2026-07-05,2026-07-09,1,196,1,30,86,291.81,1
67484,2026-07-29,2026-08-04,3,157,9,25,47,20.21,6
67485,2026-07-30,2026-08-05,2,417,5,37,56,386.15,1
67486,2026-07-04,2026-07-08,1,235,8,21,62,145.5,6
67487,2026-07-19,2026-07-24,3,464,4,1,44,215.85,7
67488,2026-07-24,2026-07-26,3,264,2,35,164,242.69,1
67489,2026-07-04,2026-07-10,1,68,4,27,130,461.6,8
67490,2026-08-02,2026-08-04,1,52,13,10,87,356.1,10
67491,2026-07-15,2026-07-17,1,459,9,30,19,359.14,8
67492,2026-07-05,2026-07-11,1,414,17,39,47,128.21,7
67493,2026-07-25,2026-07-27,2,351,6,1,50,424.34,5
67494,2026-07-21,2026-07-25,3,21,5,41,105,251.46,6
67495,2026-07-29,2026-08-02,2,191,14,17,197,304.95,8
67496,2026-08-01,2026-08-06,2,215,12,26,133,100.44,8
67497,2026-07-16,2026-07-22,2,242,1,48,200,95.33,9
67498,2026-07-13,2026-07-17,3,60,1,36,152,124.63,3
67499,2026-07-30,2026-07-31,1,322,15,39,114,92.48,3
67500,2026-07-12,2026-07-15,2,56,16,20,90,23.06,7
67501,2026-07-26,2026-07-27,3,386,7,48,39,190.01,1
67502,2026-07-14,2026-07-17,2,480,12,3,185,297.32,6
67503,2026-07-11,2026-07-18,2,470,16,8,132,243.51,3
67504,2026-07-22,2026-07-27,3,134,8,15,151,445.99,1
67505,2026-07-15,2026-07-16,2,115,18,29,33,230.75,2
67506,2026-07-09,2026-07-15,2,467,11,33,179,439.92,10
67507,2026-07-22,2026-07-28,3,103,15,29,48,458.38,9
67508,2026-07-06,2026-07-09,1,22,17,47,40,32.28,1
67509,2026-07-15,2026-07-16,1,336,16,20,55,209.76,6
67510,2026-07-14,2026-07-15,3,181,20,28,41,309.59,3
67511,2026-07-03,2026-07-09,3,156,6,42,165,162.84,1
67512,2026-07-19,2026-07-22,2,215,2,16,10,18.76,7
67513,2026-07-06,2026-07-08,1,244,19,26,179,427.68,3
67514,2026-07-28,2026-07-31,2,257,16,47,168,336.09,1
67515,2026-07-25,2026-07-29,2,229,13,17,50,56.46,9
67516,2026-07-30,2026-08-02,1,349,2,5,15,108.49,5
67517,2026-07-29,2026-08-05,2,379,4,38,82,26.52,10
67518,2026-07-21,2026-07-26,3,348,8,10,162,231.25,7
67519,2026-07-11,2026-07-18,2,143,15,27,79,200.92,5
67520,2026-08-02,2026-08-08,1,349,7,2,149,222.93,6
67521,2026-07-06,2026-07-10,1,381,20,35,142,279.52,5
67522,2026-07-17,2026-07-24,1,4,15,48,134,392.97,10
67523,2026-07-23,2026-07-25,3,110,15,12,102,48.4,4
67524,2026-07-18,2026-07-22,1,469,13,48,197,286.77,4
67525,2026-08-01,2026-08-08,2,181,6,24,128,35.33,7
67526,2026-07-05,2026-07-07,1,44,3,42,182,340.82,6
67527,2026-07-10,2026-07-14,3,500,6,5,10,155.09,9
67528,2026-07-11,2026-07-17,2,78,11,33,143,85.17,10
67529,2026-07-20,2026-07-26,2,189,4,1,59,27.58,2
67530,2026-07-07,2026-07-12,1,236,3,12,30,344.75,4
67531,2026-07-04,2026-07-09,1,127,1,20,83,458.36,1
67532,2026-07-12,2026-07-19,1,201,20,9,79,355.18,8
67533,2026-07-06,2026-07-08,3,485,10,50,195,297.48,3
67534,2026-07-10,2026-07-12,1,114,3,26,177,352.11,4
67535,2026-07-07,2026-07-13,3,330,11,15,131,69.05,9
67536,2026-07-25,2026-07-28,3,242,19,18,53,496.38,6
67537,2026-07-22,2026-07-25,2,370,18,21,79,37.16,9
67538,2026-07-24,2026-07-26,3,308,10,41,153,238.0,2
67539,2026-07-05,2026-07-10,2,31,20,3,17,349.31,9
67540,2026-07-11,2026-07-15,1,318,15,6,164,179.6,5
67541,2026-07-15,2026-07-21,3,70,9,7,13,284.87,5
67542,2026-07-27,2026-08-01,2,88,5,41,130,218.89,5
67543,2026-07-03,2026-07-10,2,224,4,29,112,299.64,1
67544,2026-07-25,2026-07-26,3,407,7,25,59,272.22,6
67545,2026-07-19,2026-07-26,1,215,16,47,44,36.49,5
67546,2026-07-21,2026-07-26,1,177,19,24,76,88.59,7
67547,2026-07-22,2026-07-23,1,315,1,30,135,59.32,4
67548,2026-07-09,2026-07-10,3,142,2,44,126,265.29,9
67549,2026-07-21,2026-07-26,2,259,5,28,98,271.22,10
67550,2026-08-01,2026-08-08,2,388,6,23,53,92.75,3
67551,2026-07-11,2026-07-13,3,83,13,37,65,459.44,3
67552,2026-07-31,2026-08-01,2,148,16,4,87,218.12,7
67553,2026-07-08,2026-07-15,2,14,4,7,177,45.6,9
67554,2026-07-10,2026-07-17,2,436,10,28,58,28.28,8
67555,2026-07-04,2026-07-11,1,401,18,47,1,329.1,3
67556,2026-07-11,2026-07-18,3,304,11,45,53,218.86,1
67557,2026-07-09,2026-07-11,1,431,9,22,200,472.88,7
67558,2026-07-25,2026-07-27,1,426,17,21,79,113.56,6
67559,2026-07-12,2026-07-14,1,255,18,38,164,26.14,8
67560,2026-07-03,2026-07-09,1,221,18,43,30,345.2,10
67561,2026-07-04,2026-07-09,3,371,16,13,19,111.36,4
67562,2026-08-01,2026-08-08,3,207,3,36,72,103.47,10
67563,2026-07-23,2026-07-27,3,81,13,50,137,330.95,5
67564,2026-07-15,2026-07-16,3,458,2,27,61,477.38,5
67565,2026-07-24,2026-07-27,2,301,16,27,42,472.15,6
67566,2026-07-25,2026-07-29,3,478,5,21,45,94.82,3
67567,2026-07-05,2026-07-12,1,470,16,9,189,202.05,1
67568,2026-07-05,2026-07-06,3,257,8,21,134,49.65,3
67569,2026-07-19,2026-07-20,1,138,8,26,157,488.98,9
67570,2026-08-02,2026-08-07,3,168,5,42,9,214.59,6
67571,2026-07-10,2026-07-17,1,176,6,29,5,297.55,5
67572,2026-07-29,2026-08-05,3,108,10,39,158,8.76,7
67573,2026-07-10,2026-07-13,1,283,16,44,121,147.81,6
67574,2026-07-20,2026-07-25,3,236,4,11,111,390.55,3
67575,2026-07-17,2026-07-24,1,184,7,46,165,446.32,8
67576,2026-07-23,2026-07-26,1,135,14,25,76,9.92,4
67577,2026-07-22,2026-07-25,2,263,9,18,37,101.14,8
67578,2026-07-15,2026-07-18,1,195,5,31,32,255.23,10
67579,2026-07-19,2026-07-22,3,147,15,40,58,368.36,5
67580,2026-07-17,2026-07-21,3,410,13,1,41,56.5,5
67581,2026-07-05,2026-07-11,2,211,10,21,20,301.81,4
67582,2026-07-22,2026-07-23,1,153,3,12,152,355.77,7
67583,2026-07-13,2026-07-14,3,296,13,4,33,32.64,7
67584,2026-08-01,2026-08-08,2,372,13,5,123,266.33,5
67585,2026-07-27,2026-08-03,3,271,20,6,136,219.74,2
67586,2026-07-22,2026-07-24,1,464,15,15,108,384.66,9
67587,2026-07-07,2026-07-14,2,217,7,47,169,74.15,3
67588,2026-07-05,2026-07-12,3,45,4,20,48,258.1,2
67589,2026-07-06,2026-07-10,3,122,4,38,137,397.41,10
67590,2026-08-02,2026-08-07,2,84,4,42,28,202.11,4
67591,2026-07-22,2026-07-29,2,446,13,12,178,79.49,2
67592,2026-08-02,2026-08-09,2,493,14,11,38,27.05,1
67593,2026-07-24,2026-07-31,3,353,20,39,125,280.14,3
67594,2026-07-11,2026-07-17,2,252,13,28,34,32.2,10
67595,2026-07-18,2026-07-25,2,488,9,47,30,109.25,10
67596,2026-07-07,2026-07-09,3,153,14,21,173,235.6,5
67597,2026-07-22,2026-07-23,1,231,13,10,59,344.29,2
67598,2026-07-09,2026-07-12,2,432,13,27,178,161.05,6
67599,2026-07-03,2026-07-09,3,225,2,27,74,166.5,10
67600,2026-08-02,2026-08-03,3,104,19,5,48,80.55,5
67601,2026-07-19,2026-07-20,3,282,18,50,33,183.22,2
67602,2026-07-21,2026-07-28,1,125,5,44,145,452.52,4
67603,2026-08-02,2026-08-04,3,212,1,32,30,268.65,7
67604,2026-07-26,2026-07-27,3,235,4,33,188,469.28,1
67605,2026-07-08,2026-07-09,1,396,9,47,137,265.03,2
67606,2026-07-14,2026-07-20,1,461,15,50,37,41.35,4
67607,2026-07-22,2026-07-25,3,481,18,43,106,96.86,6
67608,2026-07-16,2026-07-20,1,412,20,4,78,216.15,2
67609,2026-08-01,2026-08-02,1,314,2,21,112,361.46,1
67610,2026-07-11,2026-07-16,1,223,16,37,48,424.7,4
67611,2026-07-08,2026-07-12,2,234,17,33,173,105.37,5
67612,2026-07-05,2026-07-08,3,235,17,28,190,271.34,4
67613,2026-07-30,2026-07-31,1,88,12,24,101,28.62,2
67614,2026-07-04,2026-07-07,1,84,7,23,17,160.09,2
67615,2026-07-21,2026-07-22,3,376,7,2,37,190.9,1
67616,2026-07-09,2026-07-15,2,227,10,42,195,306.43,6
67617,2026-07-13,2026-07-18,2,61,13,41,113,484.12,5
67618,2026-07-15,2026-07-19,3,291,15,37,135,253.03,8
67619,2026-07-27,2026-07-29,3,373,13,37,166,215.01,4
67620,2026-08-01,2026-08-08,1,275,19,32,121,61.18,3
67621,2026-07-07,2026-07-13,3,86,14,22,194,498.59,5
67622,2026-07-11,2026-07-15,2,410,7,41,127,463.26,4
67623,2026-07-05,2026-07-09,1,171,16,41,145,217.78,2
67624,2026-07-25,2026-07-27,2,448,13,10,24,477.98,10
67625,2026-07-29,2026-08-01,1,348,14,30,31,117.56,10
67626,2026-08-01,2026-08-02,2,149,10,42,61,216.58,3
67627,2026-07-08,2026-07-11,1,56,15,49,141,187.89,8
67628,2026-07-03,2026-07-08,3,493,8,3,54,16.73,4
67629,2026-07-25,2026-07-30,3,329,4,4,159,429.45,8
67630,2026-07-15,2026-07-17,3,10,19,25,22,414.15,2
67631,2026-08-02,2026-08-04,3,174,19,47,94,120.31,5
67632,2026-08-01,2026-08-06,2,494,13,33,146,282.02,4
67633,2026-07-25,2026-07-31,1,409,11,36,194,123.65,1
67634,2026-07-11,2026-07-17,3,206,3,24,19,206.58,2
67635,2026-07-27,2026-08-01,1,423,15,2,18,114.21,4
67636,2026-07-28,2026-07-30,3,437,9,2,111,233.7,5
67637,2026-07-27,2026-07-31,3,363,15,48,128,465.52,9
67638,2026-08-02,2026-08-05,3,350,12,1,23,306.4,6
67639,2026-07-20,2026-07-27,2,280,4,29,178,415.81,3
67640,2026-07-18,2026-07-21,2,172,6,33,5,405.33,7
67641,2026-07-26,2026-07-30,3,148,20,14,55,387.48,1
67642,2026-07-18,2026-07-23,2,82,19,41,198,109.49,2
67643,2026-07-06,2026-07-09,2,327,17,45,2,166.3,8
67644,2026-07-15,2026-07-18,3,329,13,27,100,260.32,6
67645,2026-07-18,2026-07-20,1,184,8,17,146,421.17,6
67646,2026-08-02,2026-08-06,2,231,18,14,110,496.33,8
67647,2026-07-24,2026-07-29,1,254,7,44,125,22.23,8
67648,2026-07-15,2026-07-21,3,74,2,9,123,68.58,8
67649,2026-07-19,2026-07-23,3,16,13,21,115,54.29,3
67650,2026-07-12,2026-07-14,1,114,6,1,144,360.2,8
67651,2026-07-26,2026-08-02,3,71,8,40,69,499.17,2
67652,2026-07-19,2026-07-25,3,274,10,33,41,270.97,8
67653,2026-07-05,2026-07-12,1,110,3,24,36,69.23,4
67654,2026-07-12,2026-07-16,1,397,19,12,181,116.13,8
67655,2026-07-10,2026-07-17,1,466,2,3,178,482.33,8
67656,2026-07-09,2026-07-16,3,175,16,1,32,171.13,9
67657,2026-07-08,2026-07-11,2,57,1,26,69,496.71,5
67658,2026-07-04,2026-07-08,2,386,6,35,93,98.41,4
67659,2026-07-13,2026-07-17,3,281,3,5,79,298.21,9
67660,2026-07-07,2026-07-12,1,288,16,14,117,218.72,8
67661,2026-07-14,2026-07-15,1,440,3,40,187,146.65,5
67662,2026-07-21,2026-07-25,2,376,2,48,136,419.95,4
67663,2026-07-10,2026-07-14,3,427,20,21,87,120.11,5
67664,2026-07-05,2026-07-06,3,468,9,38,64,197.69,8
67665,2026-07-20,2026-07-23,3,37,14,35,71,53.07,5
67666,2026-07-04,2026-07-08,3,327,1,7,198,283.34,3
67667,2026-07-07,2026-07-14,1,95,16,49,40,128.78,8
67668,2026-07-10,2026-07-11,1,451,7,10,37,309.85,5
67669,2026-07-23,2026-07-24,2,275,15,2,170,452.69,2
67670,2026-07-21,2026-07-27,3,246,20,1,85,247.08,8
67671,2026-07-24,2026-07-25,2,453,5,16,151,114.05,6
67672,2026-07-24,2026-07-28,2,425,10,12,198,347.29,5
67673,2026-08-02,2026-08-05,2,61,9,15,40,316.64,7
67674,2026-07-26,2026-07-29,3,270,9,39,184,455.26,1
67675,2026-07-13,2026-07-19,3,447,6,46,120,372.07,4
67676,2026-07-18,2026-07-22,3,86,7,26,5,162.59,8
67677,2026-07-07,2026-07-10,1,64,4,44,86,159.84,1
67678,2026-07-19,2026-07-25,2,113,15,13,177,290.58,8
67679,2026-07-26,2026-08-01,1,93,20,25,82,73.0,4
67680,2026-07-24,2026-07-29,2,180,11,49,58,336.61,10
67681,2026-07-06,2026-07-07,3,56,20,12,94,97.18,1
67682,2026-07-31,2026-08-05,1,155,9,38,56,409.89,8
67683,2026-07-04,2026-07-07,2,320,3,28,29,105.15,4
67684,2026-07-21,2026-07-24,1,319,16,29,35,105.82,10
67685,2026-07-18,2026-07-21,1,108,14,23,144,260.99,1
67686,2026-07-27,2026-07-29,2,190,10,18,195,433.9,5
67687,2026-07-09,2026-07-10,3,254,10,41,63,195.7,3
67688,2026-07-05,2026-07-06,1,436,7,15,69,279.13,6
67689,2026-07-19,2026-07-26,2,170,1,46,108,104.3,7
67690,2026-07-15,2026-07-20,1,425,6,49,161,214.73,8
67691,2026-07-27,2026-07-31,1,473,6,4,62,474.23,6
67692,2026-07-14,2026-07-17,1,71,5,4,169,492.37,1
67693,2026-07-25,2026-07-26,1,249,20,22,104,269.17,1
67694,2026-07-08,2026-07-14,2,157,8,2,121,351.79,6
67695,2026-07-28,2026-08-03,2,84,5,40,191,167.45,9
67696,2026-07-17,2026-07-23,3,142,16,48,29,316.33,10
67697,2026-07-31,2026-08-01,1,301,8,5,146,415.67,4
67698,2026-07-12,2026-07-13,2,410,3,10,88,380.71,2
67699,2026-07-07,2026-07-10,1,449,7,4,106,189.14,2
67700,2026-07-29,2026-07-30,2,252,14,39,103,178.78,10
67701,2026-07-26,2026-07-31,1,497,4,7,180,437.71,2
67702,2026-07-31,2026-08-05,3,195,8,23,75,138.27,9
67703,2026-07-21,2026-07-24,1,226,15,3,123,454.4,9
67704,2026-07-26,2026-08-01,3,225,14,29,56,11.32,6
67705,2026-07-24,2026-07-29,1,146,6,38,86,41.9,6
67706,2026-07-21,2026-07-22,2,173,9,40,107,73.93,8
67707,2026-07-25,2026-07-27,2,101,12,39,4,434.48,2
67708,2026-07-09,2026-07-10,3,333,9,9,132,16.18,7
67709,2026-07-11,2026-07-16,3,371,4,31,2,256.81,2
67710,2026-07-30,2026-08-01,1,152,4,49,192,418.5,2
67711,2026-07-29,2026-08-02,1,406,12,16,74,417.82,9
67712,2026-07-19,2026-07-24,3,339,13,19,194,78.98,6
67713,2026-07-30,2026-08-06,3,212,13,2,153,197.33,3
67714,2026-07-13,2026-07-15,2,404,15,29,195,20.29,3
67715,2026-07-11,2026-07-18,1,331,9,33,180,250.88,6
67716,2026-07-21,2026-07-23,1,348,1,40,192,395.79,9
67717,2026-07-08,2026-07-14,3,335,4,12,180,214.72,6
67718,2026-08-01,2026-08-05,2,32,15,36,118,218.37,2
67719,2026-07-10,2026-07-16,3,494,15,15,136,111.25,2
67720,2026-07-26,2026-08-02,3,493,5,35,115,239.18,4
67721,2026-07-06,2026-07-10,3,236,14,37,37,92.34,7
67722,2026-07-07,2026-07-13,3,420,8,18,38,404.47,1
67723,2026-07-10,2026-07-13,1,83,1,41,126,387.75,3
67724,2026-07-23,2026-07-24,3,47,6,9,29,283.57,2
67725,2026-07-23,2026-07-26,2,48,2,47,58,440.28,4
67726,2026-07-21,2026-07-26,2,385,20,16,66,381.84,6
67727,2026-07-28,2026-07-31,2,471,2,25,78,130.81,6
67728,2026-07-18,2026-07-23,3,113,17,7,92,263.77,10
67729,2026-07-13,2026-07-18,2,414,1,15,175,21.52,6
67730,2026-07-06,2026-07-09,1,342,19,44,131,214.73,10
67731,2026-07-23,2026-07-27,1,179,6,10,129,257.23,8
67732,2026-08-01,2026-08-07,2,45,4,4,186,105.09,10
67733,2026-07-10,2026-07-15,2,274,14,43,96,383.25,1
67734,2026-07-08,2026-07-13,1,19,4,36,34,62.68,1
67735,2026-07-23,2026-07-27,2,66,14,11,174,177.59,4
67736,2026-07-15,2026-07-16,2,255,3,7,107,290.38,6
67737,2026-07-17,2026-07-21,3,136,6,36,141,83.56,4
67738,2026-07-21,2026-07-28,3,155,2,2,16,89.28,1
67739,2026-07-24,2026-07-26,3,234,13,9,12,488.85,3
67740,2026-08-02,2026-08-07,3,330,5,9,68,65.13,10
67741,2026-07-06,2026-07-12,1,312,2,5,33,455.27,9
67742,2026-07-14,2026-07-21,3,233,13,3,74,104.76,9
67743,2026-07-06,2026-07-11,1,354,11,23,151,414.16,3
67744,2026-07-06,2026-07-07,3,195,9,4,199,314.21,8
67745,2026-07-15,2026-07-22,2,352,16,8,177,305.78,6
67746,2026-07-13,2026-07-17,2,398,10,34,3,247.28,5
67747,2026-07-23,2026-07-25,1,60,6,35,115,105.55,2
67748,2026-07-09,2026-07-13,3,415,9,7,99,365.57,5
67749,2026-07-09,2026-07-15,1,482,7,26,114,313.12,8
67750,2026-07-09,2026-07-10,3,420,1,1,166,435.85,4
67751,2026-07-28,2026-08-03,3,394,13,5,159,175.26,4
67752,2026-07-14,2026-07-20,1,114,9,25,114,292.38,8
67753,2026-07-10,2026-07-15,3,286,18,46,60,207.96,5
67754,2026-07-21,2026-07-22,2,219,7,6,193,421.76,9
67755,2026-07-29,2026-08-03,3,325,19,15,23,87.77,5
67756,2026-07-04,2026-07-09,3,239,8,39,56,392.83,4
67757,2026-07-04,2026-07-05,2,280,7,29,40,44.6,8
67758,2026-08-01,2026-08-05,1,42,14,46,51,338.56,1
67759,2026-08-01,2026-08-07,3,42,6,3,141,147.6,4
67760,2026-07-21,2026-07-25,3,218,20,35,154,222.96,5
67761,2026-07-12,2026-07-17,1,314,4,11,191,262.38,7
67762,2026-07-13,2026-07-19,3,5,7,48,27,56.34,5
67763,2026-07-06,2026-07-11,2,15,5,37,140,87.68,2
67764,2026-07-07,2026-07-12,2,426,8,30,117,11.63,10
67765,2026-07-07,2026-07-14,1,148,14,35,145,348.39,7
67766,2026-07-24,2026-07-28,1,166,6,23,171,365.12,9
67767,2026-07-13,2026-07-15,2,103,12,36,184,345.18,3
67768,2026-07-13,2026-07-15,2,442,2,12,107,259.94,10
67769,2026-07-04,2026-07-07,3,390,1,47,76,164.75,7
67770,2026-07-22,2026-07-23,2,207,19,44,32,417.61,4
67771,2026-07-23,2026-07-24,1,19,15,48,134,435.43,1
67772,2026-07-04,2026-07-05,2,297,4,50,50,430.15,6
67773,2026-07-25,2026-07-28,2,5,9,14,73,385.03,7
67774,2026-08-01,2026-08-08,1,483,2,18,69,345.45,6
67775,2026-08-01,2026-08-04,2,81,18,37,92,79.58,5
67776,2026-07-12,2026-07-14,3,152,11,21,128,74.61,1
67777,2026-07-31,2026-08-06,1,463,13,4,99,453.92,5
67778,2026-07-12,2026-07-14,3,43,10,30,119,290.23,3
67779,2026-07-17,2026-07-19,3,108,8,19,164,166.93,2
67780,2026-07-27,2026-08-02,2,270,5,38,54,133.46,5
67781,2026-07-25,2026-08-01,3,113,1,24,32,384.99,4
67782,2026-07-10,2026-07-14,1,498,15,4,107,419.8,2
67783,2026-07-04,2026-07-10,3,169,8,20,21,496.16,3
67784,2026-07-18,2026-07-22,3,315,3,4,190,466.2,7
67785,2026-07-14,2026-07-18,1,50,15,28,185,10.28,9
67786,2026-07-26,2026-07-27,3,249,20,7,87,364.03,3
67787,2026-07-19,2026-07-20,1,129,12,14,67,461.75,7
67788,2026-07-21,2026-07-24,1,25,13,39,4,46.7,3
67789,2026-07-13,2026-07-19,2,105,14,1,72,254.87,3
67790,2026-07-09,2026-07-14,2,481,1,8,134,249.37,9
67791,2026-07-16,2026-07-21,1,37,17,30,52,201.37,5
67792,2026-07-19,2026-07-25,3,152,18,30,105,461.49,3
67793,2026-07-17,2026-07-21,1,4,16,44,61,28.22,3
67794,2026-07-26,2026-07-27,3,19,13,45,97,323.3,3
67795,2026-07-07,2026-07-12,1,97,5,12,179,271.55,4
67796,2026-07-06,2026-07-13,2,292,6,35,197,346.89,3
67797,2026-07-28,2026-08-02,3,413,13,10,99,105.34,7
67798,2026-08-02,2026-08-05,1,352,6,50,41,161.08,6
67799,2026-07-28,2026-08-03,3,473,2,43,102,229.54,6
67800,2026-07-05,2026-07-12,1,68,8,7,105,126.44,5
67801,2026-07-29,2026-07-30,1,294,2,19,61,148.28,1
67802,2026-08-01,2026-08-08,2,11,1,19,86,407.91,8
67803,2026-07-13,2026-07-16,3,1,13,13,168,363.95,2
67804,2026-07-05,2026-07-06,3,132,14,49,89,338.54,9
67805,2026-07-06,2026-07-07,1,153,18,23,46,343.33,6
67806,2026-07-30,2026-08-04,1,186,2,42,142,186.54,9
67807,2026-07-17,2026-07-20,1,173,12,30,95,153.34,6
67808,2026-07-27,2026-07-29,3,393,2,28,114,188.07,7
67809,2026-07-27,2026-07-29,2,63,14,36,105,349.17,4
67810,2026-07-09,2026-07-15,3,297,3,18,103,98.56,3
67811,2026-07-30,2026-08-04,3,495,12,5,59,370.76,8
67812,2026-07-31,2026-08-07,1,377,13,28,82,327.61,9
67813,2026-07-30,2026-08-06,3,71,20,15,87,265.34,1
67814,2026-07-03,2026-07-04,1,6,12,30,33,457.65,3
67815,2026-07-12,2026-07-13,3,240,4,1,50,191.02,8
67816,2026-07-27,2026-08-03,3,189,6,5,56,182.82,6
67817,2026-07-16,2026-07-18,1,419,13,5,101,316.19,2
67818,2026-07-28,2026-07-31,2,347,20,7,125,33.68,6
67819,2026-07-16,2026-07-19,3,77,7,18,93,113.28,7
67820,2026-07-21,2026-07-24,1,19,14,14,36,452.39,6
67821,2026-07-13,2026-07-17,2,125,10,29,122,63.17,10
67822,2026-07-06,2026-07-11,2,71,12,50,26,90.94,10
67823,2026-07-26,2026-07-27,3,301,10,1,22,235.94,4
67824,2026-08-01,2026-08-04,3,370,17,46,199,347.73,7
67825,2026-07-15,2026-07-16,1,85,10,20,199,206.06,10
67826,2026-07-15,2026-07-17,2,465,13,45,88,186.23,5
67827,2026-07-31,2026-08-06,3,288,9,7,119,296.67,6
67828,2026-07-09,2026-07-11,1,349,20,5,143,324.82,5
67829,2026-07-21,2026-07-23,2,240,1,47,117,477.82,8
67830,2026-07-31,2026-08-05,2,194,1,12,28,246.85,10
67831,2026-07-29,2026-07-31,3,204,20,17,174,476.43,8
67832,2026-08-02,2026-08-06,1,234,13,31,15,331.16,4
67833,2026-07-26,2026-07-31,3,341,1,3,87,76.51,6
67834,2026-07-31,2026-08-04,2,215,14,8,31,252.53,2
67835,2026-08-01,2026-08-08,1,50,12,32,86,448.98,4
67836,2026-07-08,2026-07-11,1,206,4,24,54,283.99,7
67837,2026-07-31,2026-08-02,3,120,3,34,67,335.55,4
67838,2026-07-25,2026-07-27,1,403,15,40,39,236.97,2
67839,2026-07-21,2026-07-25,2,131,11,20,148,120.89,1
67840,2026-07-30,2026-08-01,3,268,2,31,5,142.24,4
67841,2026-07-17,2026-07-22,2,434,4,45,32,229.37,10
67842,2026-07-24,2026-07-31,2,115,17,44,93,213.81,1
67843,2026-07-22,2026-07-25,3,206,17,17,35,251.27,8
67844,2026-07-18,2026-07-21,3,222,6,45,185,276.42,7
67845,2026-07-29,2026-08-05,1,26,14,45,147,471.35,4
67846,2026-07-07,2026-07-10,1,128,13,27,16,284.77,7
67847,2026-07-08,2026-07-14,3,483,16,22,94,143.46,3
67848,2026-07-24,2026-07-26,1,288,8,29,118,186.93,5
67849,2026-07-08,2026-07-10,2,476,13,43,147,86.0,9
67850,2026-07-11,2026-07-18,3,103,8,41,174,425.55,4
67851,2026-07-12,2026-07-18,2,252,2,3,5,180.93,1
67852,2026-07-03,2026-07-10,2,5,9,13,91,155.79,4
67853,2026-08-02,2026-08-04,3,248,9,20,97,267.29,3
67854,2026-07-30,2026-08-04,2,246,15,5,74,65.3,7
67855,2026-07-09,2026-07-13,3,157,7,49,73,361.62,10
67856,2026-07-19,2026-07-24,2,22,14,10,197,362.6,1
67857,2026-08-02,2026-08-03,2,365,10,1,158,95.09,8
67858,2026-07-31,2026-08-02,2,176,15,25,138,42.28,3
67859,2026-07-15,2026-07-19,2,5,1,38,167,304.21,8
67860,2026-07-17,2026-07-21,3,23,4,27,191,160.16,1
67861,2026-07-10,2026-07-14,1,322,8,25,189,33.33,5
67862,2026-07-18,2026-07-24,2,22,9,35,8,309.29,9
67863,2026-07-17,2026-07-18,2,14,8,38,39,498.2,1
67864,2026-07-03,2026-07-08,3,346,4,37,129,237.3,7
67865,2026-07-09,2026-07-12,3,451,18,45,165,344.38,10
67866,2026-07-10,2026-07-13,2,187,2,20,61,153.92,8
67867,2026-07-09,2026-07-13,3,384,12,28,89,469.45,4
67868,2026-08-02,2026-08-04,3,490,5,3,87,42.87,3
67869,2026-07-15,2026-07-21,3,185,3,2,26,204.93,10
67870,2026-07-30,2026-08-02,1,335,2,31,180,437.93,3
67871,2026-07-06,2026-07-08,1,202,20,3,134,246.92,9
67872,2026-07-03,2026-07-04,2,61,4,50,85,89.89,9
67873,2026-07-25,2026-07-31,1,210,6,15,95,409.56,5
67874,2026-07-20,2026-07-23,1,180,13,35,167,28.07,1
67875,2026-07-17,2026-07-24,3,314,1,16,165,184.26,5
67876,2026-07-19,2026-07-25,2,213,4,17,72,30.72,3
67877,2026-07-12,2026-07-17,3,126,16,23,113,174.3,6
67878,2026-07-05,2026-07-12,1,243,9,29,128,287.29,3
67879,2026-07-11,2026-07-15,3,459,14,6,55,20.5,5
67880,2026-07-10,2026-07-15,1,50,6,6,178,291.89,5
67881,2026-07-31,2026-08-01,3,7,10,42,63,236.11,4
67882,2026-08-02,2026-08-08,1,63,20,1,192,252.07,9
67883,2026-07-24,2026-07-31,2,156,7,3,67,143.8,10
67884,2026-07-22,2026-07-29,3,19,6,38,162,403.37,2
67885,2026-07-19,2026-07-26,3,286,6,49,173,424.89,10
67886,2026-07-16,2026-07-21,2,109,16,15,165,322.34,9
67887,2026-07-24,2026-07-30,1,57,6,40,77,292.55,1
67888,2026-07-25,2026-07-31,3,450,6,12,18,423.58,9
67889,2026-08-02,2026-08-08,1,222,7,4,12,361.18,2
67890,2026-07-11,2026-07-18,2,426,6,26,178,136.37,5
67891,2026-07-29,2026-08-05,1,275,16,7,38,180.29,3
67892,2026-07-21,2026-07-26,3,54,6,21,162,115.52,4
67893,2026-07-17,2026-07-19,3,294,1,5,184,43.3,6
67894,2026-07-07,2026-07-13,3,492,8,1,199,382.84,8
67895,2026-07-03,2026-07-09,3,233,7,34,15,425.12,2
67896,2026-07-28,2026-08-01,3,77,11,19,163,210.99,6
67897,2026-07-25,2026-07-29,2,137,20,16,50,137.02,2
67898,2026-07-04,2026-07-06,1,131,18,34,65,141.02,9
67899,2026-07-31,2026-08-02,3,150,18,20,139,18.1,7
67900,2026-07-24,2026-07-26,3,148,20,37,38,356.52,2
67901,2026-07-20,2026-07-23,3,374,12,30,2,441.63,3
67902,2026-07-20,2026-07-24,1,363,11,19,54,450.04,3
67903,2026-07-15,2026-07-19,2,199,17,35,45,38.35,3
67904,2026-07-08,2026-07-13,1,193,1,9,110,347.84,7
67905,2026-07-09,2026-07-16,3,392,10,41,198,338.06,5
67906,2026-07-17,2026-07-23,2,331,4,31,100,334.06,2
67907,2026-07-29,2026-08-03,1,6,3,8,137,144.21,1
67908,2026-07-18,2026-07-21,2,351,6,46,87,170.26,9
67909,2026-07-15,2026-07-21,3,169,18,5,10,409.19,8
67910,2026-08-01,2026-08-04,3,84,11,33,121,352.53,3
67911,2026-08-02,2026-08-06,3,414,9,10,153,117.01,5
67912,2026-08-01,2026-08-04,2,445,12,24,99,156.96,6
67913,2026-07-08,2026-07-11,1,64,12,9,35,388.09,10
67914,2026-07-14,2026-07-15,1,103,3,39,13,151.93,7
67915,2026-07-04,2026-07-05,2,83,11,39,91,269.33,6
67916,2026-07-09,2026-07-16,2,102,13,26,52,163.52,6
67917,2026-07-20,2026-07-22,3,426,8,23,165,341.07,5
67918,2026-07-10,2026-07-14,1,42,20,24,157,445.82,9
67919,2026-07-03,2026-07-05,3,256,1,48,197,82.77,5
67920,2026-07-16,2026-07-22,1,171,9,11,144,79.37,10
67921,2026-07-09,2026-07-10,3,431,10,4,113,74.86,6
67922,2026-07-05,2026-07-07,3,98,11,24,179,111.16,2
67923,2026-07-12,2026-07-14,1,215,2,44,140,340.05,2
67924,2026-07-08,2026-07-10,2,96,1,23,93,150.1,5
67925,2026-07-06,2026-07-07,2,54,10,28,152,410.34,2
67926,2026-07-18,2026-07-22,2,73,18,36,120,316.6,6
67927,2026-07-25,2026-07-27,1,182,15,8,96,368.47,2
67928,2026-07-18,2026-07-19,1,357,5,12,183,235.32,6
67929,2026-07-07,2026-07-10,1,13,16,41,23,11.58,8
67930,2026-07-16,2026-07-23,2,307,15,28,116,216.24,7
67931,2026-07-03,2026-07-06,3,256,18,42,169,444.64,6
67932,2026-07-06,2026-07-12,2,168,11,40,84,336.74,6
67933,2026-07-06,2026-07-07,3,78,4,8,130,62.12,5
67934,2026-07-24,2026-07-30,2,211,7,30,87,69.58,5
67935,2026-07-05,2026-07-08,2,353,1,31,4,77.74,7
67936,2026-07-13,2026-07-15,2,49,16,4,120,116.74,4
67937,2026-07-16,2026-07-20,2,366,11,4,107,253.16,5
67938,2026-07-16,2026-07-20,2,267,7,5,101,24.45,7
67939,2026-07-20,2026-07-27,2,229,10,5,73,197.51,10
67940,2026-07-18,2026-07-24,1,88,1,27,200,152.1,9
67941,2026-07-24,2026-07-30,3,147,10,43,44,251.14,8
67942,2026-07-18,2026-07-21,2,32,3,43,167,147.32,3
67943,2026-08-02,2026-08-09,2,414,3,7,107,476.14,8
67944,2026-07-06,2026-07-09,3,265,4,47,42,359.82,8
67945,2026-07-12,2026-07-15,2,223,20,15,185,469.83,9
67946,2026-07-14,2026-07-17,2,281,12,7,60,227.96,6
67947,2026-07-21,2026-07-23,1,81,18,26,37,449.26,9
67948,2026-07-10,2026-07-12,2,299,1,28,40,381.34,4
67949,2026-07-19,2026-07-24,2,352,19,50,16,236.85,6
67950,2026-07-17,2026-07-23,2,352,19,25,102,423.74,4
67951,2026-07-21,2026-07-27,3,328,2,26,14,60.09,5
67952,2026-07-28,2026-07-31,1,207,1,2,150,233.96,6
67953,2026-07-28,2026-07-31,3,4,11,42,58,369.47,5
67954,2026-07-12,2026-07-14,1,432,1,20,116,433.91,2
67955,2026-07-14,2026-07-20,1,403,17,33,66,378.31,7
67956,2026-07-04,2026-07-07,3,407,20,40,114,43.43,9
67957,2026-07-31,2026-08-04,2,480,17,44,8,458.24,9
67958,2026-07-30,2026-08-03,2,170,8,34,81,81.42,4
67959,2026-07-10,2026-07-13,1,418,15,21,59,70.6,8
67960,2026-07-11,2026-07-12,3,438,7,9,187,269.99,9
67961,2026-08-01,2026-08-07,2,8,8,36,182,14.54,10
67962,2026-07-21,2026-07-26,2,172,11,1,2,207.11,3
67963,2026-07-12,2026-07-18,1,226,1,17,155,343.18,4
67964,2026-07-08,2026-07-10,3,13,18,44,18,201.21,1
67965,2026-07-14,2026-07-19,3,141,16,12,115,466.41,5
67966,2026-07-17,2026-07-21,2,27,3,45,45,388.13,10
67967,2026-07-23,2026-07-24,3,478,2,16,1,120.01,2
67968,2026-07-10,2026-07-17,2,55,2,2,61,452.91,3
67969,2026-07-13,2026-07-18,2,476,7,4,197,244.09,6
67970,2026-07-27,2026-07-28,2,259,7,49,40,323.0,2
67971,2026-07-06,2026-07-13,2,125,15,47,15,127.73,4
67972,2026-07-10,2026-07-16,1,172,7,8,91,494.83,10
67973,2026-07-20,2026-07-27,2,169,7,31,82,72.67,1
67974,2026-07-10,2026-07-14,1,370,11,31,186,35.45,10
67975,2026-07-30,2026-08-02,1,104,12,41,161,30.2,6
67976,2026-07-27,2026-07-28,3,132,16,4,4,264.53,3
67977,2026-07-22,2026-07-25,2,163,12,28,4,229.8,9
67978,2026-07-07,2026-07-13,2,54,20,33,152,272.79,9
67979,2026-07-28,2026-08-01,2,64,1,45,31,156.05,2
67980,2026-07-19,2026-07-23,3,152,5,42,9,252.8,4
67981,2026-07-05,2026-07-07,1,271,1,13,25,292.25,3
67982,2026-07-15,2026-07-16,1,272,6,37,122,51.9,8
67983,2026-08-01,2026-08-05,1,97,13,38,158,72.64,6
67984,2026-07-29,2026-08-03,1,463,8,33,83,325.8,6
67985,2026-07-16,2026-07-23,1,172,6,38,131,402.57,1
67986,2026-07-23,2026-07-27,2,402,17,45,98,486.99,1
67987,2026-07-12,2026-07-14,3,77,13,31,52,406.75,7
67988,2026-07-05,2026-07-07,1,222,15,47,39,202.4,8
67989,2026-07-24,2026-07-25,2,391,1,19,64,212.28,10
67990,2026-07-29,2026-08-04,2,402,7,20,155,493.01,7
67991,2026-07-20,2026-07-23,1,216,11,32,35,326.55,2
67992,2026-07-17,2026-07-19,1,434,5,47,8,23.5,2
67993,2026-07-04,2026-07-05,1,465,12,3,23,324.51,3
67994,2026-07-22,2026-07-25,1,418,20,31,79,152.93,8
67995,2026-07-31,2026-08-07,1,464,2,12,174,205.51,8
67996,2026-07-10,2026-07-11,3,316,15,32,117,427.5,7
67997,2026-07-07,2026-07-12,2,296,6,28,142,142.64,4
67998,2026-07-20,2026-07-27,1,492,20,7,109,145.78,4
67999,2026-07-11,2026-07-12,1,199,5,3,188,65.71,9
68000,2026-07-05,2026-07-08,2,452,16,33,168,280.79,10
68001,2026-07-10,2026-07-11,1,311,5,35,32,229.58,8
68002,2026-07-07,2026-07-11,3,168,4,50,186,210.21,7
68003,2026-07-23,2026-07-28,1,366,9,50,154,241.16,2
68004,2026-07-28,2026-08-01,1,97,11,49,149,305.97,4
68005,2026-07-22,2026-07-26,2,273,18,45,34,301.08,7
68006,2026-07-06,2026-07-07,3,24,19,30,19,495.87,6
68007,2026-07-06,2026-07-08,2,147,10,33,25,58.52,7
68008,2026-08-02,2026-08-05,2,284,10,13,105,274.35,10
68009,2026-07-11,2026-07-15,2,93,10,47,137,433.94,3
68010,2026-07-28,2026-08-04,2,415,1,3,70,421.82,4
68011,2026-07-31,2026-08-06,2,143,11,49,150,187.54,6
68012,2026-07-20,2026-07-23,2,259,16,16,173,470.33,7
68013,2026-07-20,2026-07-27,3,491,10,36,50,108.58,1
68014,2026-07-26,2026-07-27,2,15,6,19,120,337.34,9
68015,2026-07-09,2026-07-15,3,291,8,3,142,288.54,9
68016,2026-07-03,2026-07-06,1,45,5,31,152,33.22,7
68017,2026-07-15,2026-07-20,3,476,4,46,126,39.43,3
68018,2026-07-14,2026-07-15,3,99,2,31,123,464.8,3
68019,2026-07-04,2026-07-06,3,45,18,39,20,232.66,1
68020,2026-07-13,2026-07-19,2,149,4,43,72,284.74,6
68021,2026-07-10,2026-07-14,1,102,3,29,114,345.48,6
68022,2026-07-04,2026-07-05,3,164,18,21,42,166.82,5
68023,2026-07-30,2026-08-02,2,255,3,8,59,122.43,2
68024,2026-07-22,2026-07-26,2,84,5,39,19,434.89,1
68025,2026-07-15,2026-07-17,3,284,7,45,11,163.7,2
68026,2026-07-15,2026-07-16,2,435,3,7,185,255.99,3
68027,2026-07-12,2026-07-16,2,340,19,26,14,339.05,8
68028,2026-08-01,2026-08-04,2,204,14,35,51,316.85,5
68029,2026-07-03,2026-07-09,2,219,14,17,68,123.65,2
68030,2026-07-24,2026-07-26,3,227,3,45,175,370.95,7
68031,2026-07-12,2026-07-19,2,68,6,1,53,386.15,5
68032,2026-07-19,2026-07-25,3,434,12,20,177,59.67,7
68033,2026-07-14,2026-07-17,2,164,9,13,96,338.71,1
68034,2026-07-15,2026-07-17,3,104,20,15,62,443.29,8
68035,2026-07-30,2026-08-02,1,14,7,44,83,486.05,1
68036,2026-07-19,2026-07-24,3,429,7,43,97,234.83,8
68037,2026-07-15,2026-07-16,1,260,19,9,170,64.48,2
68038,2026-07-20,2026-07-27,3,424,4,11,78,279.49,8
68039,2026-07-27,2026-07-31,1,352,3,47,109,183.6,1
68040,2026-07-14,2026-07-15,1,393,7,48,177,456.61,3
68041,2026-07-10,2026-07-14,2,229,7,4,25,153.07,7
68042,2026-07-28,2026-08-02,3,12,14,9,96,143.06,7
68043,2026-07-22,2026-07-23,2,485,17,10,58,424.49,1
68044,2026-07-07,2026-07-11,3,416,15,13,133,215.68,4
68045,2026-07-25,2026-07-26,1,268,19,17,88,169.56,1
68046,2026-07-10,2026-07-12,2,400,19,50,85,45.27,9
68047,2026-07-22,2026-07-27,2,398,3,18,72,214.44,10
68048,2026-07-08,2026-07-12,3,322,15,50,128,70.64,9
68049,2026-07-09,2026-07-16,3,204,7,44,53,489.59,7
68050,2026-07-15,2026-07-20,1,170,17,5,47,366.2,5
68051,2026-07-21,2026-07-22,2,269,4,29,69,169.17,2
68052,2026-07-13,2026-07-17,3,169,7,39,173,231.92,1
68053,2026-08-02,2026-08-05,3,355,20,6,106,493.78,1
68054,2026-07-15,2026-07-22,1,43,11,36,14,285.64,5
68055,2026-07-18,2026-07-21,2,296,5,48,79,27.18,6
68056,2026-07-03,2026-07-08,2,73,3,50,177,173.0,6
68057,2026-07-03,2026-07-09,2,482,13,17,164,254.16,10
68058,2026-08-01,2026-08-02,2,56,17,43,109,345.02,2
68059,2026-07-20,2026-07-27,3,337,15,5,63,197.71,7
68060,2026-08-02,2026-08-03,2,28,6,7,46,122.69,5
68061,2026-07-08,2026-07-11,3,498,8,39,176,269.44,6
68062,2026-07-19,2026-07-22,2,213,17,6,119,432.85,10
68063,2026-07-08,2026-07-10,1,319,14,46,103,179.06,3
68064,2026-07-16,2026-07-21,1,85,10,35,198,169.49,7
68065,2026-07-05,2026-07-08,2,228,8,36,29,154.67,2
68066,2026-08-02,2026-08-08,3,427,11,48,93,468.7,9
68067,2026-07-08,2026-07-12,1,274,18,25,34,474.01,9
68068,2026-07-23,2026-07-27,1,235,9,42,177,270.06,8
68069,2026-07-20,2026-07-27,2,409,18,23,58,323.25,8
68070,2026-07-26,2026-07-27,2,460,6,30,133,187.47,4
68071,2026-07-31,2026-08-02,1,439,4,10,50,176.61,7
68072,2026-07-22,2026-07-23,2,97,19,30,26,427.17,1
68073,2026-07-27,2026-07-30,2,112,11,46,153,453.11,5
68074,2026-07-27,2026-07-29,2,454,12,11,110,121.05,7
68075,2026-07-08,2026-07-14,2,139,20,36,17,366.38,2
68076,2026-07-03,2026-07-04,1,469,7,48,155,335.07,8
68077,2026-07-28,2026-07-31,1,221,17,21,125,191.22,7
68078,2026-07-09,2026-07-14,3,355,1,34,183,407.42,3
68079,2026-07-20,2026-07-23,1,77,13,1,29,37.02,7
68080,2026-07-07,2026-07-13,1,406,19,31,158,39.22,6
68081,2026-07-19,2026-07-24,3,98,8,18,43,327.82,2
68082,2026-07-10,2026-07-17,1,114,7,47,158,447.42,2
68083,2026-07-23,2026-07-27,1,200,11,41,61,245.49,1
68084,2026-07-07,2026-07-11,1,81,14,38,36,489.16,6
68085,2026-07-17,2026-07-18,3,144,1,30,23,207.75,5
68086,2026-07-05,2026-07-12,2,499,20,38,160,341.03,9
68087,2026-07-19,2026-07-24,1,492,15,45,129,49.39,10
68088,2026-07-25,2026-08-01,2,470,13,37,78,191.86,2
68089,2026-07-05,2026-07-07,3,355,18,13,76,425.58,3
68090,2026-07-15,2026-07-20,2,287,3,19,27,91.86,1
68091,2026-07-08,2026-07-10,2,438,19,34,64,233.25,2
68092,2026-07-15,2026-07-22,2,224,15,11,25,237.18,10
68093,2026-07-11,2026-07-12,2,102,19,19,26,219.59,6
68094,2026-07-27,2026-07-31,1,439,7,27,42,33.07,2
68095,2026-07-09,2026-07-12,1,356,17,5,28,207.01,2
68096,2026-07-04,2026-07-11,1,376,5,14,185,341.1,6
68097,2026-07-12,2026-07-18,3,40,1,48,23,398.53,1
68098,2026-07-11,2026-07-16,1,368,5,32,26,255.91,1
68099,2026-07-11,2026-07-12,2,68,3,1,22,187.11,6
68100,2026-07-27,2026-08-03,1,80,17,2,49,497.19,1
68101,2026-07-14,2026-07-21,2,22,11,26,135,260.07,3
68102,2026-07-30,2026-08-03,2,367,10,47,95,45.56,7
68103,2026-07-28,2026-08-04,3,150,18,27,87,256.6,3
68104,2026-07-03,2026-07-06,1,358,17,5,127,416.29,6
68105,2026-07-11,2026-07-16,2,400,2,47,167,218.93,7
68106,2026-07-14,2026-07-19,1,128,11,19,80,252.23,7
68107,2026-07-23,2026-07-24,3,381,13,3,54,420.12,2
68108,2026-07-18,2026-07-21,3,312,8,35,34,384.02,1
68109,2026-07-15,2026-07-19,1,404,13,7,136,106.02,5
68110,2026-07-29,2026-08-05,2,89,4,10,181,453.2,5
68111,2026-07-29,2026-08-01,1,370,4,19,26,12.55,2
68112,2026-07-19,2026-07-25,1,160,3,24,22,476.17,7
68113,2026-07-05,2026-07-08,2,171,20,26,134,155.83,6
68114,2026-07-30,2026-08-05,3,141,13,10,85,219.33,6
68115,2026-07-04,2026-07-07,2,198,16,40,91,20.24,6
68116,2026-07-21,2026-07-27,1,472,11,23,68,192.36,5
68117,2026-07-22,2026-07-24,2,7,4,48,128,246.8,3
68118,2026-07-08,2026-07-09,2,33,9,14,22,358.94,10
68119,2026-07-10,2026-07-12,2,100,6,34,41,66.04,4
68120,2026-07-04,2026-07-05,3,109,20,22,157,258.91,6
68121,2026-07-15,2026-07-17,2,214,15,16,68,314.98,4
68122,2026-08-01,2026-08-02,3,387,16,21,31,76.13,6
68123,2026-07-04,2026-07-08,1,461,5,12,85,239.07,6
68124,2026-07-10,2026-07-14,3,280,16,50,148,380.15,1
68125,2026-07-09,2026-07-11,1,330,20,43,76,314.93,10
68126,2026-07-13,2026-07-17,1,446,9,30,150,127.27,10
68127,2026-07-22,2026-07-29,3,240,20,49,155,402.02,2
68128,2026-08-01,2026-08-08,1,468,11,1,88,159.33,7
68129,2026-08-02,2026-08-09,3,109,5,19,167,317.91,9
68130,2026-07-12,2026-07-16,1,236,4,3,40,416.27,5
68131,2026-07-19,2026-07-21,2,330,17,36,36,291.24,1
68132,2026-07-31,2026-08-07,3,172,1,13,188,35.96,4
68133,2026-08-01,2026-08-04,1,186,16,27,6,280.86,3
68134,2026-07-04,2026-07-05,1,370,11,36,67,190.0,6
68135,2026-07-27,2026-08-01,3,133,12,43,163,350.4,7
68136,2026-07-06,2026-07-07,3,15,5,35,136,191.0,7
68137,2026-07-19,2026-07-20,3,350,13,12,171,124.14,9
68138,2026-07-22,2026-07-23,2,286,11,47,131,393.63,3
68139,2026-07-03,2026-07-08,2,43,15,49,98,353.41,6
68140,2026-07-29,2026-08-03,1,59,14,42,165,179.55,5
68141,2026-07-16,2026-07-20,3,448,2,34,146,420.48,10
68142,2026-07-04,2026-07-05,2,429,1,31,157,440.5,6
68143,2026-07-22,2026-07-25,1,369,20,18,105,394.89,2
68144,2026-08-02,2026-08-04,1,18,18,50,141,416.05,3
68145,2026-07-26,2026-07-30,2,398,6,50,137,463.9,1
68146,2026-07-21,2026-07-23,3,417,9,37,157,43.86,2
68147,2026-07-18,2026-07-20,1,336,11,26,51,260.52,8
68148,2026-07-26,2026-08-02,2,149,3,45,45,352.25,4
68149,2026-07-16,2026-07-19,3,101,20,17,126,447.54,4
68150,2026-07-26,2026-07-28,1,147,8,28,88,378.68,5
68151,2026-07-08,2026-07-14,2,406,19,7,166,300.56,5
68152,2026-07-11,2026-07-15,2,295,2,25,179,445.53,4
68153,2026-07-23,2026-07-25,3,436,2,41,79,323.23,1
68154,2026-07-18,2026-07-25,3,86,1,21,65,401.06,9
68155,2026-07-14,2026-07-15,2,79,9,10,113,484.43,9
68156,2026-07-23,2026-07-29,2,127,7,5,39,154.47,6
68157,2026-07-30,2026-07-31,2,59,14,7,107,25.12,2
68158,2026-07-17,2026-07-19,3,474,2,5,140,270.3,5
68159,2026-07-09,2026-07-14,3,408,14,25,1,192.26,9
68160,2026-07-23,2026-07-29,3,107,7,45,141,249.6,10
68161,2026-08-01,2026-08-04,2,455,3,44,161,143.32,3
68162,2026-07-22,2026-07-24,2,367,19,48,11,404.5,9
68163,2026-07-24,2026-07-25,3,23,15,37,3,188.43,7
68164,2026-07-07,2026-07-08,1,499,8,15,9,410.43,9
68165,2026-07-08,2026-07-10,2,7,16,17,200,99.43,10
68166,2026-07-20,2026-07-27,3,213,15,17,96,238.53,9
68167,2026-08-02,2026-08-09,1,435,18,26,70,107.29,1
68168,2026-07-12,2026-07-18,3,92,3,6,124,121.8,7
68169,2026-07-07,2026-07-11,1,37,6,45,93,391.86,4
68170,2026-07-17,2026-07-23,2,211,14,44,134,232.4,1
68171,2026-07-19,2026-07-23,2,255,7,40,187,408.71,3
68172,2026-07-21,2026-07-28,2,233,17,4,46,206.02,5
68173,2026-07-28,2026-08-04,1,148,12,50,115,369.07,5
68174,2026-07-30,2026-08-01,2,478,5,41,54,388.25,9
68175,2026-07-08,2026-07-09,2,45,17,10,87,58.83,9
68176,2026-07-09,2026-07-13,2,248,14,12,60,386.33,10
68177,2026-07-03,2026-07-05,2,119,5,35,56,394.25,8
68178,2026-07-17,2026-07-22,2,48,18,22,166,101.59,9
68179,2026-07-03,2026-07-05,2,84,9,4,125,125.61,4
68180,2026-07-26,2026-07-27,3,42,5,8,172,158.3,10
68181,2026-07-15,2026-07-22,2,436,18,3,163,462.75,5
68182,2026-07-28,2026-07-31,1,363,9,35,182,458.1,5
68183,2026-07-07,2026-07-14,3,412,2,10,198,301.88,4
68184,2026-07-15,2026-07-16,1,414,12,19,193,331.23,10
68185,2026-08-02,2026-08-09,3,85,20,47,94,284.89,9
68186,2026-07-09,2026-07-14,1,143,10,37,51,335.84,9
68187,2026-07-11,2026-07-13,2,155,2,17,91,329.59,8
68188,2026-07-29,2026-08-05,2,444,18,2,96,257.32,4
68189,2026-07-06,2026-07-07,1,271,7,42,75,330.87,3
68190,2026-07-06,2026-07-07,1,405,13,42,79,290.67,10
68191,2026-07-13,2026-07-14,2,366,19,18,146,84.48,4
68192,2026-07-29,2026-08-04,2,183,6,28,29,389.53,6
68193,2026-07-05,2026-07-10,2,460,3,21,196,299.44,1
68194,2026-07-16,2026-07-18,1,110,15,17,147,402.07,10
68195,2026-07-09,2026-07-11,1,309,3,1,138,12.31,10
68196,2026-07-05,2026-07-12,2,500,5,27,107,301.79,6
68197,2026-07-31,2026-08-01,3,117,9,45,27,442.1,9
68198,2026-07-08,2026-07-11,1,23,20,22,106,344.99,9
68199,2026-07-12,2026-07-18,2,257,3,37,115,368.79,1
68200,2026-08-01,2026-08-04,1,150,17,2,58,16.4,8
68201,2026-07-12,2026-07-18,1,73,9,1,134,175.1,3
68202,2026-07-12,2026-07-18,3,251,3,41,97,278.94,9
68203,2026-07-20,2026-07-26,2,427,3,44,186,206.96,6
68204,2026-07-20,2026-07-21,1,50,15,14,193,108.66,7
68205,2026-07-11,2026-07-12,1,396,17,3,139,55.18,8
68206,2026-07-08,2026-07-09,2,70,16,34,26,234.47,1
68207,2026-07-15,2026-07-18,3,67,19,5,16,80.62,6
68208,2026-07-08,2026-07-15,1,178,19,11,157,436.98,3
68209,2026-07-08,2026-07-12,2,278,16,6,140,281.48,8
68210,2026-07-11,2026-07-13,2,41,7,20,117,100.62,8
68211,2026-07-12,2026-07-18,3,181,11,49,191,479.44,6
68212,2026-07-22,2026-07-25,1,387,20,41,128,205.01,8
68213,2026-07-27,2026-07-29,2,496,19,1,155,361.41,9
68214,2026-07-11,2026-07-15,2,175,16,32,23,189.93,5
68215,2026-07-04,2026-07-10,1,223,3,22,165,112.83,1
68216,2026-07-16,2026-07-21,3,463,3,49,162,141.59,4
68217,2026-07-24,2026-07-25,2,81,15,4,50,143.65,5
68218,2026-07-19,2026-07-25,1,62,9,16,21,473.59,7
68219,2026-07-06,2026-07-08,2,204,14,23,22,164.8,2
68220,2026-07-03,2026-07-08,3,38,2,13,149,277.95,3
68221,2026-07-26,2026-07-28,1,109,12,23,22,311.13,7
68222,2026-07-29,2026-07-30,1,371,19,10,12,136.7,1
68223,2026-07-17,2026-07-22,2,368,3,9,98,405.71,7
68224,2026-07-23,2026-07-26,1,457,3,10,49,83.56,5
68225,2026-07-19,2026-07-25,2,271,9,8,145,240.54,10
68226,2026-07-20,2026-07-23,2,208,20,28,29,286.88,7
68227,2026-07-16,2026-07-20,1,289,4,12,173,295.89,9
68228,2026-07-07,2026-07-14,3,180,20,45,127,15.15,2
68229,2026-07-30,2026-08-02,3,466,17,45,91,277.69,10
68230,2026-07-12,2026-07-17,3,23,5,40,138,396.17,9
68231,2026-07-04,2026-07-11,3,181,11,16,15,174.28,2
68232,2026-07-25,2026-07-31,1,180,18,5,126,48.1,10
68233,2026-07-29,2026-08-02,2,182,13,32,158,170.92,5
68234,2026-07-07,2026-07-10,1,370,7,24,97,421.97,7
68235,2026-07-08,2026-07-12,3,306,7,5,178,141.76,5
68236,2026-07-31,2026-08-07,1,344,6,41,122,226.57,8
68237,2026-07-28,2026-08-03,1,299,13,39,191,348.23,3
68238,2026-07-29,2026-08-03,1,179,12,42,83,230.19,7
68239,2026-07-13,2026-07-20,1,391,3,46,87,339.8,7
68240,2026-07-18,2026-07-21,2,329,11,25,127,34.9,7
68241,2026-07-03,2026-07-04,2,320,14,35,125,365.28,6
68242,2026-07-31,2026-08-06,1,302,14,42,133,126.33,7
68243,2026-07-09,2026-07-14,2,371,13,44,55,97.47,8
68244,2026-07-05,2026-07-08,3,426,19,39,70,493.12,7
68245,2026-08-02,2026-08-05,3,98,4,26,48,492.07,6
68246,2026-08-02,2026-08-06,1,323,17,23,158,189.01,8
68247,2026-07-11,2026-07-15,1,17,19,42,111,434.35,3
68248,2026-07-20,2026-07-24,3,80,10,25,98,255.29,2
68249,2026-07-06,2026-07-08,3,148,16,9,47,246.46,7
68250,2026-07-18,2026-07-22,2,169,9,44,99,25.12,7
68251,2026-07-12,2026-07-13,2,138,9,10,17,49.34,7
68252,2026-08-01,2026-08-05,3,126,3,9,197,104.93,6
68253,2026-07-25,2026-07-26,1,113,12,32,85,116.04,6
68254,2026-07-05,2026-07-11,1,252,19,19,42,259.94,3
68255,2026-07-19,2026-07-22,2,460,20,12,42,202.38,5
68256,2026-07-30,2026-08-02,1,194,8,25,114,87.94,9
68257,2026-08-01,2026-08-05,2,125,11,10,82,429.23,9
68258,2026-07-28,2026-08-02,2,266,2,4,59,388.52,2
68259,2026-07-29,2026-08-01,3,90,4,47,113,221.64,8
68260,2026-08-02,2026-08-07,1,310,19,49,77,201.44,3
68261,2026-07-14,2026-07-17,3,183,2,36,108,466.16,8
68262,2026-07-12,2026-07-17,2,294,12,24,138,176.37,9
68263,2026-07-15,2026-07-16,3,52,20,30,15,49.21,7
68264,2026-07-10,2026-07-16,1,146,3,9,69,104.62,8
68265,2026-07-22,2026-07-23,2,179,1,28,1,453.92,9
68266,2026-07-11,2026-07-12,3,394,7,7,32,348.31,7
68267,2026-07-29,2026-07-31,2,155,5,38,92,396.92,1
68268,2026-07-18,2026-07-23,1,483,2,8,163,484.29,1
68269,2026-07-09,2026-07-11,2,56,8,3,169,199.84,5
68270,2026-07-07,2026-07-11,1,30,16,14,168,73.66,3
68271,2026-07-21,2026-07-25,1,244,13,25,2,197.57,7
68272,2026-07-18,2026-07-21,2,147,5,43,41,355.86,4
68273,2026-07-16,2026-07-18,3,425,4,32,25,381.89,2
68274,2026-07-15,2026-07-21,2,78,2,6,170,427.32,3
68275,2026-07-08,2026-07-13,1,380,18,6,106,372.45,7
68276,2026-07-26,2026-08-01,1,206,5,39,193,331.58,5
68277,2026-07-14,2026-07-18,1,420,15,11,68,111.61,4
68278,2026-07-20,2026-07-24,1,156,10,7,63,129.7,2
68279,2026-07-21,2026-07-27,1,317,1,31,137,29.77,8
68280,2026-07-13,2026-07-15,2,296,5,20,90,455.15,5
68281,2026-07-25,2026-07-26,3,303,4,4,191,119.91,8
68282,2026-07-05,2026-07-07,2,475,10,25,142,475.25,4
68283,2026-07-16,2026-07-17,2,369,6,45,104,213.07,6
68284,2026-07-15,2026-07-22,3,492,17,15,191,476.66,9
68285,2026-07-12,2026-07-13,2,192,9,16,73,175.51,6
68286,2026-08-02,2026-08-06,2,417,15,34,179,199.94,4
68287,2026-07-18,2026-07-22,1,314,8,24,65,295.17,2
68288,2026-07-12,2026-07-16,2,448,4,36,12,25.71,6
68289,2026-07-23,2026-07-24,2,277,6,30,86,159.83,5
68290,2026-07-18,2026-07-21,1,468,9,40,179,213.33,1
68291,2026-07-25,2026-07-28,3,126,6,40,34,398.45,1
68292,2026-07-20,2026-07-22,2,338,19,10,49,81.06,10
68293,2026-07-10,2026-07-11,1,175,4,2,195,315.94,1
68294,2026-07-04,2026-07-11,2,319,1,32,141,116.96,6
68295,2026-07-28,2026-08-03,1,263,4,35,105,42.79,2
68296,2026-07-21,2026-07-22,1,132,6,22,25,210.08,1
68297,2026-07-31,2026-08-01,1,212,15,18,122,424.55,8
68298,2026-07-24,2026-07-30,1,63,7,21,188,432.35,10
68299,2026-07-06,2026-07-07,2,451,16,11,54,87.06,8
68300,2026-07-26,2026-08-02,1,174,1,38,63,435.12,6
68301,2026-07-31,2026-08-07,3,291,10,12,200,134.38,1
68302,2026-07-31,2026-08-04,3,41,18,13,127,111.86,8
68303,2026-07-06,2026-07-12,1,206,12,46,137,290.49,3
68304,2026-07-21,2026-07-24,3,399,13,43,67,153.65,5
68305,2026-07-16,2026-07-18,2,493,16,10,136,418.83,3
68306,2026-07-09,2026-07-11,3,295,11,21,150,105.5,4
68307,2026-07-08,2026-07-10,3,3,9,25,76,417.65,9
68308,2026-07-22,2026-07-26,2,89,11,42,167,443.46,1
68309,2026-07-08,2026-07-15,3,246,5,24,78,353.24,8
68310,2026-07-29,2026-08-02,3,183,18,44,128,226.66,7
68311,2026-07-15,2026-07-16,2,17,5,14,158,28.43,1
68312,2026-07-26,2026-07-29,1,416,1,8,191,52.4,2
68313,2026-07-18,2026-07-20,1,317,4,35,166,172.23,2
68314,2026-07-12,2026-07-19,3,407,17,24,51,333.02,6
68315,2026-07-14,2026-07-19,1,293,15,50,165,441.34,8
68316,2026-07-19,2026-07-21,1,369,12,7,173,238.73,5
68317,2026-07-07,2026-07-09,3,246,15,4,106,465.13,4
68318,2026-07-09,2026-07-16,3,345,15,4,192,382.26,5
68319,2026-07-30,2026-08-05,2,416,18,3,46,177.06,8
68320,2026-07-14,2026-07-19,3,382,3,30,163,381.02,10
68321,2026-07-22,2026-07-24,1,329,9,28,79,333.82,8
68322,2026-07-22,2026-07-29,3,133,2,50,119,176.6,10
68323,2026-07-24,2026-07-29,1,267,7,46,20,99.01,4
68324,2026-07-13,2026-07-20,3,6,20,41,34,297.17,6
68325,2026-07-29,2026-08-05,1,136,12,7,56,386.45,4
68326,2026-07-21,2026-07-22,3,28,13,41,185,302.54,6
68327,2026-07-21,2026-07-28,3,228,1,13,124,256.82,2
68328,2026-07-23,2026-07-30,2,234,12,47,67,423.11,10
68329,2026-07-22,2026-07-27,1,95,16,27,1,160.7,6
68330,2026-07-07,2026-07-12,2,298,16,7,13,175.12,9
68331,2026-07-11,2026-07-17,1,19,20,14,139,486.08,8
68332,2026-07-26,2026-07-28,3,490,7,46,177,115.89,3
68333,2026-07-03,2026-07-07,2,80,20,14,78,242.41,7
68334,2026-07-06,2026-07-07,3,396,11,10,53,476.04,8
68335,2026-07-29,2026-07-31,3,500,6,5,16,136.95,1
68336,2026-07-14,2026-07-18,2,455,13,24,5,422.2,1
68337,2026-07-11,2026-07-13,1,444,11,43,171,177.49,2
68338,2026-08-01,2026-08-08,2,83,12,43,101,57.36,8
68339,2026-07-13,2026-07-15,2,194,17,17,171,480.34,10
68340,2026-07-05,2026-07-07,3,40,5,28,163,115.29,8
68341,2026-07-07,2026-07-10,3,53,13,22,195,174.8,8
68342,2026-07-08,2026-07-15,2,464,1,35,199,487.34,10
68343,2026-07-14,2026-07-15,2,376,15,42,192,235.36,5
68344,2026-07-26,2026-07-29,1,18,9,46,149,192.11,2
68345,2026-07-11,2026-07-18,3,119,14,45,178,201.6,8
68346,2026-07-11,2026-07-14,2,221,15,34,45,126.99,1
68347,2026-07-24,2026-07-31,1,16,13,22,97,450.13,1
68348,2026-07-27,2026-08-01,3,440,3,9,47,55.69,6
68349,2026-07-16,2026-07-20,1,392,20,2,43,274.23,7
68350,2026-07-30,2026-08-04,3,297,5,27,159,294.27,9
68351,2026-07-17,2026-07-21,1,116,5,27,67,158.56,2
68352,2026-07-03,2026-07-04,3,470,20,47,190,423.38,4
68353,2026-07-17,2026-07-21,3,161,12,7,165,278.26,10
68354,2026-07-27,2026-07-31,2,174,16,34,49,19.74,6
68355,2026-08-01,2026-08-07,3,188,14,36,22,114.44,2
68356,2026-07-13,2026-07-14,2,198,6,29,54,259.76,2
68357,2026-07-20,2026-07-21,3,165,14,10,178,144.27,1
68358,2026-07-14,2026-07-17,3,101,13,32,45,241.5,8
68359,2026-07-27,2026-08-03,1,168,4,3,159,249.42,2
68360,2026-07-24,2026-07-28,1,195,2,30,60,389.83,4
68361,2026-07-26,2026-07-31,2,267,2,9,143,294.76,5
68362,2026-07-29,2026-08-02,2,412,3,36,87,383.52,1
68363,2026-07-20,2026-07-21,1,484,18,39,55,70.06,1
68364,2026-07-17,2026-07-23,3,333,20,50,149,258.95,6
68365,2026-07-23,2026-07-27,1,452,19,37,99,495.51,1
68366,2026-07-11,2026-07-17,3,290,15,18,74,160.51,9
68367,2026-07-20,2026-07-23,1,262,1,44,3,202.62,4
68368,2026-08-01,2026-08-07,2,379,2,35,26,134.43,5
68369,2026-07-27,2026-07-29,3,463,9,9,145,228.39,5
68370,2026-07-23,2026-07-27,3,349,9,13,86,67.66,6
68371,2026-07-16,2026-07-22,3,13,11,46,198,390.19,4
68372,2026-07-15,2026-07-19,1,298,18,33,78,164.81,9
68373,2026-07-15,2026-07-21,2,370,11,30,156,142.35,2
68374,2026-07-08,2026-07-12,1,181,2,12,150,136.53,9
68375,2026-07-08,2026-07-13,1,323,14,3,10,9.26,10
68376,2026-07-27,2026-08-03,1,27,16,28,11,415.28,1
68377,2026-07-06,2026-07-11,3,265,5,1,198,484.66,4
68378,2026-07-06,2026-07-13,3,274,15,35,102,163.61,8
68379,2026-07-17,2026-07-23,3,380,17,15,190,135.39,5
68380,2026-07-05,2026-07-12,2,253,11,36,166,408.0,10
68381,2026-07-28,2026-08-02,2,1,16,34,160,428.02,4
68382,2026-07-30,2026-08-02,2,411,2,29,35,239.05,7
68383,2026-07-09,2026-07-11,3,52,8,32,151,191.05,6
68384,2026-08-01,2026-08-05,1,356,3,45,192,362.02,10
68385,2026-07-24,2026-07-31,2,400,14,38,160,15.38,3
68386,2026-07-14,2026-07-19,2,11,14,11,40,420.48,7
68387,2026-07-26,2026-07-31,2,194,6,4,4,79.41,8
68388,2026-07-05,2026-07-08,2,76,9,19,160,216.73,3
68389,2026-07-11,2026-07-17,2,253,2,35,159,93.88,9
68390,2026-07-15,2026-07-19,3,2,7,31,109,367.01,6
68391,2026-07-26,2026-07-27,2,49,7,33,168,448.04,9
68392,2026-08-02,2026-08-06,1,99,13,34,79,183.51,10
68393,2026-08-02,2026-08-05,2,236,9,14,105,390.41,4
68394,2026-07-19,2026-07-22,3,336,16,3,1,8.11,6
68395,2026-07-21,2026-07-28,1,108,15,6,11,469.5,1
68396,2026-07-05,2026-07-12,1,482,17,15,117,46.95,8
68397,2026-07-16,2026-07-21,1,72,8,48,188,300.05,1
68398,2026-07-23,2026-07-24,2,386,17,46,135,108.8,9
68399,2026-07-11,2026-07-13,2,238,1,14,196,379.29,3
68400,2026-07-15,2026-07-16,3,47,14,22,121,398.34,9
68401,2026-07-04,2026-07-08,3,126,9,15,44,424.71,3
68402,2026-07-03,2026-07-07,2,403,13,2,186,312.43,2
68403,2026-07-07,2026-07-13,1,146,8,1,106,451.84,10
68404,2026-07-21,2026-07-26,3,268,9,16,180,406.69,2
68405,2026-07-18,2026-07-19,1,353,6,5,134,120.92,3
68406,2026-07-28,2026-07-30,2,104,3,24,58,429.87,10
68407,2026-07-29,2026-08-05,2,130,18,12,112,378.8,10
68408,2026-07-18,2026-07-25,3,104,10,41,6,99.57,4
68409,2026-07-10,2026-07-15,1,91,8,45,148,485.89,10
68410,2026-07-13,2026-07-20,1,37,9,48,179,451.49,9
68411,2026-07-19,2026-07-24,2,402,17,15,12,439.87,2
68412,2026-07-23,2026-07-28,1,122,11,13,54,166.93,8
68413,2026-07-14,2026-07-18,2,375,5,23,71,498.46,10
68414,2026-07-26,2026-07-29,3,6,11,7,152,306.57,7
68415,2026-07-09,2026-07-11,2,39,3,40,111,402.14,7
68416,2026-07-07,2026-07-12,1,21,3,15,78,72.15,7
68417,2026-07-08,2026-07-10,3,222,9,5,93,106.16,3
68418,2026-07-24,2026-07-25,1,280,20,9,162,366.09,9
68419,2026-07-28,2026-07-29,3,71,3,45,116,81.39,4
68420,2026-07-30,2026-08-05,1,270,19,2,93,276.21,6
68421,2026-07-26,2026-07-27,3,57,9,36,55,350.35,8
68422,2026-08-01,2026-08-07,2,286,9,43,165,200.33,10
68423,2026-07-29,2026-07-31,2,194,12,21,47,228.96,6
68424,2026-07-19,2026-07-26,1,393,15,1,133,355.31,7
68425,2026-07-08,2026-07-11,2,4,14,39,49,102.71,5
68426,2026-07-11,2026-07-15,1,203,7,33,154,278.66,10
68427,2026-07-11,2026-07-12,3,478,12,28,99,202.9,1
68428,2026-07-09,2026-07-11,3,104,4,33,98,31.17,1
68429,2026-07-25,2026-07-30,3,228,10,46,81,13.78,3
68430,2026-07-23,2026-07-27,3,413,9,49,103,238.37,4
68431,2026-08-01,2026-08-04,3,409,17,34,14,131.5,1
68432,2026-07-25,2026-07-28,2,40,16,5,157,248.13,5
68433,2026-07-30,2026-08-06,3,212,7,45,124,320.57,2
68434,2026-07-14,2026-07-20,3,262,16,6,81,386.46,3
68435,2026-07-19,2026-07-25,3,66,4,44,16,427.34,3
68436,2026-07-27,2026-08-01,1,199,12,29,98,223.33,1
68437,2026-07-22,2026-07-25,2,105,5,39,85,176.72,3
68438,2026-07-22,2026-07-26,1,338,9,45,84,17.27,3
68439,2026-07-08,2026-07-09,1,165,7,12,150,492.8,10
68440,2026-07-05,2026-07-08,3,174,12,27,21,339.78,8
68441,2026-07-28,2026-08-04,1,427,3,10,78,77.77,2
68442,2026-07-17,2026-07-21,1,444,20,44,115,171.16,2
68443,2026-07-25,2026-07-28,2,360,17,46,1,95.3,10
68444,2026-07-15,2026-07-22,2,160,16,11,187,221.24,7
68445,2026-07-14,2026-07-15,3,95,14,31,14,246.52,10
68446,2026-07-19,2026-07-21,1,457,7,10,127,215.29,10
68447,2026-07-12,2026-07-13,1,156,15,9,57,19.79,2
68448,2026-07-19,2026-07-21,1,210,7,7,122,149.63,6
68449,2026-07-15,2026-07-19,1,490,15,38,20,420.44,9
68450,2026-08-02,2026-08-05,1,486,15,5,167,87.09,8
68451,2026-07-24,2026-07-30,1,205,7,43,37,439.64,2
68452,2026-07-25,2026-07-30,3,69,16,41,81,285.0,8
68453,2026-07-15,2026-07-20,2,354,16,14,131,481.03,8
68454,2026-07-12,2026-07-15,1,34,6,30,65,457.22,10
68455,2026-07-23,2026-07-27,1,84,7,31,79,433.21,5
68456,2026-07-18,2026-07-25,1,465,16,18,117,405.08,7
68457,2026-07-04,2026-07-05,1,438,8,35,129,286.78,10
68458,2026-07-11,2026-07-14,1,147,10,46,174,84.04,10
68459,2026-07-06,2026-07-07,3,40,15,15,141,403.29,2
68460,2026-07-09,2026-07-13,1,396,20,46,111,461.98,6
68461,2026-07-31,2026-08-03,3,83,2,36,135,467.42,7
68462,2026-07-06,2026-07-10,1,50,1,5,144,83.47,5
68463,2026-07-08,2026-07-11,2,135,6,9,5,81.51,5
68464,2026-07-06,2026-07-07,3,184,4,35,142,209.08,10
68465,2026-07-17,2026-07-23,3,282,18,28,197,487.76,4
68466,2026-07-19,2026-07-24,2,97,7,37,124,222.46,8
68467,2026-07-24,2026-07-28,3,342,1,19,183,473.14,2
68468,2026-08-02,2026-08-09,2,126,13,37,22,190.4,5
68469,2026-07-12,2026-07-13,2,157,13,4,44,137.75,6
68470,2026-07-09,2026-07-13,2,211,6,30,21,80.81,4
68471,2026-07-08,2026-07-11,1,123,17,45,9,189.83,3
68472,2026-07-07,2026-07-09,3,206,12,10,64,187.93,1
68473,2026-07-23,2026-07-28,2,25,2,34,65,64.17,5
68474,2026-07-05,2026-07-10,3,248,14,38,123,226.49,10
68475,2026-07-21,2026-07-25,3,446,6,18,115,423.61,3
68476,2026-07-31,2026-08-01,2,361,15,5,56,404.32,2
68477,2026-07-09,2026-07-11,1,133,5,2,144,227.24,5
68478,2026-07-08,2026-07-15,3,274,11,31,187,300.08,9
68479,2026-07-29,2026-08-01,3,306,12,36,87,388.86,7
68480,2026-07-27,2026-08-03,2,36,8,46,175,365.23,1
68481,2026-07-14,2026-07-18,1,141,7,48,57,322.27,6
68482,2026-07-21,2026-07-22,1,431,19,35,150,331.14,5
68483,2026-07-17,2026-07-19,3,390,19,15,129,199.39,5
68484,2026-08-01,2026-08-08,2,106,12,17,7,5.73,7
68485,2026-07-08,2026-07-11,2,21,4,49,132,363.52,4
68486,2026-07-14,2026-07-18,2,11,9,34,20,136.42,1
68487,2026-07-15,2026-07-17,1,129,9,50,15,137.67,7
68488,2026-07-27,2026-07-29,3,483,8,34,39,458.7,10
68489,2026-07-19,2026-07-23,3,396,9,35,5,325.98,8
68490,2026-07-12,2026-07-15,2,465,15,36,82,261.63,10
68491,2026-07-17,2026-07-19,3,155,5,19,142,256.74,5
68492,2026-07-07,2026-07-11,2,464,18,28,20,106.86,6
68493,2026-07-15,2026-07-17,2,422,1,9,168,443.97,2
68494,2026-07-30,2026-08-03,3,239,9,6,26,320.54,1
68495,2026-07-05,2026-07-11,2,321,11,25,154,70.56,8
68496,2026-07-10,2026-07-14,2,408,1,7,27,397.26,5
68497,2026-07-24,2026-07-31,3,444,8,38,125,292.13,7
68498,2026-07-18,2026-07-22,1,436,18,15,162,186.82,8
68499,2026-08-02,2026-08-05,2,274,3,43,159,423.91,5
68500,2026-07-20,2026-07-27,2,437,14,33,43,439.75,5
68501,2026-07-04,2026-07-05,2,237,18,11,141,334.13,1
68502,2026-07-17,2026-07-24,3,458,6,44,123,361.47,9
68503,2026-07-10,2026-07-17,1,464,3,3,47,478.43,10
68504,2026-07-19,2026-07-24,3,342,12,8,99,458.6,4
68505,2026-07-11,2026-07-14,1,60,19,11,98,34.44,4
68506,2026-07-05,2026-07-07,2,311,1,11,54,20.76,2
68507,2026-07-14,2026-07-19,1,279,6,26,75,27.39,9
68508,2026-07-03,2026-07-09,1,283,10,22,65,277.06,8
68509,2026-07-12,2026-07-18,1,315,1,9,92,498.89,2
68510,2026-07-08,2026-07-13,1,260,6,35,169,267.75,2
68511,2026-07-21,2026-07-24,1,101,7,25,109,321.33,5
68512,2026-07-18,2026-07-21,3,466,5,43,9,184.93,10
68513,2026-07-29,2026-08-02,1,147,8,36,35,409.71,3
68514,2026-07-13,2026-07-18,1,118,1,25,197,310.38,5
68515,2026-07-24,2026-07-30,2,463,12,18,21,393.48,3
68516,2026-07-28,2026-08-01,2,395,15,42,55,419.01,5
68517,2026-07-30,2026-07-31,2,444,15,49,174,249.38,1
68518,2026-07-09,2026-07-13,2,136,1,39,170,441.0,9
68519,2026-07-19,2026-07-26,1,114,10,8,170,447.44,9
68520,2026-07-26,2026-07-31,3,412,13,27,87,355.31,9
68521,2026-07-17,2026-07-21,1,151,17,8,116,144.1,6
68522,2026-07-20,2026-07-27,2,283,14,49,149,444.66,1
68523,2026-07-21,2026-07-27,3,65,5,23,164,209.97,9
68524,2026-07-22,2026-07-28,1,488,14,2,169,277.56,9
68525,2026-07-26,2026-07-31,3,129,9,50,98,22.25,6
68526,2026-07-22,2026-07-23,2,131,15,12,130,308.48,4
68527,2026-07-17,2026-07-23,1,274,9,21,196,94.41,8
68528,2026-07-08,2026-07-10,3,307,16,6,27,12.58,9
68529,2026-07-19,2026-07-20,2,7,19,50,101,460.84,3
68530,2026-07-12,2026-07-19,1,11,6,9,159,493.87,9
68531,2026-07-06,2026-07-08,2,280,15,42,156,96.8,6
68532,2026-07-05,2026-07-12,2,229,12,5,20,97.09,6
68533,2026-07-15,2026-07-19,2,448,13,48,174,348.74,5
68534,2026-07-14,2026-07-19,2,296,13,5,158,195.74,1
68535,2026-07-12,2026-07-16,3,117,15,15,120,340.38,7
68536,2026-07-30,2026-08-04,3,57,15,45,153,114.71,7
68537,2026-07-18,2026-07-20,2,406,10,44,157,236.67,9
68538,2026-07-03,2026-07-08,1,74,17,10,174,151.93,10
68539,2026-08-02,2026-08-04,1,318,11,13,104,377.13,6
68540,2026-07-16,2026-07-21,3,257,8,26,24,313.49,5
68541,2026-07-09,2026-07-11,2,352,5,18,186,59.22,7
68542,2026-07-21,2026-07-22,1,112,10,13,136,53.94,7
68543,2026-08-01,2026-08-04,2,457,17,48,80,304.84,8
68544,2026-07-30,2026-07-31,2,64,19,15,164,311.27,1
68545,2026-07-25,2026-07-31,1,440,11,15,20,121.62,10
68546,2026-07-21,2026-07-22,2,289,17,20,4,243.92,4
68547,2026-07-10,2026-07-17,2,62,11,45,5,452.06,9
68548,2026-07-16,2026-07-18,2,495,11,12,48,450.2,5
68549,2026-07-19,2026-07-26,2,96,12,28,81,28.6,1
68550,2026-07-12,2026-07-18,2,91,2,32,18,213.34,10
68551,2026-07-28,2026-07-31,3,430,14,10,23,103.46,2
68552,2026-07-23,2026-07-30,2,45,7,46,146,266.59,5
68553,2026-07-06,2026-07-10,1,455,9,50,38,139.31,9
68554,2026-07-13,2026-07-19,2,147,10,24,57,111.62,2
68555,2026-07-30,2026-08-01,2,133,10,50,118,344.47,5
68556,2026-07-31,2026-08-04,2,209,5,38,8,326.06,9
68557,2026-07-14,2026-07-18,1,177,5,45,179,328.3,2
68558,2026-07-17,2026-07-21,1,428,3,21,97,19.54,5
68559,2026-07-28,2026-07-29,1,336,6,39,19,306.72,9
68560,2026-07-31,2026-08-01,2,428,15,23,143,320.43,1
68561,2026-07-21,2026-07-23,1,272,20,8,148,54.36,10
68562,2026-07-23,2026-07-27,1,162,17,43,141,208.44,2
68563,2026-07-25,2026-07-26,1,7,1,31,59,472.84,4
68564,2026-07-21,2026-07-24,3,74,10,15,96,177.22,8
68565,2026-07-15,2026-07-21,2,93,11,43,91,60.38,2
68566,2026-07-31,2026-08-07,2,65,20,32,184,189.01,2
68567,2026-07-11,2026-07-12,2,188,4,49,131,123.64,6
68568,2026-07-13,2026-07-17,2,71,13,47,23,430.63,3
68569,2026-08-02,2026-08-03,2,348,5,22,36,83.16,10
68570,2026-07-11,2026-07-17,3,158,6,10,176,145.74,8
68571,2026-07-26,2026-08-01,2,122,5,32,9,406.16,9
68572,2026-07-15,2026-07-21,3,298,4,21,94,179.04,7
68573,2026-07-26,2026-08-02,3,125,11,33,84,63.67,4
68574,2026-07-18,2026-07-20,3,222,16,34,170,99.56,8
68575,2026-08-02,2026-08-05,2,63,14,40,169,50.76,4
68576,2026-07-31,2026-08-01,2,63,13,2,25,271.08,5
68577,2026-07-07,2026-07-09,2,6,19,14,109,89.19,5
68578,2026-07-09,2026-07-15,3,11,9,11,147,147.05,6
68579,2026-07-25,2026-08-01,1,361,13,20,114,232.85,5
68580,2026-07-04,2026-07-08,1,411,16,36,99,64.68,3
68581,2026-07-03,2026-07-07,3,142,17,10,96,267.62,6
68582,2026-07-03,2026-07-05,1,322,2,42,181,380.22,9
68583,2026-07-31,2026-08-07,1,46,13,1,79,480.66,2
68584,2026-07-22,2026-07-25,1,137,17,50,43,475.7,10
68585,2026-07-27,2026-07-30,2,387,2,23,33,197.63,8
68586,2026-07-04,2026-07-08,3,138,3,28,119,451.46,5
68587,2026-07-29,2026-07-31,3,9,15,20,2,471.29,9
68588,2026-07-22,2026-07-23,1,170,3,23,141,426.31,8
68589,2026-07-23,2026-07-26,2,269,16,4,95,160.94,10
68590,2026-07-31,2026-08-02,2,26,11,25,183,6.11,7
68591,2026-07-22,2026-07-27,2,429,2,34,100,166.98,10
68592,2026-08-01,2026-08-06,1,31,10,37,177,423.84,6
68593,2026-07-18,2026-07-21,1,367,18,49,182,121.13,7
68594,2026-07-20,2026-07-24,1,153,6,22,124,304.47,7
68595,2026-07-18,2026-07-20,3,32,7,41,169,178.28,6
68596,2026-07-13,2026-07-15,1,84,8,26,138,29.17,5
68597,2026-07-21,2026-07-22,3,49,14,25,167,71.27,5
68598,2026-07-04,2026-07-10,3,11,20,12,63,208.94,2
68599,2026-08-01,2026-08-05,2,96,20,19,85,78.54,9
68600,2026-07-31,2026-08-04,3,111,3,39,189,40.84,6
68601,2026-07-07,2026-07-11,1,353,14,23,200,437.66,8
68602,2026-07-05,2026-07-06,2,285,12,46,176,253.81,7
68603,2026-07-21,2026-07-22,2,218,17,17,162,308.93,7
68604,2026-07-16,2026-07-20,2,483,14,4,38,245.22,1
68605,2026-07-28,2026-08-02,1,201,18,42,82,497.62,7
68606,2026-07-16,2026-07-18,1,357,16,12,135,380.39,2
68607,2026-07-30,2026-08-02,1,199,9,45,25,358.48,9
68608,2026-07-09,2026-07-15,1,159,3,19,173,362.75,1
68609,2026-07-11,2026-07-17,1,248,20,42,25,272.55,7
68610,2026-07-20,2026-07-23,2,248,15,10,177,276.46,10
68611,2026-07-13,2026-07-17,2,213,6,50,102,485.29,1
68612,2026-07-29,2026-07-31,2,497,8,3,169,389.2,4
68613,2026-07-20,2026-07-22,3,253,11,5,157,415.99,1
68614,2026-07-19,2026-07-25,1,381,10,9,44,194.87,10
68615,2026-07-29,2026-07-31,2,238,14,21,174,115.79,8
68616,2026-07-04,2026-07-06,2,17,8,1,30,343.25,8
68617,2026-07-06,2026-07-13,3,228,7,48,54,390.73,10
68618,2026-07-31,2026-08-07,1,84,7,39,100,213.47,7
68619,2026-07-06,2026-07-12,2,160,7,26,84,175.69,8
68620,2026-07-14,2026-07-18,2,65,17,1,83,193.61,4
68621,2026-07-30,2026-08-05,2,472,8,34,182,185.18,4
68622,2026-07-08,2026-07-11,2,288,6,28,70,155.19,2
68623,2026-07-23,2026-07-24,3,362,4,13,31,107.63,8
68624,2026-07-03,2026-07-06,1,345,11,44,97,295.65,9
68625,2026-07-06,2026-07-12,1,397,11,41,65,257.24,10
68626,2026-08-02,2026-08-09,1,158,6,10,161,210.51,4
68627,2026-07-07,2026-07-14,3,313,10,34,190,71.66,9
68628,2026-07-03,2026-07-04,2,155,20,5,94,385.17,5
68629,2026-07-19,2026-07-25,2,201,16,2,12,129.06,9
68630,2026-07-08,2026-07-10,3,290,2,5,50,9.48,7
68631,2026-07-23,2026-07-29,3,137,13,50,189,279.96,7
68632,2026-07-21,2026-07-23,1,343,10,4,122,154.01,10
68633,2026-07-29,2026-07-31,1,198,8,36,199,273.52,6
68634,2026-07-21,2026-07-22,2,72,18,27,80,167.52,3
68635,2026-07-26,2026-07-31,1,459,14,7,182,408.76,8
68636,2026-07-11,2026-07-14,2,320,16,34,29,184.01,9
68637,2026-07-13,2026-07-15,3,118,6,37,157,255.22,10
68638,2026-07-29,2026-07-31,1,325,11,34,179,371.73,8
68639,2026-07-29,2026-08-05,3,459,18,26,22,433.99,2
68640,2026-07-26,2026-07-31,3,15,15,9,119,425.22,6
68641,2026-07-27,2026-07-31,1,68,6,17,49,336.7,2
68642,2026-07-12,2026-07-17,1,369,1,48,174,348.38,6
68643,2026-07-23,2026-07-26,3,21,13,3,9,54.59,3
68644,2026-07-13,2026-07-16,2,481,10,28,37,427.25,2
68645,2026-07-20,2026-07-26,2,291,9,37,197,67.57,5
68646,2026-07-08,2026-07-15,2,330,11,31,14,254.18,7
68647,2026-07-16,2026-07-18,1,378,6,42,36,472.56,7
68648,2026-07-07,2026-07-13,2,154,19,35,87,193.72,2
68649,2026-07-30,2026-08-01,1,412,11,8,27,264.33,2
68650,2026-07-07,2026-07-10,1,336,17,8,62,353.71,10
68651,2026-08-02,2026-08-06,3,331,6,29,7,440.83,9
68652,2026-07-13,2026-07-19,3,103,13,31,52,393.01,8
68653,2026-07-19,2026-07-24,1,489,5,43,59,73.86,2
68654,2026-07-15,2026-07-21,3,219,1,6,39,278.17,8
68655,2026-07-12,2026-07-17,2,251,9,46,119,238.66,7
68656,2026-07-11,2026-07-13,1,413,7,40,172,209.34,6
68657,2026-07-11,2026-07-15,1,490,12,20,56,224.0,6
68658,2026-07-29,2026-08-04,1,138,11,11,16,351.96,5
68659,2026-07-31,2026-08-05,3,265,17,48,39,79.07,1
68660,2026-07-19,2026-07-25,1,466,7,1,130,399.21,5
68661,2026-07-09,2026-07-16,3,437,9,34,63,365.41,4
68662,2026-07-14,2026-07-19,2,451,12,20,142,248.37,3
68663,2026-07-10,2026-07-13,2,426,14,5,143,28.04,5
68664,2026-07-29,2026-08-01,2,328,11,46,19,246.82,6
68665,2026-07-21,2026-07-25,2,411,20,26,128,457.64,6
68666,2026-07-31,2026-08-06,2,31,17,23,107,26.24,10
68667,2026-07-28,2026-07-31,3,425,13,27,95,309.5,6
68668,2026-07-25,2026-07-31,3,417,18,25,179,21.85,9
68669,2026-08-01,2026-08-06,3,19,11,21,68,72.87,7
68670,2026-07-08,2026-07-15,2,477,6,49,12,171.25,2
68671,2026-07-13,2026-07-17,3,177,9,47,62,140.4,4
68672,2026-07-24,2026-07-26,2,209,8,43,76,29.96,3
68673,2026-07-29,2026-08-03,2,396,20,43,7,55.72,1
68674,2026-07-06,2026-07-10,1,6,2,31,55,376.29,6
68675,2026-07-04,2026-07-05,2,169,15,4,141,298.48,6
68676,2026-07-20,2026-07-27,2,255,8,32,171,67.1,8
68677,2026-07-25,2026-07-26,2,218,10,3,5,305.99,7
68678,2026-07-23,2026-07-26,3,148,12,30,53,493.36,3
68679,2026-07-22,2026-07-26,2,7,1,15,168,46.28,5
68680,2026-07-28,2026-07-31,3,198,10,14,16,205.83,8
68681,2026-07-06,2026-07-11,3,138,12,1,21,187.39,7
68682,2026-07-18,2026-07-24,2,360,6,38,99,410.74,5
68683,2026-07-18,2026-07-23,2,86,5,44,84,295.07,5
68684,2026-07-21,2026-07-28,3,209,2,46,116,102.43,6
68685,2026-07-22,2026-07-25,2,22,10,2,11,23.69,10
68686,2026-07-18,2026-07-21,3,64,3,23,32,306.92,1
68687,2026-07-17,2026-07-19,3,205,16,50,95,183.35,9
68688,2026-07-05,2026-07-12,3,55,14,27,49,233.57,10
68689,2026-07-22,2026-07-27,3,135,20,42,39,496.02,3
68690,2026-07-13,2026-07-20,1,142,7,26,108,446.73,4
68691,2026-07-30,2026-08-04,1,355,20,19,58,305.67,1
68692,2026-07-16,2026-07-18,3,92,19,17,64,298.59,5
68693,2026-07-05,2026-07-12,2,221,15,3,155,232.32,8
68694,2026-07-09,2026-07-11,3,65,5,5,78,175.19,9
68695,2026-07-26,2026-08-02,1,218,17,44,155,369.03,1
68696,2026-07-16,2026-07-22,1,295,15,39,77,6.98,2
68697,2026-07-26,2026-07-30,2,261,19,45,27,456.23,8
68698,2026-07-29,2026-08-05,3,251,12,13,70,191.62,7
68699,2026-07-24,2026-07-27,3,166,14,12,192,319.56,2
68700,2026-07-24,2026-07-28,1,208,16,6,98,391.53,4
68701,2026-07-09,2026-07-12,3,163,13,24,88,362.47,10
68702,2026-07-09,2026-07-16,3,343,8,23,42,410.24,5
68703,2026-07-28,2026-08-02,1,187,11,45,176,358.26,8
68704,2026-07-17,2026-07-19,1,66,20,11,188,244.29,6
68705,2026-07-08,2026-07-13,1,316,1,18,148,269.2,3
68706,2026-07-29,2026-08-04,1,28,4,27,34,335.82,4
68707,2026-07-22,2026-07-27,1,25,10,48,7,47.09,1
68708,2026-07-09,2026-07-10,2,44,11,36,112,129.58,8
68709,2026-07-12,2026-07-17,1,8,18,49,69,429.84,1
68710,2026-07-04,2026-07-09,2,87,20,30,119,405.51,1
68711,2026-07-08,2026-07-10,3,466,16,36,20,317.77,3
68712,2026-07-06,2026-07-12,2,133,3,43,90,396.43,8
68713,2026-07-23,2026-07-26,2,225,13,30,84,317.54,3
68714,2026-07-29,2026-08-04,2,113,20,6,159,259.93,2
68715,2026-07-31,2026-08-04,1,113,13,17,164,414.88,5
68716,2026-07-30,2026-08-03,2,470,17,21,27,414.71,1
68717,2026-07-03,2026-07-06,2,81,9,1,74,183.91,5
68718,2026-07-30,2026-08-06,1,479,18,6,26,216.95,4
68719,2026-07-09,2026-07-14,3,165,19,28,63,263.58,7
68720,2026-07-28,2026-07-30,3,359,17,15,180,237.25,2
68721,2026-07-30,2026-08-03,2,94,6,39,200,403.94,1
68722,2026-07-19,2026-07-21,3,154,15,26,38,332.15,1
68723,2026-07-16,2026-07-19,1,177,17,42,83,190.62,3
68724,2026-07-21,2026-07-23,3,302,1,28,190,107.91,9
68725,2026-07-07,2026-07-14,3,320,15,33,152,475.57,5
68726,2026-07-13,2026-07-19,1,373,18,29,62,125.47,1
68727,2026-07-08,2026-07-11,1,416,14,33,89,294.44,2
68728,2026-07-15,2026-07-22,3,281,10,6,11,37.98,10
68729,2026-07-21,2026-07-23,1,292,2,47,9,227.74,8
68730,2026-07-11,2026-07-18,3,171,14,14,90,227.35,10
68731,2026-07-18,2026-07-24,3,184,12,16,137,237.94,4
68732,2026-07-27,2026-08-02,1,441,5,7,113,177.1,4
68733,2026-07-18,2026-07-24,3,334,13,3,30,73.5,1
68734,2026-07-21,2026-07-22,3,63,15,23,57,227.15,7
68735,2026-07-04,2026-07-05,1,480,12,21,63,143.46,2
68736,2026-07-29,2026-08-01,3,26,8,7,157,495.01,10
68737,2026-07-12,2026-07-14,3,326,14,5,19,88.42,3
68738,2026-07-26,2026-07-27,3,346,2,43,187,244.61,1
68739,2026-07-14,2026-07-17,3,363,9,20,50,234.39,7
68740,2026-07-18,2026-07-19,3,450,19,11,116,114.44,9
68741,2026-07-05,2026-07-10,2,49,13,10,143,443.45,8
68742,2026-07-19,2026-07-24,2,139,11,8,77,327.49,4
68743,2026-07-23,2026-07-30,2,212,14,40,143,164.25,9
68744,2026-07-09,2026-07-13,1,304,2,6,47,362.45,1
68745,2026-07-29,2026-08-02,3,314,12,9,99,430.18,1
68746,2026-07-25,2026-07-26,2,214,2,11,29,323.81,4
68747,2026-07-04,2026-07-10,2,123,5,12,21,158.49,8
68748,2026-07-18,2026-07-21,1,199,6,29,176,138.32,10
68749,2026-07-15,2026-07-22,3,86,1,37,105,306.95,2
68750,2026-07-25,2026-08-01,2,75,1,19,18,184.58,8
68751,2026-07-09,2026-07-11,2,36,11,29,150,222.84,4
68752,2026-07-11,2026-07-15,1,408,17,12,189,264.83,9
68753,2026-07-15,2026-07-19,1,154,1,31,51,409.01,4
68754,2026-07-24,2026-07-27,1,258,15,8,191,405.88,6
68755,2026-07-21,2026-07-23,3,46,8,50,52,69.74,1
68756,2026-07-17,2026-07-23,1,422,18,27,66,439.37,7
68757,2026-07-10,2026-07-11,3,376,19,6,119,483.08,2
68758,2026-07-16,2026-07-20,2,361,7,48,40,302.59,6
68759,2026-07-08,2026-07-15,1,319,15,15,125,261.76,3
68760,2026-07-25,2026-07-26,3,152,17,11,137,255.34,9
68761,2026-07-12,2026-07-19,2,333,6,2,169,75.86,5
68762,2026-07-05,2026-07-11,2,174,12,46,65,23.62,4
68763,2026-07-15,2026-07-18,1,195,17,38,64,110.03,9
68764,2026-07-24,2026-07-25,1,19,13,25,131,195.12,4
68765,2026-07-18,2026-07-24,2,23,12,39,16,160.61,1
68766,2026-07-13,2026-07-14,1,328,12,16,5,480.7,4
68767,2026-07-06,2026-07-12,2,278,2,27,106,190.61,8
68768,2026-07-11,2026-07-13,2,307,5,3,116,15.94,2
68769,2026-08-01,2026-08-03,2,52,6,8,153,14.77,5
68770,2026-08-01,2026-08-06,1,106,20,27,42,179.42,8
68771,2026-07-13,2026-07-17,2,105,16,21,84,189.66,8
68772,2026-07-20,2026-07-27,3,136,11,50,78,373.65,6
68773,2026-08-02,2026-08-05,2,193,1,42,145,176.2,2
68774,2026-07-10,2026-07-15,3,376,20,20,170,319.4,2
68775,2026-07-13,2026-07-19,3,318,3,16,168,401.51,8
68776,2026-07-09,2026-07-16,2,301,5,50,153,272.99,6
68777,2026-07-22,2026-07-27,1,238,3,39,48,462.69,3
68778,2026-07-25,2026-07-26,2,368,1,47,41,474.94,8
68779,2026-08-02,2026-08-05,2,406,1,47,100,67.42,8
68780,2026-07-16,2026-07-21,3,439,15,17,66,286.32,4
68781,2026-07-19,2026-07-25,2,450,6,50,75,333.42,5
68782,2026-07-23,2026-07-28,2,8,9,50,96,170.36,4
68783,2026-07-18,2026-07-21,2,293,11,47,107,429.1,10
68784,2026-07-11,2026-07-15,3,387,7,45,168,175.52,10
68785,2026-07-26,2026-07-31,2,243,2,2,19,163.67,2
68786,2026-07-27,2026-07-31,3,410,5,18,191,394.99,5
68787,2026-07-27,2026-07-29,2,457,9,42,37,385.87,2
68788,2026-07-11,2026-07-13,2,385,16,21,186,83.96,2
68789,2026-07-19,2026-07-20,1,475,18,21,50,159.09,5
68790,2026-07-21,2026-07-27,2,42,1,9,83,38.22,2
68791,2026-07-29,2026-07-31,2,306,18,24,118,44.58,1
68792,2026-07-07,2026-07-09,3,461,11,29,199,465.53,4
68793,2026-07-09,2026-07-16,1,468,20,39,35,488.89,5
68794,2026-07-23,2026-07-29,3,400,19,49,30,319.39,6
68795,2026-07-26,2026-07-31,2,359,14,18,72,139.8,4
68796,2026-07-13,2026-07-17,3,168,10,42,90,328.56,7
68797,2026-07-14,2026-07-20,3,478,2,32,147,228.78,9
68798,2026-07-26,2026-07-30,2,198,8,45,136,12.1,6
68799,2026-07-22,2026-07-26,2,406,17,31,41,465.83,3
68800,2026-07-13,2026-07-15,2,360,10,18,62,458.26,4
68801,2026-08-01,2026-08-08,1,412,9,32,174,376.65,5
68802,2026-07-20,2026-07-23,1,181,20,21,161,37.32,5
68803,2026-07-11,2026-07-13,2,141,5,21,46,289.94,4
68804,2026-07-24,2026-07-29,3,386,7,31,103,170.0,5
68805,2026-07-11,2026-07-16,3,135,4,38,200,75.73,9
68806,2026-07-18,2026-07-23,1,234,6,19,103,198.3,10
68807,2026-07-03,2026-07-06,2,139,10,35,3,480.44,4
68808,2026-07-04,2026-07-10,3,398,1,16,22,58.93,5
68809,2026-07-13,2026-07-19,3,78,1,14,47,299.39,6
68810,2026-07-21,2026-07-26,1,145,2,4,64,262.53,3
68811,2026-07-10,2026-07-15,3,94,12,8,124,223.3,9
68812,2026-07-28,2026-08-01,2,246,15,35,136,409.21,9
68813,2026-07-09,2026-07-16,2,41,4,7,104,315.11,2
68814,2026-07-14,2026-07-19,1,494,4,31,59,66.58,2
68815,2026-07-17,2026-07-22,3,488,1,5,98,181.94,2
68816,2026-07-18,2026-07-24,2,108,15,14,53,319.55,6
68817,2026-07-14,2026-07-16,3,499,11,27,97,335.33,8
68818,2026-07-13,2026-07-20,1,325,4,11,106,456.6,9
68819,2026-07-23,2026-07-30,2,318,1,28,117,8.02,5
68820,2026-07-31,2026-08-06,3,232,3,17,69,107.71,4
68821,2026-07-21,2026-07-24,3,149,11,7,9,19.27,7
68822,2026-07-19,2026-07-24,2,56,11,4,68,105.15,6
68823,2026-07-16,2026-07-22,1,338,20,13,14,371.36,6
68824,2026-07-25,2026-08-01,2,205,16,40,81,144.8,2
68825,2026-07-24,2026-07-25,3,468,17,19,148,119.71,2
68826,2026-07-25,2026-07-31,2,319,1,46,72,133.71,2
68827,2026-07-20,2026-07-25,3,142,8,16,59,164.45,6
68828,2026-08-01,2026-08-06,3,185,6,27,35,305.81,6
68829,2026-07-30,2026-08-06,1,280,7,43,36,186.67,2
68830,2026-07-14,2026-07-17,3,335,3,3,140,236.79,10
68831,2026-07-22,2026-07-28,1,291,15,25,188,120.19,5
68832,2026-07-10,2026-07-11,3,128,19,32,79,8.89,6
68833,2026-07-08,2026-07-09,2,112,13,33,191,183.18,1
68834,2026-07-14,2026-07-21,1,351,8,33,29,90.26,3
68835,2026-07-16,2026-07-21,3,245,9,1,80,302.31,6
68836,2026-07-08,2026-07-11,3,129,1,2,157,257.55,10
68837,2026-07-03,2026-07-09,1,266,14,31,11,85.76,10
68838,2026-07-24,2026-07-25,3,480,10,19,120,330.67,6
68839,2026-07-09,2026-07-11,3,127,8,48,151,358.43,1
68840,2026-07-07,2026-07-08,2,56,16,10,90,19.54,8
68841,2026-07-25,2026-07-31,2,50,4,40,112,485.65,9
68842,2026-07-10,2026-07-17,1,84,1,11,44,159.51,5
68843,2026-07-05,2026-07-07,1,267,16,42,47,106.7,7
68844,2026-07-24,2026-07-31,2,208,12,30,36,28.79,10
68845,2026-07-15,2026-07-19,2,353,12,18,72,445.69,10
68846,2026-07-22,2026-07-25,1,355,6,49,32,77.97,1
68847,2026-07-25,2026-07-26,1,344,1,20,62,392.48,5
68848,2026-07-04,2026-07-09,2,450,3,7,69,233.96,4
68849,2026-07-11,2026-07-13,3,73,19,45,103,25.02,5
68850,2026-07-03,2026-07-08,3,119,15,35,12,351.18,5
68851,2026-07-16,2026-07-20,2,435,8,28,158,338.64,1
68852,2026-07-30,2026-08-05,1,115,10,32,197,355.47,9
68853,2026-07-18,2026-07-23,3,277,4,32,145,10.27,10
68854,2026-07-04,2026-07-10,3,179,12,34,31,470.67,10
68855,2026-07-16,2026-07-20,3,394,20,47,96,420.56,9
68856,2026-07-05,2026-07-07,3,350,19,25,49,121.39,10
68857,2026-08-02,2026-08-08,2,268,8,20,65,7.01,5
68858,2026-07-17,2026-07-20,2,32,8,26,40,499.52,8
68859,2026-08-02,2026-08-07,3,124,3,22,197,44.48,9
68860,2026-07-28,2026-08-03,1,185,12,28,174,217.83,5
68861,2026-08-02,2026-08-06,3,226,18,8,95,436.94,4
68862,2026-07-29,2026-08-03,1,463,1,5,27,179.41,9
68863,2026-07-30,2026-08-06,3,333,13,2,11,20.58,4
68864,2026-07-20,2026-07-21,2,185,6,6,50,158.51,10
68865,2026-07-04,2026-07-09,3,110,18,12,53,108.5,10
68866,2026-07-04,2026-07-05,2,249,9,45,97,140.36,5
68867,2026-07-24,2026-07-28,1,488,5,5,58,186.0,10
68868,2026-07-21,2026-07-24,1,492,15,39,81,31.88,2
68869,2026-07-09,2026-07-15,3,391,15,44,104,480.48,7
68870,2026-07-16,2026-07-17,2,497,14,7,112,64.2,1
68871,2026-08-02,2026-08-06,3,42,14,22,2,87.14,7
68872,2026-07-16,2026-07-17,3,2,16,44,16,25.04,5
68873,2026-07-18,2026-07-19,3,474,11,21,58,209.77,7
68874,2026-08-02,2026-08-04,1,123,12,19,43,65.61,5
68875,2026-07-17,2026-07-20,3,341,17,1,15,461.27,6
68876,2026-07-13,2026-07-14,1,449,14,45,66,359.72,7
68877,2026-07-23,2026-07-30,2,123,3,41,116,474.45,7
68878,2026-07-23,2026-07-24,1,379,6,18,178,126.53,4
68879,2026-07-10,2026-07-11,3,290,10,44,20,115.55,8
68880,2026-07-27,2026-08-03,3,193,18,49,46,46.43,9
68881,2026-07-15,2026-07-22,3,289,9,38,166,211.35,3
68882,2026-07-03,2026-07-05,2,247,2,2,140,478.77,1
68883,2026-07-07,2026-07-08,1,47,11,38,95,308.73,7
68884,2026-07-13,2026-07-19,2,369,15,9,33,319.47,5
68885,2026-07-20,2026-07-24,1,142,5,34,25,371.55,9
68886,2026-08-01,2026-08-08,2,433,9,3,31,68.7,4
68887,2026-07-16,2026-07-21,1,456,3,20,167,137.87,8
68888,2026-07-28,2026-08-04,1,213,13,10,157,265.71,5
68889,2026-07-16,2026-07-21,2,170,6,33,186,13.43,4
68890,2026-07-24,2026-07-31,2,429,18,9,30,403.5,9
68891,2026-07-17,2026-07-24,1,189,16,44,193,148.71,10
68892,2026-07-29,2026-08-04,1,143,13,6,195,367.01,9
68893,2026-07-28,2026-07-30,3,492,20,43,90,435.41,5
68894,2026-07-16,2026-07-19,2,340,20,7,110,390.53,4
68895,2026-07-20,2026-07-23,1,230,16,30,117,213.78,3
68896,2026-07-03,2026-07-07,1,453,14,10,161,326.82,2
68897,2026-07-11,2026-07-16,3,330,14,33,188,242.8,1
68898,2026-07-18,2026-07-24,1,436,13,44,8,339.89,6
68899,2026-07-19,2026-07-25,3,257,11,25,63,159.1,5
68900,2026-07-30,2026-08-06,3,158,3,20,80,385.52,3
68901,2026-07-22,2026-07-28,3,169,16,15,117,445.01,4
68902,2026-07-19,2026-07-26,3,432,4,46,151,391.66,8
68903,2026-07-16,2026-07-20,1,383,12,23,8,325.45,7
68904,2026-07-03,2026-07-07,1,330,10,1,22,178.47,5
68905,2026-07-17,2026-07-22,3,280,18,21,55,125.93,10
68906,2026-07-15,2026-07-22,2,135,4,41,78,392.37,1
68907,2026-07-04,2026-07-08,2,330,15,29,183,53.06,5
68908,2026-07-05,2026-07-12,2,79,14,14,86,131.11,4
68909,2026-07-07,2026-07-10,3,463,12,19,15,156.71,5
68910,2026-07-20,2026-07-25,3,482,16,21,128,72.76,7
68911,2026-07-26,2026-08-02,1,185,15,40,169,93.69,9
68912,2026-07-10,2026-07-16,1,343,4,5,170,57.3,10
68913,2026-07-21,2026-07-28,2,355,8,48,76,109.62,6
68914,2026-07-24,2026-07-25,1,326,6,24,185,383.54,3
68915,2026-07-16,2026-07-19,1,108,8,26,158,371.59,1
68916,2026-07-21,2026-07-23,3,6,12,18,13,265.11,1
68917,2026-07-24,2026-07-29,3,472,17,4,169,406.16,2
68918,2026-07-12,2026-07-14,3,422,9,29,74,112.52,5
68919,2026-07-06,2026-07-11,3,340,6,29,112,200.52,8
68920,2026-07-14,2026-07-17,2,138,14,14,25,401.45,2
68921,2026-07-12,2026-07-18,3,213,9,33,190,83.73,6
68922,2026-07-31,2026-08-01,3,298,17,45,67,250.88,9
68923,2026-07-04,2026-07-09,1,411,16,40,4,302.25,5
68924,2026-07-30,2026-08-02,2,95,10,5,141,469.22,7
68925,2026-07-06,2026-07-11,3,455,15,38,102,36.31,5
68926,2026-07-15,2026-07-17,2,25,5,44,93,204.44,9
68927,2026-07-04,2026-07-10,3,2,5,18,198,134.0,10
68928,2026-08-02,2026-08-05,1,57,1,38,140,321.5,8
68929,2026-07-26,2026-08-01,3,334,9,1,155,455.86,6
68930,2026-07-04,2026-07-05,2,423,10,21,144,144.47,7
68931,2026-07-22,2026-07-25,1,31,4,37,26,244.37,5
68932,2026-07-27,2026-08-03,2,350,9,24,87,387.13,8
68933,2026-07-03,2026-07-07,2,271,7,17,161,105.94,5
68934,2026-08-02,2026-08-09,2,205,5,40,34,384.22,5
68935,2026-07-23,2026-07-25,3,450,4,32,187,110.07,8
68936,2026-07-15,2026-07-21,2,210,5,42,83,331.77,1
68937,2026-07-22,2026-07-26,3,261,9,35,53,471.64,10
68938,2026-07-09,2026-07-15,2,29,17,44,76,375.2,3
68939,2026-07-31,2026-08-02,3,228,15,37,102,333.13,3
68940,2026-07-17,2026-07-18,1,215,20,17,118,88.54,3
68941,2026-07-21,2026-07-22,1,435,11,47,103,163.35,9
68942,2026-07-29,2026-08-04,3,441,11,22,67,290.59,10
68943,2026-07-11,2026-07-16,3,131,19,42,166,214.66,3
68944,2026-07-17,2026-07-20,1,191,17,6,138,158.96,9
68945,2026-07-07,2026-07-11,3,173,11,19,48,9.38,5
68946,2026-07-05,2026-07-12,2,477,1,37,161,73.08,9
68947,2026-07-30,2026-07-31,1,29,11,1,7,311.78,2
68948,2026-07-19,2026-07-26,3,432,7,43,195,157.69,4
68949,2026-07-13,2026-07-16,3,219,18,26,35,191.23,10
68950,2026-07-22,2026-07-29,3,24,1,29,7,388.7,9
68951,2026-07-21,2026-07-26,2,76,10,40,18,319.18,10
68952,2026-07-20,2026-07-25,3,349,3,26,197,338.95,8
68953,2026-07-10,2026-07-11,2,228,5,3,175,410.07,10
68954,2026-07-11,2026-07-18,3,271,4,14,141,358.65,9
68955,2026-07-23,2026-07-24,1,110,15,29,123,145.61,7
68956,2026-07-03,2026-07-09,3,135,12,37,129,368.67,8
68957,2026-07-17,2026-07-22,2,314,20,25,59,417.98,8
68958,2026-07-05,2026-07-07,1,496,20,15,82,89.64,3
68959,2026-07-09,2026-07-15,1,111,18,28,67,125.48,10
68960,2026-07-14,2026-07-16,3,482,7,25,111,89.77,3
68961,2026-07-21,2026-07-25,1,309,11,28,38,323.28,8
68962,2026-07-20,2026-07-23,1,256,2,4,166,452.63,2
68963,2026-07-05,2026-07-08,2,313,17,21,104,155.47,4
68964,2026-07-05,2026-07-12,1,487,10,50,81,68.99,1
68965,2026-07-25,2026-07-26,3,179,9,21,20,283.96,9
68966,2026-07-31,2026-08-04,2,203,16,24,192,252.72,9
68967,2026-08-02,2026-08-06,3,87,8,18,37,254.47,5
68968,2026-07-16,2026-07-19,3,358,6,33,90,466.03,7
68969,2026-07-28,2026-08-03,3,499,2,6,156,69.9,5
68970,2026-07-09,2026-07-12,3,233,2,20,50,47.32,3
68971,2026-07-13,2026-07-19,3,96,10,2,198,40.34,7
68972,2026-07-21,2026-07-23,2,302,3,11,37,314.91,10
68973,2026-07-03,2026-07-04,2,346,2,8,97,338.24,9
68974,2026-08-02,2026-08-09,1,171,6,35,148,114.69,2
68975,2026-08-02,2026-08-08,3,107,7,13,29,292.87,5
68976,2026-07-18,2026-07-25,1,249,18,25,120,137.68,9
68977,2026-07-18,2026-07-19,2,261,9,25,165,96.82,2
68978,2026-07-18,2026-07-23,1,440,2,10,22,273.87,2
68979,2026-08-01,2026-08-07,3,356,20,16,150,423.04,5
68980,2026-07-07,2026-07-08,2,366,15,21,5,281.02,7
68981,2026-07-19,2026-07-22,2,29,11,7,158,32.07,7
68982,2026-07-17,2026-07-24,3,491,17,46,2,259.81,4
68983,2026-07-16,2026-07-20,3,357,1,6,169,397.92,6
68984,2026-07-17,2026-07-19,1,486,8,47,130,499.73,7
68985,2026-07-12,2026-07-13,3,209,5,1,91,486.85,8
68986,2026-07-09,2026-07-14,2,126,1,19,114,46.87,2
68987,2026-07-07,2026-07-14,1,348,2,50,88,325.77,5
68988,2026-07-21,2026-07-28,3,105,9,33,31,434.55,10
68989,2026-07-06,2026-07-07,3,96,2,18,127,131.35,3
68990,2026-07-12,2026-07-19,1,362,4,28,92,117.66,6
68991,2026-07-14,2026-07-21,3,302,2,12,125,121.57,10
68992,2026-07-23,2026-07-25,1,69,15,45,59,180.27,2
68993,2026-07-28,2026-08-04,1,165,4,4,126,489.64,6
68994,2026-07-17,2026-07-21,2,431,17,20,176,401.33,8
68995,2026-07-17,2026-07-18,2,198,16,8,76,382.4,4
68996,2026-07-11,2026-07-16,2,310,12,42,89,326.53,5
68997,2026-07-10,2026-07-17,2,205,1,7,131,424.37,7
68998,2026-07-25,2026-07-29,3,136,13,3,21,196.77,2
68999,2026-07-21,2026-07-25,3,414,10,35,184,55.03,6
69000,2026-07-14,2026-07-17,3,438,19,3,88,151.89,1
69001,2026-07-06,2026-07-07,2,38,1,5,63,470.02,9
69002,2026-07-10,2026-07-15,3,403,14,40,71,409.09,4
69003,2026-07-13,2026-07-15,2,133,20,31,60,382.25,8
69004,2026-07-21,2026-07-28,2,279,2,38,169,375.81,8
69005,2026-07-23,2026-07-25,1,266,11,27,148,225.73,4
69006,2026-07-30,2026-07-31,1,336,7,48,102,143.16,1
69007,2026-07-09,2026-07-15,2,232,13,37,108,334.2,2
69008,2026-07-04,2026-07-09,3,195,10,37,122,272.04,10
69009,2026-07-16,2026-07-22,2,401,5,23,45,272.39,1
69010,2026-08-02,2026-08-04,1,347,11,29,155,137.51,10
69011,2026-07-21,2026-07-23,3,369,18,6,98,440.2,10
69012,2026-07-03,2026-07-04,2,435,18,26,49,323.28,3
69013,2026-07-03,2026-07-09,3,338,19,22,96,461.42,8
69014,2026-07-05,2026-07-06,3,457,20,49,80,214.45,9
69015,2026-07-08,2026-07-11,2,284,2,23,107,293.14,6
69016,2026-07-07,2026-07-14,2,57,15,3,156,130.14,2
69017,2026-07-13,2026-07-14,1,4,17,16,111,339.79,2
69018,2026-07-21,2026-07-23,1,176,6,2,162,256.82,8
69019,2026-08-02,2026-08-04,2,237,17,7,5,460.7,3
69020,2026-07-29,2026-07-31,3,273,4,28,51,419.13,1
69021,2026-07-08,2026-07-11,2,262,12,4,50,403.69,10
69022,2026-07-30,2026-08-03,2,107,19,46,89,187.71,9
69023,2026-07-16,2026-07-23,1,42,14,40,168,89.27,6
69024,2026-07-17,2026-07-24,1,141,18,35,104,180.21,10
69025,2026-07-10,2026-07-11,1,363,12,8,200,22.84,1
69026,2026-07-03,2026-07-08,3,12,5,34,126,35.2,7
69027,2026-07-24,2026-07-31,3,254,4,7,11,164.39,6
69028,2026-07-03,2026-07-06,2,93,3,27,147,90.66,2
69029,2026-07-20,2026-07-27,1,220,13,18,195,118.76,6
69030,2026-07-21,2026-07-23,2,418,5,36,55,428.39,5
69031,2026-08-02,2026-08-06,3,212,19,33,47,497.45,6
69032,2026-07-23,2026-07-30,3,19,7,30,110,199.88,7
69033,2026-07-25,2026-07-29,2,71,17,12,67,95.8,4
69034,2026-07-16,2026-07-20,1,80,16,7,79,69.84,5
69035,2026-07-11,2026-07-12,3,402,17,30,157,101.37,9
69036,2026-07-28,2026-07-30,3,277,15,24,194,202.26,1
69037,2026-07-05,2026-07-09,3,350,7,45,88,463.93,8
69038,2026-07-03,2026-07-06,2,181,1,14,33,92.04,5
69039,2026-07-14,2026-07-17,2,439,5,35,188,20.03,3
69040,2026-07-09,2026-07-16,3,189,8,31,149,210.02,1
69041,2026-08-01,2026-08-06,2,443,9,9,158,114.36,6
69042,2026-08-01,2026-08-03,3,323,10,10,16,163.86,3
69043,2026-08-02,2026-08-08,2,453,19,20,200,449.14,10
69044,2026-07-19,2026-07-23,3,195,15,3,168,261.0,5
69045,2026-07-10,2026-07-17,1,465,20,7,132,499.57,6
69046,2026-08-01,2026-08-02,2,331,14,46,131,49.95,7
69047,2026-07-30,2026-08-04,2,197,10,5,34,148.48,1
69048,2026-07-10,2026-07-17,2,177,11,14,110,168.4,5
69049,2026-07-28,2026-07-31,1,133,18,24,192,474.61,4
69050,2026-07-23,2026-07-30,3,305,10,43,6,283.86,5
69051,2026-07-04,2026-07-09,2,113,6,32,32,46.1,4
69052,2026-07-12,2026-07-14,1,29,17,45,192,47.3,3
69053,2026-08-02,2026-08-08,2,239,15,45,174,217.96,9
69054,2026-07-30,2026-08-05,2,320,3,8,94,305.47,8
69055,2026-07-24,2026-07-25,3,256,2,42,22,20.85,8
69056,2026-07-07,2026-07-11,1,456,1,23,193,391.49,10
69057,2026-07-30,2026-08-03,2,251,12,25,28,440.08,6
69058,2026-07-15,2026-07-16,2,439,9,6,136,291.14,7
69059,2026-07-13,2026-07-14,1,335,4,20,196,85.34,6
69060,2026-07-14,2026-07-15,2,116,7,19,198,411.02,3
69061,2026-07-07,2026-07-13,3,472,18,49,39,119.5,6
69062,2026-07-25,2026-07-28,3,204,4,1,144,362.97,9
69063,2026-07-10,2026-07-12,1,279,8,13,193,97.52,3
69064,2026-07-03,2026-07-08,3,355,20,44,17,238.39,9
69065,2026-07-22,2026-07-24,3,19,15,1,48,307.0,2
69066,2026-07-08,2026-07-15,1,265,12,49,20,82.86,10
69067,2026-07-30,2026-08-04,2,304,14,2,97,65.35,3
69068,2026-07-10,2026-07-11,1,93,11,45,123,297.48,5
69069,2026-07-07,2026-07-08,3,243,20,48,62,130.37,9
69070,2026-07-17,2026-07-19,3,105,9,15,17,470.17,5
69071,2026-07-17,2026-07-20,2,342,12,4,80,399.91,6
69072,2026-07-11,2026-07-13,1,140,3,25,37,224.12,6
69073,2026-07-30,2026-08-06,1,384,10,36,150,256.12,1
69074,2026-07-03,2026-07-09,3,346,1,31,154,271.99,9
69075,2026-07-28,2026-08-01,3,366,8,7,73,86.8,10
69076,2026-07-27,2026-07-28,3,483,9,24,122,282.31,4
69077,2026-07-18,2026-07-19,2,266,8,49,117,265.67,7
69078,2026-07-09,2026-07-14,1,80,18,48,126,151.19,5
69079,2026-07-30,2026-08-06,2,310,10,33,164,153.63,4
69080,2026-07-10,2026-07-11,3,286,20,29,8,51.94,5
69081,2026-07-26,2026-07-29,3,256,12,3,70,315.06,9
69082,2026-07-26,2026-08-01,3,377,11,19,17,6.41,9
69083,2026-07-07,2026-07-08,3,214,3,10,162,275.84,3
69084,2026-07-30,2026-08-04,1,255,8,12,146,115.19,8
69085,2026-07-05,2026-07-11,2,38,18,43,32,255.1,2
69086,2026-07-29,2026-08-04,1,310,17,22,102,82.51,5
69087,2026-07-30,2026-08-06,1,414,20,14,7,134.85,7
69088,2026-07-06,2026-07-09,3,326,9,47,176,486.7,2
69089,2026-07-29,2026-07-30,3,216,4,43,99,40.74,9
69090,2026-07-09,2026-07-12,3,95,15,9,77,287.14,7
69091,2026-07-28,2026-08-02,1,413,8,4,134,234.18,1
69092,2026-07-21,2026-07-27,2,479,13,28,191,143.04,6
69093,2026-07-13,2026-07-17,1,202,9,28,43,398.96,8
69094,2026-07-24,2026-07-29,3,154,16,49,191,14.8,7
69095,2026-07-17,2026-07-23,1,387,10,24,179,95.63,1
69096,2026-07-05,2026-07-11,3,485,14,32,147,57.25,8
69097,2026-07-04,2026-07-11,2,428,5,22,31,404.57,5
69098,2026-07-19,2026-07-20,3,85,4,9,144,392.31,7
69099,2026-07-15,2026-07-21,3,36,12,38,111,61.79,7
69100,2026-07-12,2026-07-17,2,243,8,6,127,423.64,6
69101,2026-07-12,2026-07-14,3,351,8,49,77,399.91,9
69102,2026-08-02,2026-08-09,2,392,13,34,196,230.74,5
69103,2026-07-07,2026-07-08,2,353,17,43,21,141.5,1
69104,2026-07-12,2026-07-15,2,367,14,39,18,277.04,10
69105,2026-07-24,2026-07-31,1,286,15,10,5,475.3,3
69106,2026-07-19,2026-07-21,1,433,15,35,41,108.46,1
69107,2026-08-02,2026-08-03,3,168,9,6,139,234.01,5
69108,2026-07-05,2026-07-12,3,155,19,47,111,306.04,5
69109,2026-07-04,2026-07-06,2,326,2,2,90,499.52,8
69110,2026-07-05,2026-07-11,2,138,18,7,170,15.39,5
69111,2026-07-15,2026-07-20,1,468,4,10,27,244.34,2
69112,2026-07-22,2026-07-28,2,71,11,22,47,395.77,10
69113,2026-08-02,2026-08-04,1,179,9,25,43,412.54,1
69114,2026-07-09,2026-07-16,3,282,14,19,195,192.14,10
69115,2026-07-16,2026-07-17,2,375,17,3,68,199.17,6
69116,2026-08-01,2026-08-03,1,241,5,9,185,234.36,6
69117,2026-07-17,2026-07-23,3,427,3,35,36,103.52,7
69118,2026-07-24,2026-07-25,3,413,12,42,65,304.96,8
69119,2026-07-03,2026-07-05,1,324,15,6,180,91.95,2
69120,2026-07-03,2026-07-07,2,109,11,8,115,65.57,1
69121,2026-07-05,2026-07-08,2,67,6,7,138,405.64,5
69122,2026-08-01,2026-08-08,2,480,6,34,102,468.46,2
69123,2026-07-29,2026-08-02,1,381,14,45,96,256.16,9
69124,2026-07-24,2026-07-26,2,165,17,45,85,60.99,4
69125,2026-07-14,2026-07-20,2,388,1,13,106,303.87,3
69126,2026-07-05,2026-07-07,1,61,17,18,74,309.24,4
69127,2026-07-10,2026-07-13,2,16,1,16,9,98.65,8
69128,2026-07-10,2026-07-17,3,273,9,42,28,454.71,7
69129,2026-08-02,2026-08-03,1,472,15,39,198,385.06,8
69130,2026-07-08,2026-07-13,3,313,7,49,88,288.66,4
69131,2026-07-11,2026-07-18,1,82,1,19,163,14.7,4
69132,2026-07-23,2026-07-24,3,416,2,25,178,385.52,9
69133,2026-07-26,2026-08-01,1,434,13,9,168,67.87,9
69134,2026-07-05,2026-07-12,3,81,19,45,129,37.83,5
69135,2026-07-21,2026-07-22,3,268,20,3,101,85.55,5
69136,2026-07-10,2026-07-12,2,244,1,31,55,311.01,9
69137,2026-07-15,2026-07-19,3,203,6,23,187,209.88,1
69138,2026-07-16,2026-07-21,2,444,17,17,61,40.45,4
69139,2026-07-13,2026-07-14,1,18,6,43,116,165.38,7
69140,2026-07-13,2026-07-18,1,11,9,3,11,19.73,1
69141,2026-07-09,2026-07-14,3,406,10,2,158,207.53,7
69142,2026-07-17,2026-07-24,1,321,9,7,170,460.71,9
69143,2026-07-06,2026-07-08,3,416,2,7,195,242.57,2
69144,2026-07-13,2026-07-15,2,9,4,47,103,310.72,9
69145,2026-07-12,2026-07-19,3,354,15,2,81,374.89,9
69146,2026-07-05,2026-07-11,1,307,16,9,81,164.51,8
69147,2026-07-13,2026-07-14,2,43,17,6,16,28.46,6
69148,2026-07-16,2026-07-23,1,237,11,16,12,481.31,1
69149,2026-07-11,2026-07-17,2,254,15,22,85,429.98,5
69150,2026-07-07,2026-07-13,2,314,7,17,182,287.98,1
69151,2026-07-25,2026-07-31,3,11,18,40,94,403.92,7
69152,2026-07-03,2026-07-10,3,329,3,18,154,286.36,4
69153,2026-07-19,2026-07-24,1,455,18,16,120,376.11,10
69154,2026-07-12,2026-07-17,2,392,2,1,197,206.59,6
69155,2026-07-30,2026-08-05,2,336,2,19,144,348.58,10
69156,2026-07-03,2026-07-08,2,186,13,27,114,433.22,9
69157,2026-07-11,2026-07-17,3,183,15,49,121,129.05,5
69158,2026-07-04,2026-07-05,3,9,5,22,49,193.35,8
69159,2026-08-02,2026-08-07,1,198,13,20,125,69.71,4
69160,2026-07-14,2026-07-20,3,470,12,38,129,391.23,3
69161,2026-07-25,2026-07-31,1,77,20,9,81,488.25,3
69162,2026-07-31,2026-08-04,3,278,8,9,153,347.32,5
69163,2026-07-10,2026-07-12,2,267,6,20,90,6.77,8
69164,2026-07-05,2026-07-10,3,375,10,17,148,168.44,9
69165,2026-08-01,2026-08-05,3,287,19,40,30,340.5,8
69166,2026-07-29,2026-08-01,2,474,17,45,145,64.82,7
69167,2026-07-17,2026-07-18,1,182,8,47,182,436.67,3
69168,2026-07-08,2026-07-10,3,246,14,49,65,492.1,8
69169,2026-07-24,2026-07-25,3,368,17,6,183,362.09,4
69170,2026-08-01,2026-08-04,1,193,18,10,71,317.94,3
69171,2026-07-06,2026-07-07,2,463,15,13,79,97.52,4
69172,2026-08-01,2026-08-04,3,483,12,46,26,61.22,8
69173,2026-07-15,2026-07-22,3,26,1,40,143,285.88,1
69174,2026-07-19,2026-07-21,3,49,17,25,106,476.78,4
69175,2026-07-21,2026-07-23,1,300,7,47,163,182.38,8
69176,2026-07-09,2026-07-16,3,23,12,46,162,344.03,2
69177,2026-07-12,2026-07-14,3,262,20,32,62,481.64,4
69178,2026-07-15,2026-07-21,2,208,17,45,87,300.03,5
69179,2026-07-29,2026-08-01,1,425,20,35,173,60.08,5
69180,2026-07-12,2026-07-14,1,267,11,26,103,283.15,3
69181,2026-07-14,2026-07-18,2,338,15,13,147,463.51,6
69182,2026-08-01,2026-08-07,1,463,11,48,20,217.83,3
69183,2026-07-28,2026-08-01,1,90,19,9,36,344.27,10
69184,2026-07-18,2026-07-25,3,160,11,42,177,250.2,2
69185,2026-07-06,2026-07-11,3,410,10,30,5,48.7,5
69186,2026-07-14,2026-07-19,3,175,12,49,4,307.05,6
69187,2026-07-11,2026-07-13,3,194,1,23,139,489.44,3
69188,2026-07-08,2026-07-13,1,204,2,40,55,489.49,2
69189,2026-07-08,2026-07-09,2,256,1,4,80,378.33,1
69190,2026-07-17,2026-07-18,1,329,7,43,78,279.69,9
69191,2026-07-27,2026-08-01,1,75,7,10,92,151.82,5
69192,2026-07-29,2026-08-05,1,72,18,35,184,103.24,6
69193,2026-07-06,2026-07-07,3,374,16,46,151,146.24,6
69194,2026-07-11,2026-07-14,1,169,2,23,122,410.93,4
69195,2026-07-27,2026-07-28,3,112,3,16,166,195.61,1
69196,2026-07-28,2026-08-01,3,77,20,11,81,204.57,1
69197,2026-07-17,2026-07-21,2,404,10,48,172,473.05,10
69198,2026-07-14,2026-07-18,3,219,9,4,138,212.35,2
69199,2026-07-16,2026-07-19,3,73,10,15,40,116.82,9
69200,2026-07-09,2026-07-10,3,356,1,5,141,463.43,3
69201,2026-08-02,2026-08-06,1,320,17,31,155,86.79,2
69202,2026-08-02,2026-08-04,2,97,15,36,146,91.08,4
69203,2026-07-20,2026-07-25,2,282,14,15,21,230.74,2
69204,2026-07-25,2026-07-26,1,358,11,10,80,194.52,2
69205,2026-07-17,2026-07-18,3,402,7,23,90,246.66,4
69206,2026-07-07,2026-07-10,3,131,1,23,170,267.86,4
69207,2026-07-28,2026-08-03,3,57,14,21,77,484.99,3
69208,2026-07-09,2026-07-15,2,279,6,35,125,413.66,1
69209,2026-07-21,2026-07-25,2,272,2,33,124,73.82,2
69210,2026-07-11,2026-07-12,1,250,20,34,190,313.79,2
69211,2026-07-10,2026-07-15,3,450,20,23,50,341.93,8
69212,2026-07-19,2026-07-21,2,121,11,26,136,164.21,10
69213,2026-07-19,2026-07-20,3,382,3,26,138,99.99,6
69214,2026-07-11,2026-07-16,1,474,19,30,67,487.52,10
69215,2026-07-23,2026-07-25,3,3,12,4,179,243.9,10
69216,2026-07-28,2026-08-01,3,306,10,31,152,129.49,3
69217,2026-07-28,2026-08-04,3,475,17,23,100,109.51,6
69218,2026-07-26,2026-08-01,1,390,5,13,166,303.76,7
69219,2026-07-28,2026-08-01,1,478,1,5,154,85.21,9
69220,2026-07-23,2026-07-26,1,371,12,50,190,303.5,3
69221,2026-07-19,2026-07-21,1,301,12,7,133,360.06,7
69222,2026-07-05,2026-07-10,2,385,10,23,91,490.18,1
69223,2026-07-31,2026-08-03,2,198,15,17,34,74.73,1
69224,2026-07-23,2026-07-28,3,46,19,11,118,310.24,2
69225,2026-07-04,2026-07-11,1,219,12,32,127,9.91,5
69226,2026-07-12,2026-07-14,3,97,20,21,115,406.99,7
69227,2026-07-03,2026-07-10,1,353,17,25,196,36.12,3
69228,2026-07-11,2026-07-16,2,130,2,11,59,171.95,9
69229,2026-07-13,2026-07-20,2,186,18,43,122,393.51,7
69230,2026-07-27,2026-07-29,3,42,20,1,142,316.46,10
69231,2026-07-13,2026-07-17,3,486,6,18,193,121.84,3
69232,2026-07-15,2026-07-21,2,469,8,26,20,158.61,10
69233,2026-07-19,2026-07-24,3,484,1,44,193,354.93,10
69234,2026-07-04,2026-07-05,3,82,1,43,131,141.1,1
69235,2026-07-15,2026-07-18,2,354,14,6,162,196.43,4
69236,2026-07-19,2026-07-24,2,246,2,7,42,397.04,6
69237,2026-07-08,2026-07-11,1,69,12,6,52,311.45,5
69238,2026-07-25,2026-08-01,1,23,17,20,97,175.46,7
69239,2026-07-29,2026-07-31,3,490,18,17,117,122.16,8
69240,2026-07-09,2026-07-12,3,485,20,18,195,422.78,10
69241,2026-07-08,2026-07-15,1,343,2,30,148,70.89,5
69242,2026-08-01,2026-08-03,2,449,19,49,151,443.84,8
69243,2026-07-20,2026-07-27,2,112,20,26,118,483.65,5
69244,2026-07-19,2026-07-20,1,375,11,49,192,178.96,3
69245,2026-07-31,2026-08-01,1,305,15,31,19,446.22,9
69246,2026-07-12,2026-07-15,3,399,17,38,86,357.73,10
69247,2026-07-29,2026-08-03,1,82,16,34,61,15.95,8
69248,2026-07-25,2026-07-29,1,240,1,3,84,23.37,3
69249,2026-07-03,2026-07-09,2,398,4,18,151,429.78,8
69250,2026-07-09,2026-07-15,1,342,16,38,173,344.53,5
69251,2026-07-12,2026-07-13,2,86,9,41,182,8.25,9
69252,2026-07-22,2026-07-24,2,239,11,21,135,148.85,7
69253,2026-07-22,2026-07-24,2,26,2,37,24,483.02,7
69254,2026-07-11,2026-07-14,1,270,7,37,151,123.31,1
69255,2026-07-12,2026-07-14,2,258,20,6,66,267.75,8
69256,2026-08-02,2026-08-04,2,273,8,45,7,429.06,1
69257,2026-07-30,2026-08-05,3,112,11,5,31,228.46,6
69258,2026-07-21,2026-07-24,2,316,2,7,137,24.57,5
69259,2026-07-09,2026-07-15,2,134,9,9,137,99.25,9
69260,2026-07-14,2026-07-18,2,271,7,27,192,114.62,3
69261,2026-08-02,2026-08-09,3,47,19,39,179,443.17,6
69262,2026-07-27,2026-07-28,1,446,18,31,109,331.76,6
69263,2026-07-28,2026-07-30,3,235,19,2,146,297.17,4
69264,2026-07-30,2026-08-03,3,178,8,19,169,150.95,10
69265,2026-07-07,2026-07-11,1,335,3,49,19,384.6,8
69266,2026-07-07,2026-07-09,2,211,2,37,72,484.88,6
69267,2026-08-02,2026-08-08,1,288,5,41,138,19.07,10
69268,2026-07-10,2026-07-13,3,318,12,35,150,105.64,8
69269,2026-07-18,2026-07-25,1,339,6,45,27,93.19,6
69270,2026-07-17,2026-07-20,1,340,6,23,68,218.53,8
69271,2026-07-24,2026-07-26,3,285,19,36,38,436.83,5
69272,2026-07-04,2026-07-10,3,195,1,43,129,420.26,7
69273,2026-07-03,2026-07-07,3,51,12,40,34,39.22,2
69274,2026-07-17,2026-07-24,1,290,15,42,75,86.9,9
69275,2026-07-04,2026-07-10,3,446,15,7,46,352.32,6
69276,2026-07-15,2026-07-17,1,389,17,26,90,88.34,1
69277,2026-07-18,2026-07-19,3,437,17,23,151,362.4,6
69278,2026-07-23,2026-07-27,2,487,18,50,107,168.87,6
69279,2026-07-31,2026-08-04,3,92,18,27,192,142.54,4
69280,2026-07-31,2026-08-05,1,207,13,14,14,493.11,3
69281,2026-07-25,2026-07-30,1,316,1,13,7,57.82,10
69282,2026-07-27,2026-07-29,3,205,19,31,143,362.63,7
69283,2026-07-24,2026-07-26,3,74,5,4,152,185.32,4
69284,2026-07-03,2026-07-08,3,392,6,6,28,7.09,6
69285,2026-07-14,2026-07-18,3,95,12,18,190,345.83,9
69286,2026-07-04,2026-07-09,1,379,1,11,197,155.75,4
69287,2026-07-29,2026-07-30,1,40,11,48,67,19.98,9
69288,2026-07-17,2026-07-22,1,297,14,34,179,364.14,7
69289,2026-07-16,2026-07-23,3,307,16,5,106,294.17,5
69290,2026-07-12,2026-07-13,3,90,18,35,15,15.21,6
69291,2026-07-12,2026-07-18,3,162,4,19,177,302.05,10
69292,2026-07-23,2026-07-24,1,324,7,23,160,388.22,2
69293,2026-07-27,2026-07-29,2,494,6,31,94,476.98,6
69294,2026-07-06,2026-07-11,1,323,4,30,13,206.4,2
69295,2026-07-29,2026-08-01,1,49,9,40,21,260.49,6
69296,2026-07-26,2026-07-30,1,257,15,8,184,263.32,7
69297,2026-07-04,2026-07-06,1,452,14,41,156,399.39,10
69298,2026-07-04,2026-07-07,3,230,19,30,76,306.32,2
69299,2026-08-01,2026-08-08,2,327,20,30,171,97.9,5
69300,2026-07-15,2026-07-22,1,200,18,7,182,119.75,9
69301,2026-07-28,2026-08-03,3,374,20,9,3,487.49,9
69302,2026-07-09,2026-07-16,3,133,5,9,189,461.18,2
69303,2026-07-13,2026-07-18,3,408,19,30,88,114.73,5
69304,2026-07-06,2026-07-08,1,113,6,2,91,409.87,4
69305,2026-07-04,2026-07-09,2,237,4,40,115,31.09,5
69306,2026-07-25,2026-07-31,2,164,13,33,45,277.08,9
69307,2026-07-07,2026-07-09,3,215,19,12,116,29.57,6
69308,2026-07-17,2026-07-22,2,361,3,1,42,295.08,3
69309,2026-07-30,2026-08-04,3,27,8,50,78,111.64,2
69310,2026-07-10,2026-07-15,1,177,16,13,71,120.48,8
69311,2026-07-27,2026-08-01,1,320,10,8,110,209.9,7
69312,2026-07-15,2026-07-16,2,345,11,23,186,375.38,8
69313,2026-07-13,2026-07-16,1,141,3,44,194,224.93,1
69314,2026-07-10,2026-07-12,2,164,8,42,53,122.81,6
69315,2026-07-05,2026-07-06,3,276,16,14,126,24.28,1
69316,2026-07-10,2026-07-16,2,88,4,32,172,428.15,2
69317,2026-07-23,2026-07-28,1,43,5,14,80,384.63,4
69318,2026-07-06,2026-07-08,2,227,5,39,56,401.88,2
69319,2026-07-16,2026-07-17,2,15,5,25,163,135.61,6
69320,2026-07-17,2026-07-21,1,353,18,35,17,368.46,1
69321,2026-07-23,2026-07-27,1,65,18,34,68,230.92,5
69322,2026-07-28,2026-07-31,2,168,8,3,85,277.45,2
69323,2026-07-17,2026-07-22,1,243,3,6,120,385.45,1
69324,2026-08-01,2026-08-04,1,400,15,25,96,124.41,4
69325,2026-07-18,2026-07-24,2,393,12,23,64,22.85,1
69326,2026-07-18,2026-07-22,2,325,9,38,102,66.93,1
69327,2026-07-08,2026-07-11,2,121,13,2,188,17.8,3
69328,2026-07-31,2026-08-03,3,140,13,8,125,116.81,7
69329,2026-07-18,2026-07-22,1,180,4,26,153,336.89,1
69330,2026-07-08,2026-07-14,1,354,1,11,137,365.21,1
69331,2026-07-13,2026-07-14,3,345,2,3,93,239.8,6
69332,2026-07-26,2026-07-30,2,288,16,36,83,261.19,5
69333,2026-07-24,2026-07-26,3,233,4,8,166,485.6,3
69334,2026-07-05,2026-07-08,3,255,10,40,159,378.86,2
69335,2026-07-12,2026-07-17,2,488,2,38,9,266.33,6
69336,2026-07-05,2026-07-07,1,129,5,21,42,317.49,9
69337,2026-07-05,2026-07-08,2,97,4,9,76,254.04,3
69338,2026-07-17,2026-07-19,1,2,3,13,69,48.14,6
69339,2026-07-09,2026-07-13,3,439,11,17,142,262.21,6
69340,2026-07-24,2026-07-25,3,272,4,38,30,154.46,10
69341,2026-07-26,2026-07-27,3,460,4,21,8,29.07,10
69342,2026-07-09,2026-07-10,3,398,8,5,169,488.8,3
69343,2026-07-28,2026-07-30,3,260,20,32,195,406.31,9
69344,2026-07-15,2026-07-20,1,379,11,36,92,87.46,4
69345,2026-07-16,2026-07-22,3,398,10,35,46,69.89,2
69346,2026-07-31,2026-08-01,3,355,18,15,166,44.52,5
69347,2026-07-13,2026-07-20,1,203,9,30,22,59.13,9
69348,2026-07-29,2026-08-02,2,304,19,14,42,236.94,9
69349,2026-07-19,2026-07-25,3,270,2,23,185,198.51,1
69350,2026-07-23,2026-07-25,3,292,5,6,79,48.6,4
69351,2026-07-16,2026-07-21,1,391,2,5,151,366.41,2
69352,2026-07-30,2026-08-03,3,333,15,49,35,180.05,3
69353,2026-07-04,2026-07-06,1,64,14,44,197,62.08,7
69354,2026-07-15,2026-07-16,1,426,7,13,164,401.97,4
69355,2026-07-28,2026-07-30,2,464,19,7,148,48.31,2
69356,2026-07-06,2026-07-10,2,453,16,11,194,341.95,9
69357,2026-07-14,2026-07-18,1,21,19,9,114,141.36,4
69358,2026-07-27,2026-07-28,3,413,6,4,183,364.2,8
69359,2026-07-09,2026-07-12,2,278,6,39,43,324.61,5
69360,2026-07-13,2026-07-20,2,175,1,15,49,277.47,10
69361,2026-07-17,2026-07-22,1,51,5,50,103,130.85,6
69362,2026-07-13,2026-07-19,2,62,7,1,161,451.44,9
69363,2026-07-12,2026-07-15,2,262,5,30,93,259.91,1
69364,2026-07-23,2026-07-25,1,412,8,11,94,294.19,8
69365,2026-08-01,2026-08-03,2,255,8,42,196,213.73,3
69366,2026-07-12,2026-07-15,2,347,16,39,44,206.0,3
69367,2026-07-16,2026-07-22,2,225,18,42,62,232.37,4
69368,2026-08-01,2026-08-08,3,431,17,41,69,166.47,8
69369,2026-08-02,2026-08-09,2,310,8,43,155,449.38,10
69370,2026-08-01,2026-08-06,3,50,19,46,169,342.37,1
69371,2026-07-23,2026-07-26,1,21,3,27,197,135.17,6
69372,2026-07-23,2026-07-29,2,494,8,42,192,51.96,9
69373,2026-07-17,2026-07-19,3,477,9,8,30,203.81,7
69374,2026-07-31,2026-08-03,2,414,15,21,104,439.2,3
69375,2026-07-22,2026-07-28,2,215,17,34,104,23.62,7
69376,2026-07-06,2026-07-07,1,101,16,23,19,255.25,7
69377,2026-07-05,2026-07-06,3,50,4,31,98,188.82,1
69378,2026-07-07,2026-07-08,2,4,12,31,41,464.1,7
69379,2026-07-07,2026-07-14,2,137,2,49,36,142.97,4
69380,2026-07-13,2026-07-20,1,389,17,9,173,310.63,10
69381,2026-07-27,2026-07-29,1,340,15,18,165,185.24,7
69382,2026-07-30,2026-08-02,1,97,11,37,34,141.28,10
69383,2026-07-03,2026-07-07,3,441,13,27,129,467.04,4
69384,2026-07-16,2026-07-21,2,449,10,5,131,275.8,4
69385,2026-07-19,2026-07-23,1,475,17,39,166,458.71,8
69386,2026-07-31,2026-08-07,1,12,5,11,158,295.06,3
69387,2026-07-19,2026-07-23,1,329,2,41,66,30.74,2
69388,2026-07-19,2026-07-25,1,20,14,39,154,222.51,6
69389,2026-07-09,2026-07-15,1,60,19,35,156,277.35,3
69390,2026-08-01,2026-08-05,1,135,16,25,13,7.5,1
69391,2026-08-01,2026-08-07,2,324,16,37,13,179.52,9
69392,2026-07-12,2026-07-17,2,335,13,20,143,148.7,7
69393,2026-07-21,2026-07-28,2,374,20,15,47,258.71,8
69394,2026-07-13,2026-07-15,1,30,15,43,46,323.9,6
69395,2026-07-28,2026-08-04,2,92,11,15,6,393.64,4
69396,2026-07-23,2026-07-27,2,228,18,33,170,50.22,4
69397,2026-07-09,2026-07-14,1,45,12,35,91,101.06,1
69398,2026-07-18,2026-07-20,2,439,19,31,170,106.93,7
69399,2026-07-22,2026-07-23,3,369,2,7,194,228.25,1
69400,2026-07-31,2026-08-07,1,451,9,16,33,383.05,5
69401,2026-07-04,2026-07-10,2,312,17,9,133,288.98,3
69402,2026-07-06,2026-07-07,3,215,10,27,12,69.44,6
69403,2026-08-01,2026-08-04,2,435,6,11,153,121.44,8
69404,2026-07-03,2026-07-08,1,489,11,36,61,27.17,4
69405,2026-07-23,2026-07-25,3,50,9,28,117,208.71,10
69406,2026-07-14,2026-07-16,2,16,12,31,179,117.97,2
69407,2026-07-27,2026-07-28,3,269,3,24,194,330.52,8
69408,2026-07-10,2026-07-12,2,138,19,45,191,385.26,7
69409,2026-07-20,2026-07-27,2,312,2,24,2,53.18,6
69410,2026-07-14,2026-07-18,1,233,3,41,178,486.03,3
69411,2026-07-25,2026-08-01,1,237,18,14,19,63.82,5
69412,2026-07-21,2026-07-25,3,357,4,29,149,120.7,2
69413,2026-07-06,2026-07-08,1,407,17,18,173,120.2,5
69414,2026-07-08,2026-07-15,1,236,6,3,6,27.8,4
69415,2026-07-21,2026-07-22,3,371,7,31,155,85.17,7
69416,2026-07-08,2026-07-10,1,342,15,18,54,459.39,3
69417,2026-07-15,2026-07-19,1,243,5,7,64,169.78,7
69418,2026-07-28,2026-08-01,2,136,3,6,45,138.8,3
69419,2026-07-17,2026-07-19,3,332,4,43,4,362.56,7
69420,2026-07-23,2026-07-27,1,371,12,6,138,265.79,7
69421,2026-07-14,2026-07-20,1,369,5,33,95,12.42,7
69422,2026-08-01,2026-08-07,3,408,8,46,61,348.68,3
69423,2026-07-15,2026-07-20,3,197,12,14,126,331.29,10
69424,2026-07-03,2026-07-09,2,283,2,2,87,263.16,7
69425,2026-08-02,2026-08-04,2,323,3,31,189,299.41,7
69426,2026-07-14,2026-07-19,1,375,15,34,128,346.19,7
69427,2026-07-12,2026-07-18,1,53,3,15,43,472.04,9
69428,2026-07-09,2026-07-11,3,195,14,29,105,44.09,3
69429,2026-07-07,2026-07-13,1,222,17,39,125,122.44,2
69430,2026-07-12,2026-07-15,3,478,19,44,150,202.81,6
69431,2026-07-22,2026-07-26,3,489,1,16,138,242.93,1
69432,2026-07-23,2026-07-25,2,274,18,7,145,367.53,5
69433,2026-07-04,2026-07-07,1,356,9,24,103,105.65,3
69434,2026-07-12,2026-07-16,1,284,1,42,126,46.63,7
69435,2026-07-26,2026-08-01,2,140,16,33,27,187.37,9
69436,2026-07-29,2026-08-03,3,209,14,32,7,291.17,2
69437,2026-07-20,2026-07-24,3,365,17,31,9,46.34,3
69438,2026-07-24,2026-07-28,2,192,10,32,165,212.95,9
69439,2026-07-29,2026-08-03,2,32,17,22,164,435.11,1
69440,2026-07-11,2026-07-14,1,68,6,34,185,382.68,2
69441,2026-07-29,2026-08-04,3,37,4,46,160,498.05,3
69442,2026-07-05,2026-07-06,1,330,17,1,72,481.33,3
69443,2026-08-02,2026-08-06,1,85,19,33,49,169.06,2
69444,2026-07-22,2026-07-25,3,480,14,28,152,137.96,5
69445,2026-07-12,2026-07-18,1,328,17,35,104,235.1,9
69446,2026-07-07,2026-07-10,2,317,11,46,147,409.39,7
69447,2026-07-16,2026-07-21,1,478,14,44,174,360.25,1
69448,2026-07-27,2026-07-29,1,43,16,17,16,290.68,4
69449,2026-07-30,2026-08-03,1,383,13,15,30,274.66,2
69450,2026-07-16,2026-07-19,1,336,6,27,66,495.2,8
69451,2026-07-09,2026-07-12,2,499,16,5,23,279.29,10
69452,2026-07-11,2026-07-13,3,317,11,9,85,483.24,6
69453,2026-07-28,2026-08-01,1,131,20,10,81,35.14,5
69454,2026-07-13,2026-07-14,2,334,18,6,162,452.84,3
69455,2026-08-01,2026-08-04,3,371,10,11,74,270.1,1
69456,2026-07-08,2026-07-09,1,481,15,29,132,324.08,10
69457,2026-07-15,2026-07-20,2,81,14,25,23,490.3,7
69458,2026-07-25,2026-08-01,3,358,3,33,157,391.23,10
69459,2026-07-10,2026-07-15,3,81,7,47,143,409.8,6
69460,2026-07-31,2026-08-01,3,287,5,21,56,336.33,10
69461,2026-07-17,2026-07-19,2,439,5,43,134,320.48,5
69462,2026-07-06,2026-07-10,2,205,14,41,131,289.34,9
69463,2026-07-13,2026-07-16,2,260,4,49,191,163.0,10
69464,2026-07-24,2026-07-30,3,149,3,8,180,353.23,7
69465,2026-07-10,2026-07-15,2,216,3,14,26,376.73,9
69466,2026-07-07,2026-07-10,3,391,7,4,25,204.57,3
69467,2026-07-28,2026-08-01,3,51,13,48,73,223.2,2
69468,2026-07-21,2026-07-22,3,274,3,25,80,415.19,2
69469,2026-07-29,2026-07-30,2,40,3,23,99,54.76,1
69470,2026-07-20,2026-07-24,2,172,16,32,23,12.88,4
69471,2026-07-08,2026-07-13,2,122,1,34,181,225.02,10
69472,2026-07-13,2026-07-14,1,230,17,17,113,423.69,3
69473,2026-07-22,2026-07-25,1,380,6,6,16,289.53,10
69474,2026-07-12,2026-07-17,3,89,4,6,137,45.73,9
69475,2026-07-06,2026-07-07,2,187,14,44,153,304.02,8
69476,2026-07-30,2026-08-03,1,200,7,17,10,385.66,9
69477,2026-07-20,2026-07-23,3,270,2,25,85,208.48,4
69478,2026-07-11,2026-07-13,1,475,18,20,62,50.05,6
69479,2026-07-06,2026-07-11,3,64,4,5,72,388.63,4
69480,2026-08-02,2026-08-08,2,397,6,2,188,291.45,5
69481,2026-07-07,2026-07-12,3,423,13,22,170,425.42,10
69482,2026-07-28,2026-08-03,1,183,20,21,167,306.01,6
69483,2026-07-23,2026-07-29,1,175,19,16,102,449.12,2
69484,2026-07-10,2026-07-16,2,81,19,27,199,214.2,8
69485,2026-08-02,2026-08-07,2,388,14,49,81,313.06,5
69486,2026-07-16,2026-07-17,3,190,16,33,14,491.0,9
69487,2026-07-14,2026-07-20,1,248,10,37,146,77.09,6
69488,2026-07-25,2026-07-28,2,495,4,15,149,202.96,5
69489,2026-07-26,2026-08-01,3,20,12,3,18,182.27,8
69490,2026-07-04,2026-07-10,2,362,12,40,34,438.51,9
69491,2026-07-27,2026-07-28,2,219,2,5,48,292.99,4
69492,2026-07-31,2026-08-03,1,168,17,21,2,411.88,9
69493,2026-07-15,2026-07-20,2,355,7,16,81,162.41,7
69494,2026-08-02,2026-08-06,3,294,5,3,45,116.84,4
69495,2026-07-13,2026-07-20,2,62,11,13,96,266.04,10
69496,2026-08-01,2026-08-02,2,369,7,4,70,54.73,10
69497,2026-07-11,2026-07-14,3,465,8,30,73,94.01,1
69498,2026-07-29,2026-08-03,2,120,12,13,50,435.4,4
69499,2026-07-05,2026-07-09,1,85,6,11,106,232.25,5
69500,2026-07-15,2026-07-17,2,337,9,20,135,265.45,3
69501,2026-07-12,2026-07-15,2,170,15,30,180,219.75,6
69502,2026-07-26,2026-07-31,2,72,7,46,156,426.15,10
69503,2026-07-29,2026-07-31,2,20,20,12,24,191.03,4
69504,2026-07-11,2026-07-15,3,335,1,42,139,444.65,7
69505,2026-07-24,2026-07-31,2,28,7,22,160,276.95,10
69506,2026-07-21,2026-07-23,1,38,12,48,81,82.22,6
69507,2026-07-28,2026-08-04,2,41,17,38,155,108.58,6
69508,2026-07-25,2026-07-31,2,275,12,44,149,454.18,6
69509,2026-07-07,2026-07-10,3,215,3,47,91,206.66,1
69510,2026-07-15,2026-07-16,1,436,16,32,84,75.42,5
69511,2026-07-24,2026-07-30,2,406,20,36,85,24.98,6
69512,2026-07-28,2026-07-30,1,258,12,7,105,293.76,8
69513,2026-08-01,2026-08-05,1,167,18,21,127,397.87,6
69514,2026-08-02,2026-08-07,1,160,7,43,110,436.92,7
69515,2026-07-29,2026-08-05,1,188,8,40,190,484.7,8
69516,2026-07-12,2026-07-19,1,150,4,14,24,314.94,1
69517,2026-07-20,2026-07-25,2,312,1,49,183,284.2,5
69518,2026-07-09,2026-07-15,2,94,16,23,118,378.93,6
69519,2026-07-27,2026-07-31,3,326,11,40,161,479.81,7
69520,2026-07-03,2026-07-04,3,28,5,30,138,435.71,8
69521,2026-07-06,2026-07-13,2,47,20,9,121,402.67,3
69522,2026-07-23,2026-07-26,3,117,10,19,159,277.76,10
69523,2026-07-27,2026-08-02,1,388,1,27,57,138.73,8
69524,2026-07-12,2026-07-14,2,423,17,46,86,20.11,4
69525,2026-07-26,2026-08-01,3,392,4,37,123,269.84,1
69526,2026-07-18,2026-07-20,2,399,5,29,99,170.16,10
69527,2026-07-20,2026-07-25,3,267,14,43,181,448.82,1
69528,2026-07-12,2026-07-19,2,76,11,26,156,49.07,7
69529,2026-07-26,2026-07-27,2,184,20,27,52,213.18,5
69530,2026-07-21,2026-07-28,3,431,13,8,191,204.36,9
69531,2026-07-09,2026-07-15,1,407,14,46,98,301.96,7
69532,2026-07-07,2026-07-08,1,250,12,16,60,343.69,8
69533,2026-07-21,2026-07-24,2,246,11,9,124,202.39,7
69534,2026-07-30,2026-08-02,3,261,12,45,84,359.88,7
69535,2026-07-06,2026-07-13,1,80,19,20,6,91.73,10
69536,2026-07-26,2026-07-31,1,493,11,49,61,430.18,7
69537,2026-07-15,2026-07-22,3,454,5,6,189,265.08,2
69538,2026-07-23,2026-07-26,3,362,17,21,18,234.2,3
69539,2026-07-21,2026-07-23,1,19,3,20,177,293.16,1
69540,2026-07-19,2026-07-25,1,177,10,25,190,322.22,8
69541,2026-07-04,2026-07-10,1,94,12,33,67,364.47,6
69542,2026-07-07,2026-07-14,1,119,16,25,82,29.01,3
69543,2026-07-17,2026-07-22,1,2,6,32,200,498.04,3
69544,2026-08-02,2026-08-06,2,88,14,25,194,294.79,3
69545,2026-07-13,2026-07-19,3,8,9,3,90,453.37,2
69546,2026-07-20,2026-07-23,1,68,6,25,136,270.0,3
69547,2026-07-09,2026-07-10,2,317,3,34,26,307.49,2
69548,2026-07-17,2026-07-23,3,335,9,11,156,366.21,7
69549,2026-07-08,2026-07-12,1,96,12,26,174,198.94,8
69550,2026-07-18,2026-07-24,3,184,7,35,37,320.16,10
69551,2026-08-01,2026-08-03,2,472,4,23,192,190.28,9
69552,2026-07-27,2026-08-03,3,89,7,47,175,435.52,2
69553,2026-07-17,2026-07-19,3,227,11,18,31,293.84,8
69554,2026-07-12,2026-07-14,2,394,14,42,103,35.16,10
69555,2026-08-01,2026-08-06,2,394,5,25,122,173.24,5
69556,2026-07-22,2026-07-29,1,164,8,44,80,35.58,10
69557,2026-07-03,2026-07-07,1,274,3,1,131,16.19,2
69558,2026-07-24,2026-07-26,2,340,8,26,24,350.34,9
69559,2026-07-16,2026-07-23,1,245,18,49,193,91.63,10
69560,2026-07-16,2026-07-22,2,31,8,22,35,21.58,10
69561,2026-07-12,2026-07-19,2,13,9,49,121,319.22,8
69562,2026-07-27,2026-07-30,2,9,4,26,148,400.91,10
69563,2026-07-30,2026-08-01,1,462,2,43,23,289.39,10
69564,2026-07-13,2026-07-14,3,334,2,18,126,364.16,5
69565,2026-07-04,2026-07-11,2,479,6,33,103,313.87,8
69566,2026-07-24,2026-07-29,3,190,15,12,196,119.06,9
69567,2026-07-27,2026-07-28,3,341,10,40,98,107.07,9
69568,2026-07-23,2026-07-29,1,233,20,13,79,425.01,7
69569,2026-07-26,2026-08-02,2,495,7,11,173,100.01,1
69570,2026-07-11,2026-07-18,3,286,19,3,81,366.33,1
69571,2026-07-14,2026-07-21,2,157,2,12,118,34.56,5
69572,2026-07-22,2026-07-24,1,468,11,45,43,440.36,5
69573,2026-07-29,2026-08-05,1,103,9,39,94,447.29,3
69574,2026-07-25,2026-07-28,2,429,18,29,161,275.37,4
69575,2026-07-16,2026-07-20,3,54,17,9,185,462.22,7
69576,2026-07-17,2026-07-22,1,432,6,24,88,26.81,7
69577,2026-07-13,2026-07-15,3,460,1,16,41,186.38,3
69578,2026-07-16,2026-07-19,1,472,11,24,106,364.15,6
69579,2026-07-03,2026-07-07,3,495,11,14,151,428.75,1
69580,2026-07-31,2026-08-02,1,263,1,16,161,446.95,6
69581,2026-07-20,2026-07-25,1,138,13,41,100,173.91,9
69582,2026-07-30,2026-08-06,2,474,13,48,36,275.77,1
69583,2026-07-24,2026-07-30,1,319,2,13,129,426.29,2
69584,2026-07-14,2026-07-18,3,181,5,32,143,146.6,9
69585,2026-07-19,2026-07-24,3,316,12,26,182,446.2,9
69586,2026-08-01,2026-08-05,2,363,8,40,3,391.35,2
69587,2026-07-21,2026-07-23,2,307,9,39,139,209.23,10
69588,2026-07-22,2026-07-26,1,425,4,36,165,179.98,9
69589,2026-07-23,2026-07-25,1,278,3,23,80,328.2,2
69590,2026-07-24,2026-07-28,1,298,16,37,188,110.65,1
69591,2026-07-20,2026-07-25,2,477,7,22,33,386.63,9
69592,2026-07-10,2026-07-11,1,237,7,35,200,16.97,5
69593,2026-07-28,2026-08-02,2,175,12,27,7,266.39,2
69594,2026-07-16,2026-07-19,3,296,4,7,40,455.84,4
69595,2026-07-14,2026-07-20,2,46,19,18,52,105.85,9
69596,2026-07-26,2026-07-27,3,458,17,5,69,185.71,3
69597,2026-07-14,2026-07-16,3,1,6,25,29,24.1,3
69598,2026-07-29,2026-08-01,3,216,20,16,107,427.04,6
69599,2026-07-22,2026-07-24,1,470,15,40,151,18.55,1
69600,2026-07-06,2026-07-12,3,45,4,47,12,308.43,4
69601,2026-07-08,2026-07-13,2,227,2,1,169,109.41,2
69602,2026-07-28,2026-08-04,1,389,16,17,123,157.08,2
69603,2026-07-15,2026-07-20,2,339,2,10,141,348.37,2
69604,2026-07-18,2026-07-19,2,320,16,10,119,67.59,5
69605,2026-07-28,2026-07-30,1,373,1,33,120,187.61,5
69606,2026-07-17,2026-07-23,2,159,14,27,143,75.06,4
69607,2026-07-08,2026-07-09,1,301,13,8,99,21.56,5
69608,2026-07-10,2026-07-15,3,261,10,43,122,468.37,5
69609,2026-07-14,2026-07-16,1,439,19,40,12,49.29,2
69610,2026-07-18,2026-07-19,2,373,8,33,1,173.35,8
69611,2026-07-07,2026-07-13,1,451,17,22,186,36.9,1
69612,2026-07-07,2026-07-08,2,85,18,17,137,226.3,6
69613,2026-07-07,2026-07-08,1,297,11,50,18,267.25,6
69614,2026-07-09,2026-07-10,1,254,6,27,128,354.89,5
69615,2026-07-30,2026-08-01,3,228,14,49,166,261.5,7
69616,2026-07-07,2026-07-12,2,273,15,21,164,431.7,7
69617,2026-08-01,2026-08-08,2,37,16,2,93,496.11,8
69618,2026-07-20,2026-07-23,3,69,17,6,48,226.98,2
69619,2026-07-14,2026-07-18,1,485,2,20,18,499.98,2
69620,2026-07-21,2026-07-22,3,361,19,29,37,35.87,3
69621,2026-07-28,2026-08-03,2,82,1,47,6,263.16,4
69622,2026-07-29,2026-08-02,2,107,11,35,44,298.4,4
69623,2026-07-12,2026-07-19,3,233,1,22,22,248.78,9
69624,2026-07-31,2026-08-02,1,329,1,14,35,369.38,10
69625,2026-07-13,2026-07-17,2,169,13,50,11,488.85,8
69626,2026-07-21,2026-07-25,3,471,5,7,132,22.64,2
69627,2026-07-20,2026-07-23,2,173,3,17,56,121.76,3
69628,2026-07-22,2026-07-29,1,184,13,42,3,191.78,7
69629,2026-07-05,2026-07-09,3,454,11,31,119,398.7,3
69630,2026-07-23,2026-07-28,2,325,20,26,112,372.59,2
69631,2026-07-16,2026-07-17,1,440,2,24,157,198.57,1
69632,2026-07-26,2026-08-01,2,54,16,26,65,207.95,1
69633,2026-07-04,2026-07-10,2,11,5,3,28,393.78,8
69634,2026-07-31,2026-08-07,3,276,2,35,177,496.12,1
69635,2026-07-21,2026-07-24,2,215,13,6,68,110.98,8
69636,2026-07-29,2026-08-05,3,251,13,1,105,273.76,10
69637,2026-07-20,2026-07-27,2,6,2,3,104,305.07,7
69638,2026-07-18,2026-07-21,3,116,15,22,171,488.56,5
69639,2026-07-28,2026-07-29,3,328,20,12,16,350.09,10
69640,2026-08-02,2026-08-04,1,136,16,13,40,125.95,8
69641,2026-07-29,2026-07-30,3,359,13,12,183,423.22,8
69642,2026-07-21,2026-07-22,2,458,1,10,182,367.01,9
69643,2026-07-05,2026-07-06,1,282,1,14,160,467.59,1
69644,2026-07-13,2026-07-19,2,79,4,45,4,160.55,1
69645,2026-07-09,2026-07-13,3,197,11,13,166,440.86,2
69646,2026-08-01,2026-08-06,1,375,2,11,75,363.89,3
69647,2026-07-09,2026-07-11,2,178,6,30,84,17.55,3
69648,2026-07-14,2026-07-20,3,191,5,47,80,140.26,7
69649,2026-07-06,2026-07-08,1,98,13,11,30,120.24,5
69650,2026-07-05,2026-07-08,3,297,5,14,22,289.13,8
69651,2026-07-26,2026-07-28,1,467,15,5,185,454.8,3
69652,2026-07-04,2026-07-05,3,396,16,32,2,455.32,3
69653,2026-07-15,2026-07-18,3,393,16,1,193,328.01,7
69654,2026-07-28,2026-08-03,2,395,20,16,30,448.43,7
69655,2026-07-16,2026-07-18,2,16,8,20,96,63.45,2
69656,2026-07-09,2026-07-16,3,393,3,37,123,163.82,6
69657,2026-07-14,2026-07-15,2,129,9,31,170,176.18,8
69658,2026-07-20,2026-07-26,3,479,11,5,94,72.41,1
69659,2026-07-23,2026-07-26,1,60,4,24,113,257.86,1
69660,2026-07-30,2026-08-02,3,246,2,9,192,410.54,1
69661,2026-07-18,2026-07-22,3,391,10,11,46,99.67,8
69662,2026-07-17,2026-07-18,3,424,9,13,52,309.31,7
69663,2026-07-07,2026-07-12,2,299,20,8,33,55.83,4
69664,2026-07-15,2026-07-21,1,260,2,23,191,5.43,3
69665,2026-07-14,2026-07-21,2,7,10,37,161,192.46,6
69666,2026-08-01,2026-08-03,3,157,13,45,17,288.22,3
69667,2026-07-18,2026-07-20,1,144,16,43,126,490.52,6
69668,2026-07-07,2026-07-14,2,421,14,12,144,308.92,1
69669,2026-07-26,2026-07-28,3,362,13,47,105,28.18,4
69670,2026-08-01,2026-08-06,3,478,18,37,184,394.44,3
69671,2026-07-08,2026-07-13,3,112,8,32,57,407.3,5
69672,2026-07-20,2026-07-22,3,234,3,1,32,137.75,3
69673,2026-07-23,2026-07-24,1,76,10,9,39,208.05,5
69674,2026-07-13,2026-07-14,3,197,7,25,122,136.24,6
69675,2026-07-07,2026-07-13,3,81,5,41,66,364.83,5
69676,2026-07-27,2026-07-30,3,153,9,29,122,232.55,7
69677,2026-07-27,2026-08-02,2,460,2,4,94,66.7,4
69678,2026-07-20,2026-07-27,3,243,14,50,131,431.25,3
69679,2026-07-20,2026-07-26,1,35,20,5,35,412.67,2
69680,2026-08-02,2026-08-06,1,111,7,39,196,235.77,3
69681,2026-07-07,2026-07-12,2,220,8,40,41,473.56,2
69682,2026-07-31,2026-08-04,2,256,12,32,19,171.68,5
69683,2026-07-14,2026-07-20,2,210,16,27,122,338.73,8
69684,2026-08-02,2026-08-04,2,283,9,33,179,102.46,8
69685,2026-07-29,2026-08-04,2,226,4,19,131,124.92,6
69686,2026-07-17,2026-07-24,3,251,13,42,53,186.79,10
69687,2026-07-24,2026-07-26,3,490,5,8,190,474.78,5
69688,2026-07-27,2026-07-29,3,472,10,30,127,166.0,6
69689,2026-07-04,2026-07-08,1,362,6,21,17,412.28,2
69690,2026-07-07,2026-07-09,3,361,13,37,11,139.83,2
69691,2026-07-23,2026-07-26,3,357,3,29,184,88.07,4
69692,2026-07-06,2026-07-11,1,240,17,2,29,107.33,4
69693,2026-07-04,2026-07-07,3,252,7,5,145,356.06,8
69694,2026-07-31,2026-08-03,3,173,17,18,146,98.78,6
69695,2026-07-06,2026-07-08,2,170,20,49,15,205.15,6
69696,2026-07-25,2026-07-27,3,22,3,4,25,87.23,3
69697,2026-07-21,2026-07-25,3,471,18,11,49,181.31,5
69698,2026-07-11,2026-07-14,2,363,20,13,1,437.21,8
69699,2026-07-11,2026-07-13,2,60,2,35,129,356.98,7
69700,2026-07-15,2026-07-22,2,42,13,14,97,150.18,7
69701,2026-07-25,2026-08-01,1,486,1,36,105,335.74,10
69702,2026-07-18,2026-07-24,2,229,3,50,174,310.47,8
69703,2026-07-06,2026-07-10,3,446,1,40,162,357.09,9
69704,2026-07-21,2026-07-25,2,280,16,8,186,478.2,6
69705,2026-07-03,2026-07-08,2,127,8,45,199,256.23,4
69706,2026-07-03,2026-07-06,2,433,15,9,30,418.27,7
69707,2026-07-25,2026-07-30,1,227,1,21,76,87.5,7
69708,2026-07-10,2026-07-16,1,144,3,8,162,289.96,5
69709,2026-07-04,2026-07-10,3,52,1,22,111,29.04,8
69710,2026-07-16,2026-07-23,2,472,8,8,45,178.51,2
69711,2026-07-12,2026-07-16,2,405,7,35,19,151.99,6
69712,2026-07-29,2026-08-03,3,68,20,42,135,214.56,9
69713,2026-07-29,2026-08-05,3,251,7,41,121,496.7,10
69714,2026-07-15,2026-07-17,1,179,20,17,185,236.16,1
69715,2026-07-06,2026-07-08,3,192,11,10,20,295.5,8
69716,2026-08-02,2026-08-03,3,399,14,41,33,341.08,5
69717,2026-07-09,2026-07-15,3,416,18,18,5,96.96,1
69718,2026-07-13,2026-07-20,1,319,19,49,113,448.41,1
69719,2026-07-05,2026-07-08,3,258,4,27,124,281.54,9
69720,2026-07-03,2026-07-10,3,490,9,35,74,315.78,7
69721,2026-07-14,2026-07-21,2,175,6,26,123,409.34,7
69722,2026-07-23,2026-07-24,3,272,2,34,91,137.02,5
69723,2026-07-11,2026-07-15,3,366,15,46,83,416.25,2
69724,2026-07-25,2026-07-27,3,302,15,5,34,432.5,10
69725,2026-07-20,2026-07-23,1,464,11,27,38,293.79,1
69726,2026-07-15,2026-07-16,3,108,5,26,68,272.78,9
69727,2026-07-31,2026-08-03,3,235,12,33,181,171.41,6
69728,2026-07-08,2026-07-15,1,28,19,9,136,296.2,3
69729,2026-07-10,2026-07-14,1,189,20,6,124,301.68,9
69730,2026-07-12,2026-07-19,3,217,20,26,152,35.68,1
69731,2026-07-27,2026-07-28,3,199,10,14,122,319.17,5
69732,2026-07-10,2026-07-11,3,396,14,13,176,84.65,3
69733,2026-07-10,2026-07-17,2,384,15,12,110,67.36,4
69734,2026-08-02,2026-08-09,1,429,19,29,86,97.79,2
69735,2026-07-14,2026-07-17,2,496,6,32,17,457.64,9
69736,2026-07-03,2026-07-10,3,487,16,39,72,316.84,9
69737,2026-07-17,2026-07-23,2,380,11,14,45,413.76,7
69738,2026-07-14,2026-07-18,1,323,20,49,65,309.48,2
69739,2026-07-24,2026-07-27,2,11,20,13,165,424.12,5
69740,2026-07-21,2026-07-25,2,97,2,33,78,173.9,3
69741,2026-07-13,2026-07-20,3,437,5,29,177,36.91,8
69742,2026-07-19,2026-07-26,1,71,3,21,70,301.62,3
69743,2026-08-02,2026-08-05,1,25,17,34,76,196.13,2
69744,2026-07-16,2026-07-17,1,110,1,23,166,236.05,6
69745,2026-07-08,2026-07-10,3,312,2,18,55,216.77,6
69746,2026-07-05,2026-07-12,3,250,13,45,180,423.34,2
69747,2026-07-28,2026-08-01,1,447,20,4,151,158.79,1
69748,2026-07-31,2026-08-01,3,71,14,10,112,205.82,5
69749,2026-07-16,2026-07-22,1,371,7,26,27,351.26,5
69750,2026-07-15,2026-07-21,2,166,6,10,37,408.47,9
69751,2026-07-14,2026-07-15,2,11,9,7,63,274.88,3
69752,2026-07-27,2026-08-02,2,134,5,34,29,189.54,10
69753,2026-08-02,2026-08-06,2,33,9,38,178,442.6,8
69754,2026-07-13,2026-07-16,2,163,5,16,128,370.25,6
69755,2026-07-12,2026-07-15,3,232,12,8,12,374.72,3
69756,2026-07-07,2026-07-13,1,332,19,49,136,287.63,3
69757,2026-07-06,2026-07-10,1,50,1,13,15,85.0,10
69758,2026-07-27,2026-07-30,2,443,15,2,114,269.64,7
69759,2026-07-17,2026-07-21,3,28,15,13,92,154.2,8
69760,2026-08-02,2026-08-06,1,138,6,4,27,123.65,4
69761,2026-07-29,2026-08-05,3,434,13,22,100,129.01,1
69762,2026-07-17,2026-07-19,2,24,11,13,116,384.98,8
69763,2026-07-31,2026-08-05,1,333,19,7,98,448.22,4
69764,2026-07-17,2026-07-21,1,14,9,4,150,118.62,9
69765,2026-08-02,2026-08-08,1,272,7,33,77,9.05,2
69766,2026-07-03,2026-07-05,3,288,5,6,91,163.48,5
69767,2026-07-30,2026-08-06,1,158,5,7,3,484.62,10
69768,2026-08-01,2026-08-08,1,73,20,49,80,175.5,6
69769,2026-07-26,2026-08-02,1,367,4,37,100,399.82,8
69770,2026-08-01,2026-08-08,1,483,20,31,90,108.32,8
69771,2026-07-11,2026-07-16,3,213,17,13,23,80.0,5
69772,2026-07-07,2026-07-09,1,490,15,25,78,342.65,6
69773,2026-07-25,2026-07-31,2,348,5,17,150,271.57,2
69774,2026-07-22,2026-07-26,3,407,2,9,18,102.69,7
69775,2026-07-08,2026-07-13,1,258,11,29,194,73.96,6
69776,2026-07-29,2026-08-02,2,30,19,35,49,415.19,10
69777,2026-07-13,2026-07-14,1,333,3,50,74,338.59,5
69778,2026-07-04,2026-07-06,2,376,15,46,126,190.5,1
69779,2026-07-17,2026-07-18,1,366,4,6,126,86.31,2
69780,2026-07-24,2026-07-27,3,188,19,25,182,196.72,4
69781,2026-07-10,2026-07-13,3,276,2,3,141,253.76,7
69782,2026-07-12,2026-07-13,2,253,14,18,174,467.08,10
69783,2026-07-22,2026-07-29,2,117,1,50,170,299.71,9
69784,2026-07-24,2026-07-31,1,411,3,15,106,75.14,1
69785,2026-07-24,2026-07-26,2,51,15,49,187,458.75,8
69786,2026-07-11,2026-07-15,1,358,5,38,4,394.14,10
69787,2026-07-04,2026-07-09,3,485,1,30,23,148.3,8
69788,2026-07-15,2026-07-17,1,44,1,46,82,230.11,9
69789,2026-07-27,2026-07-30,1,50,1,2,120,174.21,9
69790,2026-07-03,2026-07-07,3,371,5,27,92,167.98,2
69791,2026-07-19,2026-07-23,2,160,1,34,63,130.01,2
69792,2026-07-14,2026-07-17,2,424,20,17,165,311.04,7
69793,2026-07-23,2026-07-27,1,157,13,7,183,479.39,1
69794,2026-07-22,2026-07-25,3,393,3,42,39,151.16,3
69795,2026-07-17,2026-07-20,2,487,7,19,98,250.03,5
69796,2026-07-15,2026-07-20,1,341,16,20,140,400.13,7
69797,2026-07-06,2026-07-13,2,126,17,42,24,67.59,2
69798,2026-07-24,2026-07-30,1,266,17,27,28,296.32,5
69799,2026-08-01,2026-08-03,1,339,18,7,10,57.13,3
69800,2026-07-19,2026-07-21,3,204,18,3,33,25.19,2
69801,2026-07-09,2026-07-10,2,113,12,13,142,406.86,4
69802,2026-07-20,2026-07-27,2,44,3,7,150,120.24,3
69803,2026-07-05,2026-07-08,1,43,1,8,149,122.27,1
69804,2026-07-28,2026-07-31,3,206,19,47,123,98.36,10
69805,2026-07-06,2026-07-09,1,375,9,27,61,378.9,6
69806,2026-07-24,2026-07-30,3,236,2,37,176,430.49,9
69807,2026-07-16,2026-07-20,1,303,8,19,81,83.31,3
69808,2026-07-28,2026-08-03,2,122,5,8,185,174.22,9
69809,2026-07-19,2026-07-22,1,151,5,1,170,137.3,8
69810,2026-07-16,2026-07-23,1,444,3,47,120,400.83,6
69811,2026-07-29,2026-08-03,3,8,17,40,57,42.82,10
69812,2026-07-11,2026-07-18,2,374,4,7,17,76.66,8
69813,2026-07-23,2026-07-24,1,343,1,45,196,395.0,3
69814,2026-07-25,2026-07-29,1,46,14,3,160,50.91,6
69815,2026-07-25,2026-07-27,1,106,8,38,143,233.19,4
69816,2026-07-23,2026-07-26,2,16,2,36,27,324.2,6
69817,2026-07-03,2026-07-10,2,88,6,31,162,345.01,10
69818,2026-07-21,2026-07-23,1,66,8,11,37,48.98,1
69819,2026-07-26,2026-07-28,3,403,12,42,179,267.99,4
69820,2026-07-24,2026-07-27,1,76,7,31,125,403.67,1
69821,2026-07-20,2026-07-27,1,163,7,49,95,222.39,1
69822,2026-07-03,2026-07-05,3,278,20,44,46,64.33,2
69823,2026-07-25,2026-07-29,1,330,4,14,113,416.65,5
69824,2026-07-03,2026-07-06,2,187,18,21,71,391.25,9
69825,2026-07-24,2026-07-27,1,102,14,26,60,119.37,9
69826,2026-07-18,2026-07-25,2,132,11,35,198,309.04,4
69827,2026-07-03,2026-07-09,3,25,6,48,135,304.55,10
69828,2026-07-30,2026-08-01,3,110,10,49,158,10.1,2
69829,2026-07-04,2026-07-10,1,270,7,29,160,406.79,8
69830,2026-07-07,2026-07-14,2,286,15,25,27,289.45,4
69831,2026-07-19,2026-07-26,2,298,7,47,149,383.3,2
69832,2026-07-24,2026-07-25,3,24,12,18,162,146.38,9
69833,2026-07-17,2026-07-22,2,191,3,50,10,130.22,6
69834,2026-07-24,2026-07-31,3,321,4,14,173,498.78,2
69835,2026-07-30,2026-08-02,1,297,12,18,198,180.87,7
69836,2026-07-18,2026-07-19,3,52,8,43,165,170.0,2
69837,2026-07-10,2026-07-13,3,436,15,37,28,99.26,6
69838,2026-07-30,2026-08-06,2,425,8,32,134,174.24,8
69839,2026-07-20,2026-07-23,2,287,7,12,68,279.23,5
69840,2026-08-01,2026-08-08,1,401,9,48,163,399.63,3
69841,2026-07-10,2026-07-17,1,33,12,9,22,43.81,4
69842,2026-07-30,2026-07-31,3,120,16,23,102,18.72,7
69843,2026-07-26,2026-08-01,3,317,7,40,6,208.93,8
69844,2026-07-30,2026-08-04,3,491,12,35,54,57.15,3
69845,2026-07-21,2026-07-23,2,383,16,49,77,335.52,4
69846,2026-07-19,2026-07-20,2,424,1,35,57,439.1,8
69847,2026-07-18,2026-07-23,2,451,2,31,108,324.33,4
69848,2026-07-16,2026-07-22,2,126,19,23,182,196.65,10
69849,2026-07-11,2026-07-16,2,157,3,47,104,412.45,3
69850,2026-07-20,2026-07-27,2,407,6,6,125,229.34,8
69851,2026-07-09,2026-07-10,1,354,17,16,147,150.81,1
69852,2026-07-27,2026-07-31,3,83,8,49,171,42.27,4
69853,2026-07-27,2026-07-30,2,330,5,18,96,221.2,2
69854,2026-07-07,2026-07-10,2,131,13,47,142,221.33,5
69855,2026-07-03,2026-07-04,2,275,15,24,30,230.35,10
69856,2026-07-29,2026-08-05,2,218,5,14,25,460.2,9
69857,2026-07-29,2026-07-31,3,348,7,33,172,254.76,10
69858,2026-07-14,2026-07-19,1,317,10,36,11,223.8,6
69859,2026-07-07,2026-07-13,1,392,5,26,166,33.78,8
69860,2026-07-09,2026-07-12,2,446,18,24,140,430.88,2
69861,2026-07-03,2026-07-07,2,35,16,1,192,441.77,2
69862,2026-07-16,2026-07-21,2,288,4,21,115,131.37,7
69863,2026-07-24,2026-07-26,2,424,5,49,200,330.38,9
69864,2026-08-01,2026-08-07,2,194,2,31,135,455.12,6
69865,2026-07-18,2026-07-25,1,160,13,17,192,51.41,6
69866,2026-07-19,2026-07-25,3,306,8,35,4,363.97,5
69867,2026-07-09,2026-07-14,2,189,7,36,69,194.0,3
69868,2026-07-28,2026-07-30,2,70,7,26,37,172.96,2
69869,2026-08-01,2026-08-08,2,92,18,25,5,432.32,7
69870,2026-07-17,2026-07-24,3,425,5,40,134,405.23,7
69871,2026-07-26,2026-07-27,2,83,12,32,130,54.92,3
69872,2026-07-18,2026-07-23,1,301,7,37,126,142.14,7
69873,2026-07-07,2026-07-10,2,227,1,4,154,487.43,8
69874,2026-07-27,2026-08-03,3,151,19,3,17,78.62,10
69875,2026-08-02,2026-08-05,2,60,7,50,190,302.05,6
69876,2026-07-19,2026-07-26,3,143,5,12,52,157.13,7
69877,2026-07-29,2026-07-30,3,245,19,24,158,432.48,10
69878,2026-08-01,2026-08-04,3,436,7,47,47,395.6,8
69879,2026-08-01,2026-08-03,2,69,17,6,191,176.22,4
69880,2026-07-05,2026-07-11,1,292,4,20,75,19.18,3
69881,2026-07-20,2026-07-25,3,70,15,47,63,386.77,4
69882,2026-07-05,2026-07-06,3,319,9,45,145,349.5,2
69883,2026-07-21,2026-07-22,3,421,9,15,2,371.3,5
69884,2026-07-10,2026-07-12,1,120,13,13,126,288.96,6
69885,2026-07-15,2026-07-17,2,372,20,27,30,362.18,6
69886,2026-07-07,2026-07-14,1,454,15,25,143,79.57,1
69887,2026-07-26,2026-07-28,1,180,12,5,136,126.69,2
69888,2026-07-24,2026-07-27,1,237,2,9,74,432.77,7
69889,2026-07-24,2026-07-26,1,320,11,42,93,399.47,8
69890,2026-07-16,2026-07-18,3,22,15,8,119,109.26,1
69891,2026-07-19,2026-07-25,1,275,11,18,148,305.66,1
69892,2026-07-29,2026-07-30,2,412,20,29,187,441.53,5
69893,2026-07-10,2026-07-16,2,27,3,34,104,27.38,10
69894,2026-07-26,2026-07-30,3,129,17,10,166,444.41,2
69895,2026-07-24,2026-07-27,2,193,1,21,42,147.77,5
69896,2026-07-18,2026-07-24,2,463,1,3,9,90.11,5
69897,2026-07-22,2026-07-25,2,294,6,33,97,396.37,6
69898,2026-07-16,2026-07-17,2,357,6,16,11,419.92,8
69899,2026-07-05,2026-07-09,1,298,17,23,32,188.89,10
69900,2026-07-13,2026-07-15,2,267,9,33,98,361.6,10
69901,2026-07-07,2026-07-11,3,481,2,38,57,75.86,10
69902,2026-07-21,2026-07-22,3,492,15,20,64,83.16,2
69903,2026-07-28,2026-08-01,3,296,12,6,182,39.57,3
69904,2026-07-07,2026-07-12,2,63,1,7,181,88.54,4
69905,2026-07-08,2026-07-10,1,324,2,30,171,8.34,1
69906,2026-07-10,2026-07-12,1,118,12,21,136,159.67,5
69907,2026-07-04,2026-07-11,3,417,4,26,196,342.77,10
69908,2026-07-12,2026-07-18,2,271,15,10,196,290.91,7
69909,2026-07-19,2026-07-23,1,183,6,27,100,330.41,7
69910,2026-07-30,2026-08-03,3,454,18,24,41,223.57,9
69911,2026-07-24,2026-07-30,2,480,3,38,132,279.68,4
69912,2026-07-07,2026-07-10,2,175,14,23,86,391.49,6
69913,2026-07-15,2026-07-17,1,446,11,15,157,195.04,2
69914,2026-07-25,2026-07-26,1,27,3,34,171,43.77,4
69915,2026-07-16,2026-07-21,1,462,6,44,141,245.5,1
69916,2026-07-30,2026-08-06,2,289,3,27,3,193.23,7
69917,2026-08-02,2026-08-09,2,221,9,35,79,6.75,1
69918,2026-07-07,2026-07-14,3,456,2,32,12,371.75,6
69919,2026-07-26,2026-08-01,3,8,17,9,93,396.27,4
69920,2026-07-26,2026-07-31,2,204,11,29,115,399.91,7
69921,2026-07-14,2026-07-20,3,496,6,40,174,293.92,2
69922,2026-07-22,2026-07-27,3,316,4,16,129,197.52,8
69923,2026-07-13,2026-07-18,2,283,2,9,15,79.19,2
69924,2026-07-08,2026-07-14,3,127,1,28,174,264.14,6
69925,2026-07-17,2026-07-22,2,15,1,27,76,366.27,4
69926,2026-07-16,2026-07-23,3,440,14,21,169,480.49,8
69927,2026-07-07,2026-07-11,3,19,3,16,10,255.45,3
69928,2026-07-16,2026-07-23,3,224,5,44,200,35.36,2
69929,2026-07-16,2026-07-17,1,456,15,25,8,415.1,4
69930,2026-07-31,2026-08-01,2,453,20,47,110,413.51,10
69931,2026-07-13,2026-07-15,2,89,16,34,149,260.96,2
69932,2026-07-29,2026-08-02,2,343,18,28,55,203.98,3
69933,2026-07-18,2026-07-21,3,441,18,50,7,6.42,2
69934,2026-07-31,2026-08-07,2,70,20,27,25,143.76,3
69935,2026-07-25,2026-07-30,3,86,6,4,13,273.85,4
69936,2026-07-21,2026-07-28,2,416,8,3,12,362.77,9
69937,2026-07-07,2026-07-08,2,155,4,8,75,337.08,3
69938,2026-07-06,2026-07-07,3,144,11,21,107,308.94,5
69939,2026-07-17,2026-07-21,2,321,16,38,144,33.91,1
69940,2026-08-02,2026-08-06,1,393,20,14,40,429.36,6
69941,2026-07-11,2026-07-14,3,464,2,32,196,99.06,1
69942,2026-07-12,2026-07-17,3,167,1,14,140,459.16,9
69943,2026-07-06,2026-07-08,1,421,14,48,141,138.45,1
69944,2026-07-05,2026-07-06,1,37,8,15,22,58.5,9
69945,2026-07-12,2026-07-16,1,205,11,47,170,16.5,2
69946,2026-08-01,2026-08-07,1,114,9,25,199,352.34,7
69947,2026-07-26,2026-07-30,3,232,8,4,24,198.4,3
69948,2026-07-11,2026-07-13,1,1,10,48,67,444.76,10
69949,2026-07-08,2026-07-09,3,40,6,21,32,161.61,9
69950,2026-07-10,2026-07-13,3,45,3,34,118,431.69,3
69951,2026-07-14,2026-07-20,1,433,13,6,192,345.59,4
69952,2026-07-24,2026-07-25,1,202,16,37,113,115.59,6
69953,2026-07-21,2026-07-23,3,8,16,13,118,299.91,1
69954,2026-07-21,2026-07-23,2,307,18,22,179,379.92,3
69955,2026-07-05,2026-07-06,3,326,4,25,169,476.72,9
69956,2026-07-05,2026-07-08,3,101,6,9,1,260.41,6
69957,2026-07-05,2026-07-09,1,264,15,4,184,449.8,10
69958,2026-07-23,2026-07-24,2,72,8,1,46,120.11,1
69959,2026-08-01,2026-08-07,1,92,14,28,171,247.48,9
69960,2026-07-09,2026-07-13,1,364,10,4,96,12.3,9
69961,2026-07-26,2026-08-02,2,324,12,18,187,366.67,7
69962,2026-07-28,2026-07-31,3,222,14,3,147,61.27,8
69963,2026-07-16,2026-07-20,2,338,5,45,134,446.86,2
69964,2026-07-18,2026-07-21,3,252,15,27,174,14.2,5
69965,2026-07-04,2026-07-10,2,292,12,5,99,371.38,3
69966,2026-07-24,2026-07-30,3,253,12,49,189,499.95,2
69967,2026-07-31,2026-08-03,2,153,3,28,121,473.05,5
69968,2026-07-09,2026-07-16,2,259,2,26,16,295.25,10
69969,2026-07-22,2026-07-23,1,188,10,36,191,174.8,8
69970,2026-08-02,2026-08-06,3,304,3,2,32,51.68,3
69971,2026-07-12,2026-07-14,2,232,8,42,18,438.28,4
69972,2026-07-25,2026-07-29,2,318,6,41,174,338.69,3
69973,2026-07-06,2026-07-10,2,137,1,24,73,321.16,10
69974,2026-07-18,2026-07-22,2,163,15,14,63,336.43,8
69975,2026-08-01,2026-08-02,2,34,10,1,122,73.87,3
69976,2026-07-22,2026-07-25,2,358,18,44,102,423.67,3
69977,2026-07-21,2026-07-25,1,471,19,34,136,204.06,6
69978,2026-07-27,2026-08-02,1,317,2,40,175,424.3,6
69979,2026-07-13,2026-07-15,1,189,15,50,39,421.7,7
69980,2026-07-19,2026-07-24,3,426,5,42,135,328.37,2
69981,2026-07-11,2026-07-13,2,250,11,10,177,311.12,7
69982,2026-07-04,2026-07-07,2,145,4,16,180,112.9,4
69983,2026-07-12,2026-07-14,2,245,5,35,75,365.54,6
69984,2026-07-28,2026-08-01,2,27,7,29,78,205.56,1
69985,2026-08-01,2026-08-03,1,200,8,29,28,99.44,10
69986,2026-07-23,2026-07-26,2,487,19,7,63,384.4,1
69987,2026-07-03,2026-07-07,2,110,12,11,134,463.5,1
69988,2026-07-10,2026-07-16,1,176,3,15,186,342.18,10
69989,2026-07-16,2026-07-23,2,43,8,39,65,29.69,2
69990,2026-07-30,2026-08-05,2,294,3,18,91,326.73,3
69991,2026-07-08,2026-07-15,1,61,19,8,172,188.68,9
69992,2026-07-19,2026-07-24,3,483,15,22,46,92.69,1
69993,2026-07-08,2026-07-09,1,269,8,8,200,50.36,4
69994,2026-07-21,2026-07-23,2,232,13,2,42,175.82,2
69995,2026-07-15,2026-07-20,3,23,15,6,63,399.97,8
69996,2026-07-28,2026-07-30,3,9,14,43,66,128.28,1
69997,2026-07-18,2026-07-19,1,286,10,34,34,225.84,1
69998,2026-07-31,2026-08-03,3,372,2,15,137,147.39,9
69999,2026-08-01,2026-08-05,2,420,13,11,81,424.06,10
70000,2026-07-17,2026-07-24,3,474,17,16,40,258.6,9
70001,2026-07-30,2026-08-04,1,227,4,43,165,326.82,3
70002,2026-07-11,2026-07-17,3,382,15,48,198,129.16,5
70003,2026-07-13,2026-07-14,2,269,1,28,70,353.31,6
70004,2026-07-29,2026-07-30,1,480,18,40,55,441.88,2
70005,2026-07-12,2026-07-19,2,34,4,43,180,457.13,3
70006,2026-07-30,2026-07-31,1,294,9,14,108,366.05,3
70007,2026-07-12,2026-07-17,1,99,6,43,20,208.77,8
70008,2026-07-13,2026-07-18,2,309,17,27,186,468.02,8
70009,2026-07-20,2026-07-26,1,341,6,44,122,317.36,9
70010,2026-07-13,2026-07-17,1,183,17,21,169,408.83,10
70011,2026-07-17,2026-07-23,2,312,8,48,180,87.79,10
70012,2026-07-16,2026-07-19,1,328,1,4,165,32.16,2
70013,2026-07-17,2026-07-23,2,442,19,46,89,199.45,1
70014,2026-07-03,2026-07-09,2,91,16,24,168,5.1,8
70015,2026-07-24,2026-07-30,1,9,6,46,10,416.75,9
70016,2026-07-06,2026-07-07,1,20,14,20,143,288.31,10
70017,2026-08-02,2026-08-05,1,171,11,28,29,436.52,2
70018,2026-07-26,2026-08-01,1,297,13,22,38,49.6,9
70019,2026-07-10,2026-07-17,1,492,18,41,121,450.23,1
70020,2026-07-30,2026-08-04,1,124,10,16,55,175.1,6
70021,2026-07-30,2026-08-03,3,195,6,45,50,324.2,8
70022,2026-07-30,2026-08-05,1,68,11,30,62,319.29,5
70023,2026-07-06,2026-07-12,1,10,8,34,39,440.83,5
70024,2026-07-22,2026-07-27,1,19,4,46,74,373.58,1
70025,2026-07-13,2026-07-20,2,45,6,50,17,308.16,7
70026,2026-07-10,2026-07-16,2,155,7,15,54,217.79,2
70027,2026-07-28,2026-08-01,3,330,3,50,79,94.54,5
70028,2026-07-12,2026-07-16,2,358,18,37,105,178.56,8
70029,2026-07-31,2026-08-04,2,147,19,46,22,387.23,5
70030,2026-07-23,2026-07-25,1,15,2,34,3,287.03,2
70031,2026-07-08,2026-07-15,1,235,20,30,193,173.92,1
70032,2026-07-11,2026-07-18,2,342,16,30,120,276.6,7
70033,2026-07-16,2026-07-23,2,448,6,16,173,351.56,2
70034,2026-07-09,2026-07-14,1,53,19,2,44,296.01,5
70035,2026-07-12,2026-07-17,2,21,6,25,190,140.5,3
70036,2026-07-07,2026-07-14,1,9,17,46,30,139.93,1
70037,2026-08-01,2026-08-06,3,195,6,50,144,311.22,1
70038,2026-07-27,2026-07-28,1,270,19,16,18,206.97,6
70039,2026-07-10,2026-07-17,1,158,5,20,53,159.27,7
70040,2026-07-04,2026-07-05,1,209,19,50,133,299.27,3
70041,2026-07-31,2026-08-06,2,135,6,15,179,470.75,9
70042,2026-07-03,2026-07-05,3,451,13,35,121,157.47,7
70043,2026-07-20,2026-07-25,2,50,17,37,19,123.52,6
70044,2026-07-26,2026-07-29,3,341,3,10,180,288.34,3
70045,2026-07-30,2026-08-03,3,97,12,37,68,360.74,8
70046,2026-07-09,2026-07-11,1,217,11,15,165,328.36,6
70047,2026-07-18,2026-07-21,3,248,16,45,171,487.37,9
70048,2026-07-09,2026-07-16,1,3,3,19,47,454.25,8
70049,2026-07-16,2026-07-19,2,17,18,6,31,21.8,1
70050,2026-07-28,2026-07-30,2,82,17,28,7,433.65,3
70051,2026-07-30,2026-08-03,2,97,11,3,74,35.46,10
70052,2026-07-27,2026-07-30,2,41,9,31,115,178.67,4
70053,2026-07-08,2026-07-12,1,315,12,46,69,177.09,10
70054,2026-07-27,2026-07-28,1,154,5,26,76,423.29,9
70055,2026-08-02,2026-08-05,3,5,17,7,81,372.53,9
70056,2026-07-03,2026-07-10,3,4,12,33,95,449.61,3
70057,2026-07-14,2026-07-21,3,135,16,16,60,111.69,7
70058,2026-07-10,2026-07-15,2,363,16,42,54,371.83,9
70059,2026-07-05,2026-07-09,3,83,2,37,177,243.29,7
70060,2026-07-13,2026-07-19,2,49,9,12,1,29.75,6
70061,2026-07-08,2026-07-10,3,233,7,26,97,368.18,2
70062,2026-07-04,2026-07-08,2,230,15,6,161,158.0,6
70063,2026-08-02,2026-08-08,3,77,13,16,54,42.25,3
70064,2026-08-02,2026-08-05,1,98,10,32,7,148.81,10
70065,2026-07-07,2026-07-09,2,252,9,19,44,469.65,8
70066,2026-07-22,2026-07-26,2,230,2,37,43,388.11,10
70067,2026-07-18,2026-07-20,2,280,2,42,135,444.69,3
70068,2026-07-09,2026-07-14,2,163,12,39,193,36.68,6
70069,2026-07-21,2026-07-24,3,68,15,29,39,271.87,7
70070,2026-07-28,2026-08-04,1,202,3,18,99,368.84,4
70071,2026-07-09,2026-07-11,3,385,5,50,76,378.14,9
70072,2026-07-07,2026-07-08,2,181,9,50,38,434.84,10
70073,2026-07-14,2026-07-18,1,383,15,13,75,217.56,2
70074,2026-07-11,2026-07-14,2,479,19,9,177,278.6,9
70075,2026-07-24,2026-07-28,1,152,8,38,87,251.61,1
70076,2026-07-03,2026-07-06,2,371,20,44,190,415.21,6
70077,2026-08-02,2026-08-07,3,82,20,18,7,283.91,5
70078,2026-07-25,2026-07-28,2,19,11,30,8,248.0,2
70079,2026-07-21,2026-07-27,3,475,7,43,18,93.89,7
70080,2026-07-11,2026-07-18,1,388,7,39,5,147.33,4
70081,2026-07-28,2026-08-04,3,365,19,29,9,257.38,2
70082,2026-07-27,2026-08-03,3,136,17,31,99,269.38,5
70083,2026-07-10,2026-07-11,1,421,18,31,13,70.89,10
70084,2026-08-01,2026-08-07,2,491,12,18,155,123.7,9
70085,2026-07-21,2026-07-27,2,71,11,47,81,166.28,10
70086,2026-07-30,2026-08-03,2,319,7,33,118,210.72,3
70087,2026-07-21,2026-07-22,1,474,18,12,11,367.6,6
70088,2026-07-17,2026-07-18,3,110,6,40,162,270.02,1
70089,2026-07-31,2026-08-05,3,104,3,50,84,197.05,5
70090,2026-07-09,2026-07-12,3,354,5,23,152,381.99,4
70091,2026-07-10,2026-07-13,1,392,2,39,117,63.89,10
70092,2026-07-22,2026-07-29,3,379,17,38,30,286.34,5
70093,2026-07-31,2026-08-04,3,257,11,4,144,113.83,7
70094,2026-08-02,2026-08-08,3,342,13,27,7,274.2,8
70095,2026-07-24,2026-07-29,2,289,20,8,113,159.6,4
70096,2026-07-22,2026-07-29,2,397,6,46,35,496.25,7
70097,2026-07-08,2026-07-10,3,304,11,22,143,18.74,1
70098,2026-07-20,2026-07-26,3,482,20,4,74,418.91,1
70099,2026-07-10,2026-07-11,3,350,8,20,76,285.92,6
70100,2026-07-20,2026-07-23,1,22,8,35,99,35.12,4
70101,2026-08-02,2026-08-04,2,180,11,12,155,320.21,6
70102,2026-07-19,2026-07-20,3,128,11,16,65,486.99,1
70103,2026-07-08,2026-07-09,1,256,13,43,177,104.94,4
70104,2026-07-13,2026-07-18,2,496,5,8,130,165.52,9
70105,2026-07-17,2026-07-20,3,132,19,17,122,222.56,3
70106,2026-07-13,2026-07-14,1,295,2,1,166,221.88,1
70107,2026-08-01,2026-08-07,1,330,19,40,135,325.96,3
70108,2026-07-25,2026-07-27,3,382,5,20,84,132.82,8
70109,2026-07-19,2026-07-22,2,155,10,21,98,5.21,10
70110,2026-07-10,2026-07-16,3,336,18,44,123,365.45,8
70111,2026-07-11,2026-07-14,1,484,18,5,132,250.17,10
70112,2026-07-26,2026-07-28,1,180,12,1,25,442.09,4
70113,2026-07-16,2026-07-18,2,381,17,3,197,217.37,10
70114,2026-07-06,2026-07-07,2,462,4,15,56,96.65,9
70115,2026-07-10,2026-07-17,3,102,3,7,29,266.79,3
70116,2026-07-30,2026-08-05,2,130,4,50,120,314.3,10
70117,2026-07-06,2026-07-13,2,299,9,27,177,370.71,8
70118,2026-07-16,2026-07-21,2,358,6,2,167,294.06,10
70119,2026-07-27,2026-07-30,3,42,9,32,184,217.04,5
70120,2026-07-23,2026-07-29,3,435,10,14,97,149.99,10
70121,2026-08-02,2026-08-03,2,474,16,26,173,35.66,1
70122,2026-07-07,2026-07-11,1,388,8,31,15,69.43,7
70123,2026-07-27,2026-07-31,2,205,7,2,36,495.89,6
70124,2026-07-17,2026-07-22,3,364,20,9,189,442.06,6
70125,2026-07-17,2026-07-22,2,145,12,13,71,342.01,4
70126,2026-07-03,2026-07-06,2,70,6,10,11,340.95,7
70127,2026-07-30,2026-08-01,1,241,17,35,184,162.75,5
70128,2026-07-31,2026-08-03,2,231,8,45,87,28.84,9
70129,2026-08-02,2026-08-04,2,87,14,49,178,84.22,2
70130,2026-07-13,2026-07-14,2,88,5,25,178,300.74,4
70131,2026-07-25,2026-07-29,2,437,20,39,132,215.59,1
70132,2026-07-18,2026-07-21,2,84,15,15,117,195.55,8
70133,2026-07-18,2026-07-24,2,345,4,32,98,61.11,4
70134,2026-07-22,2026-07-28,3,226,12,24,27,433.31,6
70135,2026-07-08,2026-07-12,2,317,5,37,57,171.16,7
70136,2026-07-09,2026-07-10,2,75,7,20,54,405.88,6
70137,2026-08-02,2026-08-07,1,183,4,26,108,299.69,10
70138,2026-07-14,2026-07-21,1,91,13,35,10,374.29,1
70139,2026-07-11,2026-07-14,1,481,15,10,74,199.46,1
70140,2026-07-03,2026-07-05,2,290,3,1,76,243.92,2
70141,2026-07-04,2026-07-06,3,45,6,2,31,331.71,10
70142,2026-07-19,2026-07-23,1,432,5,26,151,498.94,2
70143,2026-07-14,2026-07-21,3,264,11,14,184,119.28,1
70144,2026-07-23,2026-07-26,3,257,12,28,66,173.15,7
70145,2026-07-29,2026-08-05,3,464,4,20,82,19.23,4
70146,2026-07-21,2026-07-25,2,303,8,12,23,35.2,5
70147,2026-07-25,2026-07-26,1,472,8,7,142,269.54,7
70148,2026-07-20,2026-07-24,1,490,1,45,105,493.86,3
70149,2026-07-12,2026-07-19,3,243,5,7,124,432.54,4
70150,2026-07-27,2026-07-28,3,191,14,24,195,367.96,2
70151,2026-07-16,2026-07-22,3,305,19,34,12,151.67,10
70152,2026-07-16,2026-07-17,1,374,9,10,137,217.36,2
70153,2026-07-08,2026-07-13,3,448,15,23,162,112.8,1
70154,2026-07-11,2026-07-14,1,280,17,6,3,180.95,2
70155,2026-07-15,2026-07-17,3,222,2,24,100,392.96,10
70156,2026-07-03,2026-07-08,2,174,18,46,149,290.43,4
70157,2026-07-27,2026-08-03,2,24,11,25,138,92.65,6
70158,2026-07-06,2026-07-11,3,42,2,8,136,355.44,9
70159,2026-07-14,2026-07-20,3,70,14,47,2,404.32,4
70160,2026-07-05,2026-07-06,3,84,9,13,82,332.18,4
70161,2026-07-15,2026-07-16,2,203,18,18,38,129.66,2
70162,2026-07-19,2026-07-20,2,375,7,18,112,197.71,2
70163,2026-07-12,2026-07-15,2,388,7,31,181,17.64,9
70164,2026-07-26,2026-07-30,2,249,11,10,153,399.79,7
70165,2026-07-15,2026-07-17,3,184,15,15,148,299.07,2
70166,2026-07-10,2026-07-11,1,399,5,25,3,342.11,5
70167,2026-07-04,2026-07-09,3,188,9,38,32,8.42,3
70168,2026-07-21,2026-07-28,2,99,11,43,200,103.11,5
70169,2026-07-05,2026-07-11,1,453,1,36,80,224.11,9
70170,2026-07-15,2026-07-18,1,414,20,16,76,351.28,7
70171,2026-07-03,2026-07-10,1,110,2,14,16,349.53,1
70172,2026-07-09,2026-07-11,2,214,18,46,137,256.88,8
70173,2026-07-19,2026-07-25,2,20,18,33,169,230.94,7
70174,2026-07-23,2026-07-26,3,479,9,25,22,480.43,5
70175,2026-07-19,2026-07-20,1,246,7,35,126,155.56,3
70176,2026-07-10,2026-07-15,2,388,15,37,2,423.52,4
70177,2026-07-26,2026-07-31,1,382,13,35,41,348.89,1
70178,2026-08-01,2026-08-03,2,100,7,21,197,273.38,1
70179,2026-07-25,2026-07-28,2,13,17,22,26,388.77,1
70180,2026-07-17,2026-07-23,1,212,10,25,84,48.87,8
70181,2026-07-07,2026-07-12,3,436,12,19,23,459.94,8
70182,2026-07-23,2026-07-27,1,450,13,40,83,291.58,2
70183,2026-07-23,2026-07-24,3,379,13,40,115,95.71,7
70184,2026-07-20,2026-07-22,2,493,17,24,156,370.34,8
70185,2026-07-05,2026-07-08,1,9,11,49,27,390.62,2
70186,2026-07-26,2026-08-02,3,240,18,46,33,122.98,8
70187,2026-07-17,2026-07-24,3,145,4,31,93,386.26,6
70188,2026-07-04,2026-07-09,3,248,20,21,45,202.32,8
70189,2026-07-13,2026-07-15,2,170,5,11,161,152.37,5
70190,2026-07-19,2026-07-26,1,311,13,14,170,475.33,9
70191,2026-07-22,2026-07-26,1,210,18,22,176,147.88,8
70192,2026-07-19,2026-07-21,1,239,12,6,143,195.2,10
70193,2026-07-25,2026-07-29,1,93,17,18,34,298.93,1
70194,2026-07-09,2026-07-11,2,378,1,5,158,35.52,3
70195,2026-07-25,2026-07-26,1,316,3,25,145,367.91,3
70196,2026-07-13,2026-07-14,1,391,4,30,146,23.18,5
70197,2026-07-11,2026-07-15,3,477,10,39,85,384.93,6
70198,2026-07-10,2026-07-17,2,314,13,19,59,203.46,1
70199,2026-07-18,2026-07-24,1,416,3,41,84,149.41,4
70200,2026-07-12,2026-07-18,2,136,7,23,111,30.61,4
70201,2026-07-31,2026-08-01,3,325,3,50,112,149.33,9
70202,2026-08-01,2026-08-07,2,240,13,5,134,165.48,4
70203,2026-07-16,2026-07-17,3,285,11,30,114,42.52,6
70204,2026-07-21,2026-07-27,3,381,2,19,11,471.28,2
70205,2026-07-21,2026-07-26,3,182,12,7,7,385.49,8
70206,2026-07-29,2026-07-30,1,49,9,46,119,228.25,10
70207,2026-07-21,2026-07-25,3,152,10,44,166,478.79,5
70208,2026-07-09,2026-07-13,1,99,18,38,191,80.44,4
70209,2026-07-15,2026-07-22,1,351,16,36,87,250.68,9
70210,2026-07-04,2026-07-07,2,2,18,15,156,447.05,2
70211,2026-07-31,2026-08-05,3,282,12,24,51,135.79,3
70212,2026-07-21,2026-07-25,3,42,10,32,18,186.26,5
70213,2026-07-31,2026-08-02,2,402,18,26,34,26.39,5
70214,2026-07-28,2026-08-01,3,392,12,4,157,122.31,6
70215,2026-07-18,2026-07-20,1,95,3,35,163,440.09,9
70216,2026-07-13,2026-07-16,3,417,12,9,127,131.69,3
70217,2026-07-29,2026-07-30,2,408,16,34,49,134.96,6
70218,2026-07-31,2026-08-03,1,286,11,20,95,361.25,9
70219,2026-08-02,2026-08-06,2,19,11,44,48,153.99,10
70220,2026-07-09,2026-07-13,2,83,7,9,83,230.33,8
70221,2026-07-10,2026-07-13,2,402,9,20,89,352.44,10
70222,2026-07-25,2026-08-01,3,74,20,6,144,427.32,9
70223,2026-07-21,2026-07-28,2,4,3,50,47,100.58,1
70224,2026-07-23,2026-07-29,1,75,4,35,198,271.04,9
70225,2026-07-27,2026-08-02,3,60,13,11,164,68.8,8
70226,2026-07-21,2026-07-25,1,311,18,17,20,206.28,5
70227,2026-07-27,2026-07-30,2,191,1,31,194,404.91,8
70228,2026-07-13,2026-07-18,2,435,2,17,61,277.62,6
70229,2026-07-11,2026-07-17,2,64,2,4,62,330.13,9
70230,2026-07-28,2026-08-04,3,137,11,13,162,340.85,8
70231,2026-07-03,2026-07-05,2,135,15,19,53,31.81,7
70232,2026-07-06,2026-07-07,3,335,18,11,10,42.44,6
70233,2026-07-07,2026-07-13,3,55,18,29,161,369.22,2
70234,2026-07-06,2026-07-10,1,296,14,14,93,24.44,3
70235,2026-07-18,2026-07-19,3,10,2,44,127,116.75,2
70236,2026-07-27,2026-07-28,3,469,16,47,127,492.16,10
70237,2026-07-14,2026-07-18,2,445,6,44,104,315.16,8
70238,2026-07-10,2026-07-11,2,71,11,12,124,121.47,10
70239,2026-07-16,2026-07-18,3,132,16,29,141,339.81,2
70240,2026-07-06,2026-07-12,1,1,5,2,176,39.7,6
70241,2026-07-08,2026-07-10,1,297,17,5,199,94.85,3
70242,2026-07-12,2026-07-15,1,394,11,31,156,486.81,2
70243,2026-07-28,2026-07-31,1,461,1,3,118,267.87,8
70244,2026-07-18,2026-07-21,3,146,11,39,23,140.0,8
70245,2026-07-08,2026-07-09,1,320,18,40,88,386.06,7
70246,2026-07-27,2026-07-30,1,164,9,44,45,336.44,7
70247,2026-07-06,2026-07-12,1,133,18,30,153,117.93,9
70248,2026-07-05,2026-07-07,3,259,11,34,47,465.78,2
70249,2026-07-18,2026-07-19,2,408,5,3,137,390.51,3
70250,2026-07-05,2026-07-06,3,423,1,35,84,222.06,5
70251,2026-07-26,2026-07-28,3,5,10,24,166,438.31,3
70252,2026-07-12,2026-07-15,3,222,12,36,146,187.71,3
70253,2026-07-31,2026-08-07,2,336,7,15,30,322.13,5
70254,2026-07-04,2026-07-10,3,478,11,8,132,46.7,7
70255,2026-07-04,2026-07-08,3,133,8,8,5,320.0,8
70256,2026-08-01,2026-08-05,1,241,20,49,50,192.22,2
70257,2026-07-29,2026-08-02,2,225,19,49,101,117.13,4
70258,2026-07-09,2026-07-11,1,191,17,11,23,433.9,10
70259,2026-07-18,2026-07-23,3,32,2,33,85,276.2,10
70260,2026-07-10,2026-07-16,1,169,16,37,47,88.76,6
70261,2026-07-09,2026-07-14,1,23,17,37,117,132.42,10
70262,2026-07-09,2026-07-13,1,195,1,27,196,41.12,6
70263,2026-07-08,2026-07-13,1,207,17,38,136,330.11,7
70264,2026-07-05,2026-07-06,2,408,16,38,37,228.69,2
70265,2026-07-27,2026-07-30,2,108,16,17,102,369.67,5
70266,2026-07-19,2026-07-23,3,481,13,39,181,305.84,10
70267,2026-07-13,2026-07-19,1,481,13,40,22,128.45,2
70268,2026-07-12,2026-07-17,2,88,14,49,73,78.67,2
70269,2026-07-03,2026-07-10,1,65,12,32,117,157.97,7
70270,2026-07-18,2026-07-23,1,365,8,16,90,410.52,10
70271,2026-07-08,2026-07-10,3,80,7,13,131,52.79,1
70272,2026-07-31,2026-08-02,2,183,12,26,170,475.83,5
70273,2026-07-24,2026-07-26,3,320,14,19,51,389.49,4
70274,2026-07-11,2026-07-12,2,177,15,29,188,471.86,4
70275,2026-07-13,2026-07-17,3,166,13,45,87,467.6,3
70276,2026-07-16,2026-07-19,1,60,9,29,122,407.66,10
70277,2026-07-20,2026-07-25,1,78,12,5,178,52.14,6
70278,2026-07-26,2026-07-30,2,49,10,25,18,395.45,7
70279,2026-07-31,2026-08-05,2,139,13,49,77,439.38,9
70280,2026-07-23,2026-07-28,1,234,5,39,64,420.86,9
70281,2026-07-05,2026-07-10,2,122,8,48,77,318.54,3
70282,2026-08-01,2026-08-03,3,257,17,15,39,213.32,2
70283,2026-07-03,2026-07-06,3,288,20,46,125,26.23,6
70284,2026-07-07,2026-07-13,3,138,8,25,56,204.09,8
70285,2026-07-26,2026-08-02,2,158,12,22,162,255.71,8
70286,2026-07-31,2026-08-04,2,12,18,7,167,428.66,8
70287,2026-07-16,2026-07-17,2,194,15,25,61,162.0,8
70288,2026-07-10,2026-07-13,1,415,1,45,44,479.09,8
70289,2026-08-02,2026-08-08,2,258,12,30,7,354.21,5
70290,2026-07-09,2026-07-14,3,2,20,7,52,461.83,10
70291,2026-07-09,2026-07-13,2,83,11,17,176,338.49,8
70292,2026-07-26,2026-07-27,1,215,11,13,169,219.1,3
70293,2026-07-29,2026-08-02,1,408,13,50,148,142.4,8
70294,2026-07-25,2026-08-01,1,344,15,9,89,445.09,6
70295,2026-07-21,2026-07-22,3,139,18,1,184,177.15,3
70296,2026-07-19,2026-07-25,1,178,16,6,15,38.54,10
70297,2026-07-10,2026-07-12,1,109,12,33,29,28.82,6
70298,2026-08-01,2026-08-04,2,162,7,13,65,299.94,10
70299,2026-07-25,2026-07-28,3,276,6,41,52,388.81,8
70300,2026-07-15,2026-07-17,3,86,7,50,119,491.3,1
70301,2026-07-28,2026-08-03,1,336,10,18,66,298.33,3
70302,2026-07-16,2026-07-20,2,401,7,36,55,45.15,7
70303,2026-07-28,2026-08-02,3,270,13,41,159,369.09,10
70304,2026-07-20,2026-07-23,3,363,18,32,167,261.75,8
70305,2026-07-30,2026-08-06,2,283,12,10,6,139.03,5
70306,2026-07-22,2026-07-24,2,407,10,22,174,8.06,4
70307,2026-07-05,2026-07-08,2,365,16,7,4,102.75,2
70308,2026-08-01,2026-08-04,1,486,18,30,92,444.26,7
70309,2026-08-01,2026-08-04,1,180,17,31,180,379.79,8
70310,2026-07-23,2026-07-29,1,429,2,16,79,162.88,10
70311,2026-07-29,2026-08-05,2,210,3,31,197,444.89,8
70312,2026-07-28,2026-07-31,3,224,1,17,105,473.57,10
70313,2026-08-02,2026-08-04,3,47,8,42,198,250.36,7
70314,2026-07-21,2026-07-28,2,478,17,27,50,62.6,5
70315,2026-07-19,2026-07-20,2,421,11,48,59,215.62,10
70316,2026-07-16,2026-07-18,1,299,6,34,132,243.35,1
70317,2026-07-29,2026-08-05,1,436,7,26,53,477.75,2
70318,2026-07-09,2026-07-14,3,23,5,10,148,450.5,5
70319,2026-07-28,2026-07-29,3,358,5,27,40,310.84,1
70320,2026-07-18,2026-07-24,3,462,3,44,135,45.65,3
70321,2026-07-27,2026-07-28,1,42,18,45,164,274.48,5
70322,2026-07-08,2026-07-10,3,494,13,47,106,205.17,8
70323,2026-07-14,2026-07-21,3,439,19,19,168,255.05,2
70324,2026-07-04,2026-07-07,2,343,9,12,178,41.75,6
70325,2026-07-31,2026-08-07,1,415,11,36,91,478.43,8
70326,2026-07-05,2026-07-07,3,489,14,6,31,308.06,3
70327,2026-07-04,2026-07-05,1,490,6,5,150,127.22,1
70328,2026-07-18,2026-07-21,3,177,9,25,33,355.57,1
70329,2026-07-26,2026-07-31,2,361,16,29,39,318.42,5
70330,2026-07-09,2026-07-12,2,388,18,45,152,351.01,6
70331,2026-07-03,2026-07-04,1,307,14,41,95,190.93,2
70332,2026-07-15,2026-07-17,2,109,3,32,194,323.84,9
70333,2026-07-16,2026-07-19,2,88,20,34,184,300.91,9
70334,2026-07-25,2026-07-30,2,205,10,15,144,256.91,7
70335,2026-07-14,2026-07-18,1,479,18,22,118,327.64,4
70336,2026-07-10,2026-07-17,3,200,14,11,39,29.31,10
70337,2026-07-20,2026-07-25,3,91,1,7,164,357.84,5
70338,2026-07-26,2026-07-31,1,457,14,42,53,330.01,2
70339,2026-07-30,2026-08-03,1,485,11,11,69,141.56,4
70340,2026-07-31,2026-08-05,3,153,17,36,4,180.62,9
70341,2026-07-14,2026-07-19,2,220,13,10,47,446.13,6
70342,2026-07-21,2026-07-24,2,393,15,46,146,290.08,7
70343,2026-07-31,2026-08-05,1,142,8,28,171,235.66,3
70344,2026-07-05,2026-07-06,2,192,18,6,44,269.01,4
70345,2026-07-03,2026-07-09,1,68,1,19,24,401.68,2
70346,2026-07-12,2026-07-16,2,395,1,14,40,477.64,9
70347,2026-07-30,2026-08-05,1,158,2,46,200,365.08,3
70348,2026-07-20,2026-07-25,2,20,19,24,173,390.8,6
70349,2026-07-26,2026-07-28,3,24,18,12,45,256.68,8
70350,2026-07-06,2026-07-13,1,303,3,22,1,93.73,5
70351,2026-07-26,2026-07-31,2,449,4,6,46,389.66,3
70352,2026-07-27,2026-08-01,3,231,5,50,3,228.4,9
70353,2026-07-08,2026-07-14,1,148,19,12,64,190.86,8
70354,2026-07-09,2026-07-11,1,321,16,26,133,194.36,4
70355,2026-07-27,2026-07-30,3,164,1,20,73,270.92,8
70356,2026-07-08,2026-07-10,1,435,14,49,199,233.73,4
70357,2026-07-22,2026-07-24,1,377,17,3,179,305.94,9
70358,2026-07-03,2026-07-07,1,441,16,35,77,445.65,7
70359,2026-07-22,2026-07-29,1,352,11,10,52,157.66,7
70360,2026-07-11,2026-07-18,2,402,10,8,94,368.21,4
70361,2026-07-27,2026-07-30,1,139,7,26,16,401.68,8
70362,2026-07-14,2026-07-21,2,147,7,22,33,485.2,9
70363,2026-07-20,2026-07-22,1,16,18,42,164,418.4,6
70364,2026-07-28,2026-07-29,3,337,7,17,198,313.09,5
70365,2026-07-12,2026-07-17,3,428,5,31,189,172.75,9
70366,2026-07-27,2026-08-01,2,154,3,17,26,54.42,9
70367,2026-07-10,2026-07-13,1,301,1,3,112,191.71,1
70368,2026-07-10,2026-07-15,3,372,17,10,196,328.44,9
70369,2026-07-28,2026-08-04,1,84,8,9,115,23.81,10
70370,2026-07-19,2026-07-24,2,113,14,37,91,69.01,3
70371,2026-07-06,2026-07-12,1,406,9,3,63,387.93,1
70372,2026-07-24,2026-07-31,2,281,1,21,76,148.32,2
70373,2026-07-19,2026-07-20,3,170,1,41,127,230.37,7
70374,2026-07-03,2026-07-04,2,321,3,15,61,322.27,4
70375,2026-07-07,2026-07-12,3,480,4,21,129,114.34,7
70376,2026-08-01,2026-08-05,3,117,15,31,190,192.39,3
70377,2026-07-26,2026-08-02,2,183,18,37,53,31.71,4
70378,2026-07-08,2026-07-14,3,392,4,23,193,107.38,9
70379,2026-07-14,2026-07-16,1,233,9,43,19,471.29,10
70380,2026-07-16,2026-07-18,3,280,12,40,35,361.81,3
70381,2026-07-26,2026-08-02,1,97,16,37,200,170.31,9
70382,2026-07-13,2026-07-19,3,456,19,4,158,341.6,4
70383,2026-07-20,2026-07-25,3,189,1,27,176,105.01,6
70384,2026-07-25,2026-08-01,2,233,17,36,190,297.39,6
70385,2026-07-30,2026-08-02,3,96,4,4,165,66.34,2
70386,2026-07-26,2026-08-01,3,24,15,12,165,342.58,10
70387,2026-07-17,2026-07-21,1,41,16,27,166,171.66,9
70388,2026-07-30,2026-08-06,2,339,12,46,171,357.38,3
70389,2026-07-29,2026-08-03,1,60,18,49,187,156.19,8
70390,2026-07-08,2026-07-11,1,34,5,21,176,105.81,10
70391,2026-08-02,2026-08-07,1,322,19,50,108,363.57,8
70392,2026-07-30,2026-08-04,1,114,17,23,56,310.27,1
70393,2026-07-19,2026-07-26,3,376,10,37,1,76.52,4
70394,2026-07-13,2026-07-20,2,193,1,2,111,262.77,1
70395,2026-07-25,2026-07-28,2,82,14,10,129,479.61,7
70396,2026-07-20,2026-07-24,3,422,16,17,48,178.67,8
70397,2026-07-18,2026-07-20,2,102,7,7,99,437.99,4
70398,2026-07-23,2026-07-28,1,294,4,16,150,298.85,4
70399,2026-07-14,2026-07-21,1,189,12,37,32,336.29,8
70400,2026-07-21,2026-07-28,1,170,17,9,92,387.14,1
70401,2026-07-20,2026-07-26,3,425,1,46,33,359.13,7
70402,2026-07-15,2026-07-18,2,282,4,40,189,483.67,10
70403,2026-07-22,2026-07-25,1,155,13,41,188,241.78,3
70404,2026-07-10,2026-07-12,1,122,8,12,146,104.43,6
70405,2026-07-10,2026-07-11,1,482,16,37,16,401.31,9
70406,2026-07-07,2026-07-13,3,35,2,32,111,201.29,5
70407,2026-07-25,2026-07-29,2,4,9,18,78,427.09,6
70408,2026-07-26,2026-07-30,3,348,2,18,185,230.21,7
70409,2026-07-15,2026-07-20,2,495,1,7,112,429.85,1
70410,2026-07-29,2026-08-05,3,64,15,37,100,305.41,6
70411,2026-07-07,2026-07-13,3,449,4,17,25,269.46,6
70412,2026-07-13,2026-07-16,2,59,6,27,103,151.33,9
70413,2026-07-26,2026-07-31,2,75,2,43,112,499.06,3
70414,2026-07-30,2026-08-02,1,33,16,5,47,206.45,1
70415,2026-07-19,2026-07-23,3,48,2,16,130,331.87,3
70416,2026-07-09,2026-07-13,3,402,7,7,141,48.14,6
70417,2026-07-16,2026-07-21,1,107,16,25,112,253.69,10
70418,2026-07-31,2026-08-04,3,314,13,3,100,64.75,1
70419,2026-07-09,2026-07-15,2,19,11,42,170,196.3,5
70420,2026-07-09,2026-07-15,3,90,16,3,94,142.1,8
70421,2026-07-24,2026-07-28,2,134,4,37,169,185.84,6
70422,2026-07-21,2026-07-26,3,15,20,9,194,66.54,10
70423,2026-07-31,2026-08-05,3,475,12,3,42,65.47,2
70424,2026-07-24,2026-07-27,2,407,14,6,108,327.04,2
70425,2026-07-14,2026-07-19,2,51,14,19,141,37.73,10
70426,2026-07-24,2026-07-26,3,442,13,16,163,58.15,8
70427,2026-07-22,2026-07-27,1,342,17,1,122,271.98,4
70428,2026-07-21,2026-07-22,1,211,14,47,119,347.89,9
70429,2026-07-21,2026-07-27,2,210,14,37,29,344.26,4
70430,2026-07-12,2026-07-16,2,243,1,29,25,300.67,8
70431,2026-07-04,2026-07-06,3,256,15,19,125,228.39,8
70432,2026-08-01,2026-08-08,3,65,1,27,158,59.75,7
70433,2026-07-20,2026-07-21,3,180,6,15,127,351.51,2
70434,2026-07-04,2026-07-09,2,36,16,22,131,414.74,7
70435,2026-07-24,2026-07-25,1,252,6,6,112,252.4,8
70436,2026-07-24,2026-07-26,1,344,6,13,68,428.77,4
70437,2026-07-17,2026-07-20,3,39,6,29,72,335.55,8
70438,2026-07-08,2026-07-10,2,331,9,41,35,108.29,5
70439,2026-07-21,2026-07-24,1,107,15,42,80,189.27,1
70440,2026-07-17,2026-07-23,1,388,5,14,50,411.94,7
70441,2026-07-26,2026-07-27,1,270,18,10,138,476.01,9
70442,2026-07-14,2026-07-15,2,438,1,47,129,499.36,3
70443,2026-07-11,2026-07-15,2,240,9,17,15,419.8,5
70444,2026-07-17,2026-07-21,3,43,12,37,105,122.84,8
70445,2026-07-21,2026-07-23,1,322,2,36,90,409.64,2
70446,2026-07-22,2026-07-26,3,282,17,48,179,377.49,3
70447,2026-07-08,2026-07-15,3,364,14,17,43,129.8,6
70448,2026-07-14,2026-07-18,3,189,7,10,84,320.28,1
70449,2026-07-26,2026-08-02,3,402,20,4,96,65.02,4
70450,2026-07-14,2026-07-20,1,472,9,18,164,180.81,2
70451,2026-07-09,2026-07-14,1,112,7,49,130,129.29,7
70452,2026-08-01,2026-08-04,3,175,14,49,157,490.0,2
70453,2026-07-29,2026-08-02,1,118,16,49,47,278.81,4
70454,2026-07-23,2026-07-26,3,335,3,40,132,66.93,8
70455,2026-07-11,2026-07-15,3,117,20,36,106,454.69,4
70456,2026-07-07,2026-07-09,3,86,2,2,43,27.38,7
70457,2026-07-17,2026-07-22,2,418,5,36,68,267.6,4
70458,2026-07-28,2026-07-29,1,133,3,12,29,344.51,8
70459,2026-07-27,2026-07-28,1,482,2,20,167,66.98,6
70460,2026-07-11,2026-07-14,3,96,13,3,73,398.3,6
70461,2026-07-13,2026-07-16,1,108,12,30,55,183.47,2
70462,2026-07-08,2026-07-12,1,173,9,32,180,329.58,2
70463,2026-07-31,2026-08-06,2,110,16,22,31,490.31,7
70464,2026-07-17,2026-07-20,3,219,10,39,101,305.32,8
70465,2026-07-23,2026-07-28,1,24,19,40,46,272.55,5
70466,2026-07-12,2026-07-19,1,34,9,16,111,439.08,6
70467,2026-07-05,2026-07-10,1,138,13,45,133,280.57,5
70468,2026-08-01,2026-08-03,2,123,9,42,184,8.29,9
70469,2026-07-23,2026-07-29,1,425,15,36,180,482.14,5
70470,2026-07-08,2026-07-15,1,191,2,11,17,256.48,6
70471,2026-07-14,2026-07-21,1,190,9,10,194,264.24,9
70472,2026-07-28,2026-08-01,2,232,7,24,86,241.68,4
70473,2026-07-07,2026-07-09,1,133,18,23,32,404.63,8
70474,2026-07-14,2026-07-21,1,374,15,43,157,386.61,2
70475,2026-07-10,2026-07-15,3,466,3,32,172,267.67,6
70476,2026-07-21,2026-07-27,2,16,4,23,97,223.62,9
70477,2026-07-13,2026-07-17,1,154,1,29,50,178.94,7
70478,2026-07-12,2026-07-16,1,285,19,4,196,193.15,6
70479,2026-07-30,2026-08-04,2,185,10,43,152,83.54,5
70480,2026-07-09,2026-07-14,1,321,16,9,132,48.68,7
70481,2026-07-06,2026-07-08,1,308,19,12,17,262.62,10
70482,2026-07-27,2026-07-30,3,441,3,21,28,328.86,1
70483,2026-07-08,2026-07-10,1,98,10,22,56,135.24,4
70484,2026-07-21,2026-07-26,1,391,8,45,125,429.38,6
70485,2026-07-28,2026-08-04,3,340,7,6,73,24.33,2
70486,2026-07-11,2026-07-12,2,216,17,14,38,251.36,1
70487,2026-07-10,2026-07-15,3,86,9,32,86,11.45,8
70488,2026-07-07,2026-07-14,3,54,4,44,135,113.73,5
70489,2026-07-04,2026-07-10,2,330,20,49,128,284.52,8
70490,2026-08-02,2026-08-07,3,213,20,11,177,313.37,9
70491,2026-07-21,2026-07-24,1,295,9,10,51,30.98,7
70492,2026-07-21,2026-07-27,2,113,9,21,48,63.19,7
70493,2026-07-25,2026-08-01,2,214,2,38,122,292.09,4
70494,2026-07-08,2026-07-13,2,382,10,33,55,159.71,5
70495,2026-07-10,2026-07-17,1,443,18,18,97,413.87,3
70496,2026-07-25,2026-08-01,2,393,11,6,182,203.81,9
70497,2026-07-30,2026-08-05,1,277,3,24,84,123.01,10
70498,2026-07-26,2026-08-02,3,496,14,28,190,87.29,4
70499,2026-07-26,2026-07-28,1,500,7,49,92,335.21,7
70500,2026-07-26,2026-07-31,1,443,19,16,78,425.85,9
70501,2026-07-12,2026-07-13,2,37,10,45,174,217.29,1
70502,2026-08-01,2026-08-03,3,358,19,21,200,80.27,3
70503,2026-07-28,2026-08-02,2,173,16,6,26,45.93,5
70504,2026-07-13,2026-07-18,3,224,9,48,108,284.97,7
70505,2026-07-15,2026-07-22,1,134,20,32,184,44.18,2
70506,2026-07-31,2026-08-05,3,169,12,34,141,476.36,8
70507,2026-08-02,2026-08-05,2,320,13,44,45,49.11,3
70508,2026-07-21,2026-07-27,2,176,9,24,49,284.59,9
70509,2026-07-19,2026-07-22,1,8,13,23,59,28.2,3
70510,2026-07-17,2026-07-21,2,358,17,37,58,258.03,3
70511,2026-07-25,2026-07-27,3,241,18,42,39,385.85,7
70512,2026-07-09,2026-07-14,2,68,4,30,2,106.94,4
70513,2026-07-25,2026-07-28,1,214,18,5,107,163.58,9
70514,2026-07-12,2026-07-17,3,424,1,40,20,159.61,5
70515,2026-07-21,2026-07-23,1,24,9,24,56,239.29,6
70516,2026-07-13,2026-07-19,3,409,13,11,103,464.55,8
70517,2026-07-28,2026-07-30,1,92,6,6,122,399.55,4
70518,2026-08-01,2026-08-02,3,420,7,3,162,407.41,8
70519,2026-07-07,2026-07-14,3,492,12,43,62,488.74,7
70520,2026-08-02,2026-08-08,2,39,7,23,184,168.61,5
70521,2026-07-17,2026-07-22,1,474,19,8,78,161.11,8
70522,2026-07-14,2026-07-18,3,278,9,5,85,256.07,9
70523,2026-07-10,2026-07-14,3,167,1,29,105,413.18,3
70524,2026-07-27,2026-07-28,2,439,9,12,183,59.25,7
70525,2026-07-28,2026-07-29,2,309,16,9,180,488.28,5
70526,2026-07-05,2026-07-11,2,402,20,16,33,9.14,8
70527,2026-07-04,2026-07-05,1,278,3,24,106,158.78,8
70528,2026-07-17,2026-07-20,3,332,17,39,185,210.96,7
70529,2026-07-27,2026-08-02,1,8,14,12,119,450.62,5
70530,2026-07-11,2026-07-15,1,116,5,13,80,168.16,6
70531,2026-07-14,2026-07-21,1,500,18,29,7,110.33,1
70532,2026-07-30,2026-08-01,3,135,8,46,156,177.79,8
70533,2026-07-19,2026-07-24,2,404,11,38,174,455.52,3
70534,2026-07-18,2026-07-25,3,299,15,33,200,100.49,3
70535,2026-07-16,2026-07-20,3,17,15,6,40,130.66,8
70536,2026-07-29,2026-08-01,3,363,9,5,88,357.26,4
70537,2026-07-18,2026-07-20,3,460,3,42,132,8.65,8
70538,2026-07-28,2026-07-31,1,307,17,19,53,72.64,1
70539,2026-07-15,2026-07-20,3,327,8,7,45,387.04,5
70540,2026-07-25,2026-07-28,3,128,3,14,60,90.08,1
70541,2026-08-02,2026-08-04,3,144,18,38,29,268.25,1
70542,2026-07-27,2026-07-31,2,323,9,11,158,213.16,6
70543,2026-07-18,2026-07-20,2,220,20,47,42,95.13,2
70544,2026-07-05,2026-07-10,3,268,6,30,78,144.17,10
70545,2026-07-17,2026-07-19,2,486,3,47,199,425.83,7
70546,2026-07-26,2026-07-31,3,109,10,19,101,189.82,7
70547,2026-07-16,2026-07-18,3,13,11,16,190,437.14,8
70548,2026-07-06,2026-07-08,3,397,3,29,86,394.04,8
70549,2026-07-06,2026-07-09,2,50,10,11,42,336.96,10
70550,2026-07-31,2026-08-01,2,309,6,10,47,87.52,10
70551,2026-07-13,2026-07-18,1,79,10,11,96,210.94,7
70552,2026-07-23,2026-07-25,1,259,18,23,103,357.5,9
70553,2026-07-25,2026-07-31,2,450,4,7,80,224.8,10
70554,2026-07-25,2026-07-26,1,357,5,49,101,451.8,1
70555,2026-07-27,2026-07-28,1,170,1,9,181,285.8,8
70556,2026-07-29,2026-08-05,2,92,19,23,121,75.79,3
70557,2026-07-03,2026-07-08,3,157,7,42,40,125.21,4
70558,2026-07-24,2026-07-31,2,311,6,17,22,303.49,4
70559,2026-07-17,2026-07-19,2,441,12,36,124,100.33,4
70560,2026-07-22,2026-07-25,3,319,17,37,16,297.11,7
70561,2026-07-03,2026-07-05,3,142,15,47,117,249.59,7
70562,2026-07-11,2026-07-14,3,229,18,6,11,318.01,10
70563,2026-07-17,2026-07-23,3,144,6,23,174,246.49,10
70564,2026-07-18,2026-07-19,3,81,1,36,90,395.2,5
70565,2026-07-15,2026-07-16,2,375,5,46,9,463.05,1
70566,2026-07-07,2026-07-10,3,459,10,4,133,179.22,3
70567,2026-07-30,2026-07-31,2,24,2,9,95,99.93,8
70568,2026-07-18,2026-07-24,3,194,8,8,165,389.4,10
70569,2026-07-11,2026-07-13,1,419,13,34,20,242.5,5
70570,2026-07-12,2026-07-13,2,131,5,6,127,366.64,4
70571,2026-07-28,2026-08-03,1,392,19,4,194,335.66,2
70572,2026-07-29,2026-07-31,1,110,6,13,82,18.7,6
70573,2026-07-15,2026-07-21,3,357,20,14,68,166.54,1
70574,2026-07-29,2026-07-31,2,478,2,24,146,66.44,10
70575,2026-07-21,2026-07-26,3,268,14,48,3,84.31,7
70576,2026-07-03,2026-07-09,1,63,10,2,78,332.57,3
70577,2026-07-07,2026-07-14,2,217,19,28,61,36.12,3
70578,2026-07-26,2026-07-30,3,495,12,47,52,471.72,1
70579,2026-07-19,2026-07-25,1,48,12,6,26,232.15,4
70580,2026-07-21,2026-07-26,3,51,16,33,127,345.62,1
70581,2026-07-24,2026-07-26,3,361,17,50,79,100.0,5
70582,2026-07-04,2026-07-06,3,354,13,44,61,139.07,1
70583,2026-07-26,2026-07-31,2,221,19,5,139,418.49,4
70584,2026-07-21,2026-07-28,2,482,18,16,16,458.47,3
70585,2026-07-12,2026-07-16,2,434,13,33,94,268.87,7
70586,2026-07-07,2026-07-09,3,332,4,11,77,293.12,6
70587,2026-07-17,2026-07-22,1,421,13,32,119,249.94,9
70588,2026-07-19,2026-07-24,3,57,12,19,167,91.28,5
70589,2026-07-27,2026-07-29,2,478,17,42,23,339.64,3
70590,2026-07-26,2026-08-02,3,283,16,46,44,448.02,2
70591,2026-07-17,2026-07-22,1,355,12,33,179,465.53,8
70592,2026-07-31,2026-08-05,2,31,11,37,159,458.53,7
70593,2026-07-11,2026-07-17,1,32,16,16,118,451.09,10
70594,2026-07-06,2026-07-12,2,212,18,18,118,225.57,5
70595,2026-08-02,2026-08-04,2,368,10,28,106,219.83,7
70596,2026-07-08,2026-07-11,2,125,15,31,70,471.9,2
70597,2026-08-02,2026-08-05,3,105,13,25,38,248.48,6
70598,2026-07-03,2026-07-10,2,440,12,21,154,141.06,1
70599,2026-07-22,2026-07-29,2,342,16,43,117,106.11,10
70600,2026-07-27,2026-07-30,2,54,20,31,155,270.76,7
70601,2026-07-24,2026-07-31,3,424,8,15,141,218.17,6
70602,2026-08-01,2026-08-02,1,489,12,41,194,444.95,7
70603,2026-07-25,2026-07-30,2,185,11,20,126,191.66,8
70604,2026-08-01,2026-08-05,2,208,7,1,58,184.41,10
70605,2026-07-27,2026-08-02,1,6,5,21,31,19.81,6
70606,2026-07-20,2026-07-24,1,212,18,19,41,84.44,7
70607,2026-07-27,2026-08-02,1,348,11,48,190,489.66,1
70608,2026-07-18,2026-07-19,3,61,7,45,110,281.85,10
70609,2026-07-15,2026-07-18,2,59,15,20,92,343.07,6
70610,2026-07-03,2026-07-06,1,368,14,39,168,475.67,9
70611,2026-07-14,2026-07-16,2,190,17,34,100,479.15,9
70612,2026-07-10,2026-07-15,2,88,3,27,65,207.69,10
70613,2026-08-02,2026-08-06,1,108,4,41,165,473.58,5
70614,2026-07-25,2026-07-26,2,134,2,36,80,355.87,5
70615,2026-07-18,2026-07-25,3,422,4,44,167,174.71,3
70616,2026-07-13,2026-07-19,3,396,13,43,88,100.85,10
70617,2026-07-06,2026-07-10,1,4,20,44,136,81.02,3
70618,2026-07-08,2026-07-11,3,399,9,45,109,69.66,5
70619,2026-07-20,2026-07-26,2,248,7,18,92,387.18,1
70620,2026-07-21,2026-07-24,1,382,16,33,113,212.06,5
70621,2026-07-05,2026-07-06,2,231,7,33,190,97.49,6
70622,2026-07-05,2026-07-07,1,394,16,24,169,329.51,3
70623,2026-07-14,2026-07-21,3,315,18,37,126,468.03,9
70624,2026-07-22,2026-07-23,3,397,4,3,168,357.56,3
70625,2026-07-23,2026-07-28,2,365,5,21,67,472.32,5
70626,2026-08-02,2026-08-04,3,224,6,48,196,127.18,5
70627,2026-07-06,2026-07-11,1,8,6,47,49,192.91,2
70628,2026-07-04,2026-07-08,3,235,12,39,120,37.97,9
70629,2026-08-01,2026-08-04,1,4,1,11,85,83.79,7
70630,2026-07-30,2026-08-06,1,298,15,36,180,91.22,10
70631,2026-07-21,2026-07-22,2,44,8,11,195,138.28,2
70632,2026-07-19,2026-07-21,3,228,4,49,84,321.78,2
70633,2026-07-20,2026-07-25,2,1,20,46,64,314.56,9
70634,2026-07-31,2026-08-05,1,173,6,15,84,459.27,6
70635,2026-07-05,2026-07-08,3,471,19,1,127,297.83,4
70636,2026-07-26,2026-07-30,3,83,17,3,83,278.23,7
70637,2026-07-16,2026-07-23,2,458,8,13,19,497.15,9
70638,2026-08-02,2026-08-06,2,32,11,38,53,426.28,7
70639,2026-07-20,2026-07-23,3,61,6,14,129,114.09,8
70640,2026-07-10,2026-07-17,3,126,19,4,195,111.14,6
70641,2026-07-21,2026-07-25,1,190,1,38,11,87.4,10
70642,2026-07-26,2026-08-02,2,406,12,48,7,344.9,2
70643,2026-07-09,2026-07-14,1,402,14,24,12,75.27,6
70644,2026-07-10,2026-07-16,2,68,14,35,77,10.61,8
70645,2026-08-01,2026-08-07,3,233,15,32,193,194.2,5
70646,2026-07-24,2026-07-25,3,296,16,44,117,209.79,10
70647,2026-07-10,2026-07-11,3,388,5,16,78,16.25,2
70648,2026-07-28,2026-08-04,2,135,8,19,47,78.33,7
70649,2026-07-19,2026-07-23,3,5,15,38,80,73.19,5
70650,2026-07-24,2026-07-29,1,211,5,49,150,483.1,5
70651,2026-07-15,2026-07-16,1,41,6,10,154,371.79,2
70652,2026-07-08,2026-07-12,2,23,16,36,28,318.35,4
70653,2026-07-27,2026-07-29,2,237,16,23,2,369.02,7
70654,2026-07-20,2026-07-22,1,14,19,18,158,32.14,3
70655,2026-07-20,2026-07-22,1,242,13,34,56,381.59,3
70656,2026-07-28,2026-08-03,1,156,4,3,191,246.26,5
70657,2026-07-21,2026-07-25,1,285,8,6,198,108.68,7
70658,2026-07-18,2026-07-25,1,154,14,2,24,324.02,10
70659,2026-07-27,2026-08-02,2,394,9,2,178,125.07,10
70660,2026-07-05,2026-07-10,1,330,16,2,166,47.87,2
70661,2026-07-20,2026-07-21,1,333,18,1,16,95.91,1
70662,2026-07-07,2026-07-11,3,25,10,11,3,175.1,6
70663,2026-07-27,2026-07-31,2,242,20,47,30,332.15,8
70664,2026-07-18,2026-07-24,3,262,11,44,158,211.4,6
70665,2026-08-02,2026-08-04,2,10,4,1,107,491.22,7
70666,2026-07-29,2026-08-03,2,459,6,8,183,273.57,1
70667,2026-08-02,2026-08-05,3,371,11,25,24,345.86,7
70668,2026-07-29,2026-07-31,1,93,6,47,26,414.01,4
70669,2026-07-29,2026-08-03,2,321,11,10,69,318.09,3
70670,2026-07-24,2026-07-30,1,433,15,45,50,41.59,4
70671,2026-07-06,2026-07-10,2,345,12,4,154,367.18,1
70672,2026-07-20,2026-07-21,3,34,3,28,44,221.14,6
70673,2026-07-17,2026-07-22,2,164,6,35,118,17.51,4
70674,2026-07-27,2026-08-02,3,374,1,14,196,376.73,9
70675,2026-07-28,2026-07-31,1,421,18,41,93,128.06,3
70676,2026-07-24,2026-07-31,3,193,18,48,28,490.3,3
70677,2026-08-01,2026-08-05,2,67,13,22,7,176.16,5
70678,2026-07-23,2026-07-29,2,193,6,48,14,290.19,1
70679,2026-07-14,2026-07-17,2,97,16,7,42,29.26,5
70680,2026-07-16,2026-07-20,3,185,9,7,96,94.63,2
70681,2026-07-05,2026-07-09,3,279,18,19,127,175.15,1
70682,2026-07-05,2026-07-08,2,127,2,40,169,359.26,3
70683,2026-08-01,2026-08-02,3,212,12,8,154,227.81,2
70684,2026-07-22,2026-07-28,1,472,6,14,13,258.61,10
70685,2026-07-17,2026-07-23,3,84,17,29,157,134.43,5
70686,2026-08-02,2026-08-07,3,31,7,49,72,164.06,9
70687,2026-07-20,2026-07-23,2,333,9,30,176,145.96,8
70688,2026-07-07,2026-07-11,3,162,7,4,168,169.58,3
70689,2026-07-09,2026-07-13,2,431,19,14,105,374.41,2
70690,2026-07-27,2026-07-30,3,325,11,14,187,53.95,9
70691,2026-07-06,2026-07-08,2,229,1,40,65,375.42,4
70692,2026-07-08,2026-07-11,2,90,14,27,173,45.05,10
70693,2026-07-28,2026-08-03,3,102,11,26,32,185.96,3
70694,2026-07-06,2026-07-10,1,143,6,35,39,361.27,9
70695,2026-07-16,2026-07-19,3,432,5,34,177,152.92,6
70696,2026-07-08,2026-07-11,2,160,14,31,87,289.1,8
70697,2026-08-01,2026-08-05,3,237,4,6,154,132.97,6
70698,2026-07-04,2026-07-10,3,322,9,21,179,63.67,4
70699,2026-07-29,2026-08-02,2,135,19,41,124,22.6,5
70700,2026-07-28,2026-07-30,1,190,12,22,142,399.79,1
70701,2026-07-10,2026-07-14,3,312,19,33,102,279.78,9
70702,2026-07-12,2026-07-19,3,196,13,12,22,247.85,5
70703,2026-07-17,2026-07-21,3,9,14,3,37,260.52,9
70704,2026-07-05,2026-07-11,3,471,19,32,95,427.22,2
70705,2026-07-17,2026-07-24,3,233,19,26,23,366.74,5
70706,2026-07-26,2026-08-02,3,494,15,47,60,384.84,5
70707,2026-07-11,2026-07-12,2,42,18,32,101,396.24,9
70708,2026-07-11,2026-07-12,2,301,17,26,154,16.02,2
70709,2026-07-12,2026-07-17,2,155,13,23,19,278.63,7
70710,2026-07-10,2026-07-17,1,15,3,46,38,315.82,5
70711,2026-07-15,2026-07-18,3,365,20,28,3,156.64,3
70712,2026-07-28,2026-07-31,2,393,9,25,46,293.1,9
70713,2026-07-15,2026-07-22,1,311,9,27,98,210.14,5
70714,2026-07-10,2026-07-11,1,364,20,15,119,390.56,9
70715,2026-07-17,2026-07-22,3,454,20,28,158,480.58,10
70716,2026-07-26,2026-07-27,2,133,6,12,190,203.12,9
70717,2026-07-08,2026-07-09,1,468,14,43,73,449.65,4
70718,2026-07-29,2026-08-05,1,343,8,19,44,277.89,9
70719,2026-07-10,2026-07-15,2,110,14,10,98,364.29,3
70720,2026-07-12,2026-07-18,2,259,4,49,29,423.6,5
70721,2026-07-19,2026-07-25,2,142,1,20,101,73.36,3
70722,2026-07-28,2026-08-04,1,153,9,20,64,231.84,2
70723,2026-07-11,2026-07-16,3,438,12,2,83,326.96,2
70724,2026-07-24,2026-07-30,3,151,2,39,92,296.16,4
70725,2026-07-30,2026-08-02,1,122,8,29,126,139.78,10
70726,2026-07-08,2026-07-11,3,342,5,2,74,162.88,9
70727,2026-07-21,2026-07-24,1,430,13,18,176,102.05,8
70728,2026-07-23,2026-07-24,3,425,13,20,195,77.71,8
70729,2026-07-20,2026-07-25,3,5,19,48,200,150.68,2
70730,2026-07-26,2026-08-02,1,316,13,33,198,150.22,8
70731,2026-07-07,2026-07-09,1,252,15,14,77,454.31,9
70732,2026-07-14,2026-07-18,3,170,13,5,59,488.26,1
70733,2026-07-24,2026-07-25,1,176,2,29,48,459.92,1
70734,2026-07-22,2026-07-24,1,327,18,44,183,56.3,8
70735,2026-07-18,2026-07-19,1,231,16,5,5,49.69,6
70736,2026-07-16,2026-07-20,1,347,11,31,180,291.68,1
70737,2026-07-31,2026-08-07,1,31,19,2,162,192.22,6
70738,2026-07-28,2026-07-29,1,354,15,14,136,475.76,1
70739,2026-08-01,2026-08-07,2,23,15,37,49,279.42,1
70740,2026-07-05,2026-07-08,2,226,14,7,92,128.75,4
70741,2026-07-28,2026-08-02,2,170,2,1,187,25.51,5
70742,2026-07-21,2026-07-24,2,88,12,48,88,246.54,3
70743,2026-07-16,2026-07-22,3,137,10,35,56,257.09,5
70744,2026-07-10,2026-07-17,2,254,8,40,105,17.98,5
70745,2026-07-06,2026-07-11,2,202,12,33,12,259.63,9
70746,2026-07-29,2026-08-05,1,188,20,20,180,245.35,3
70747,2026-07-11,2026-07-12,3,382,3,11,105,195.41,8
70748,2026-07-20,2026-07-25,1,327,10,18,154,124.75,8
70749,2026-07-21,2026-07-25,1,443,17,15,21,108.67,8
70750,2026-07-27,2026-07-30,3,403,19,26,107,95.42,3
70751,2026-07-19,2026-07-23,1,67,8,47,159,213.64,7
70752,2026-07-19,2026-07-20,1,453,6,23,46,239.15,8
70753,2026-07-07,2026-07-10,2,323,17,26,93,215.73,9
70754,2026-07-08,2026-07-15,2,200,4,48,148,327.95,1
70755,2026-07-24,2026-07-31,1,313,9,23,159,259.08,6
70756,2026-07-14,2026-07-20,3,50,10,32,138,96.59,9
70757,2026-07-19,2026-07-25,2,394,20,34,150,186.71,3
70758,2026-07-29,2026-08-01,3,188,5,25,87,47.64,10
70759,2026-07-22,2026-07-28,2,231,6,15,129,300.27,1
70760,2026-07-07,2026-07-08,2,24,3,19,178,26.18,9
70761,2026-07-23,2026-07-29,2,404,20,33,190,183.61,8
70762,2026-07-18,2026-07-20,1,105,4,46,185,473.37,1
70763,2026-07-10,2026-07-13,2,425,16,17,93,335.04,10
70764,2026-07-24,2026-07-31,3,259,5,47,148,358.95,4
70765,2026-07-28,2026-08-01,2,410,3,31,95,168.94,2
70766,2026-07-25,2026-07-28,3,410,7,24,53,327.78,7
70767,2026-07-09,2026-07-11,1,70,9,43,52,45.28,6
70768,2026-07-19,2026-07-22,2,433,8,30,165,339.75,7
70769,2026-07-25,2026-07-31,1,268,3,34,19,435.19,1
70770,2026-07-13,2026-07-19,1,455,18,8,109,342.05,1
70771,2026-07-09,2026-07-12,1,322,11,11,192,229.14,2
70772,2026-07-17,2026-07-24,1,499,11,12,80,15.74,4
70773,2026-07-15,2026-07-18,1,209,1,6,125,68.42,4
70774,2026-07-06,2026-07-12,3,448,5,32,8,156.77,1
70775,2026-07-25,2026-07-27,2,123,9,46,141,487.11,8
70776,2026-07-04,2026-07-08,3,276,3,43,59,163.38,5
70777,2026-07-23,2026-07-25,1,364,2,47,75,164.44,10
70778,2026-07-09,2026-07-11,2,486,15,19,104,255.95,8
70779,2026-08-01,2026-08-06,3,158,14,27,65,302.31,2
70780,2026-07-14,2026-07-17,1,493,11,8,76,390.99,9
70781,2026-07-11,2026-07-17,2,367,13,36,126,190.29,2
70782,2026-07-21,2026-07-27,1,488,5,11,146,174.14,7
70783,2026-07-20,2026-07-25,2,8,9,33,87,217.36,7
70784,2026-07-12,2026-07-15,2,185,20,8,79,73.39,2
70785,2026-07-18,2026-07-20,3,374,18,10,145,399.86,3
70786,2026-07-16,2026-07-19,3,76,15,23,187,450.95,9
70787,2026-07-23,2026-07-26,3,480,2,37,48,98.0,9
70788,2026-07-19,2026-07-22,3,282,4,44,117,175.19,10
70789,2026-07-18,2026-07-25,1,52,10,50,86,43.51,8
70790,2026-07-16,2026-07-17,2,227,19,16,46,15.59,7
70791,2026-08-01,2026-08-04,3,104,14,29,18,245.14,6
70792,2026-07-28,2026-08-03,1,417,10,33,189,59.89,7
70793,2026-07-14,2026-07-17,1,132,14,40,66,396.18,3
70794,2026-07-19,2026-07-26,2,71,16,32,80,357.75,2
70795,2026-08-02,2026-08-05,3,402,7,37,175,470.12,8
70796,2026-07-14,2026-07-18,1,269,14,32,110,30.74,5
70797,2026-07-10,2026-07-15,2,178,18,30,13,408.39,3
70798,2026-07-23,2026-07-30,3,448,4,32,126,232.2,2
70799,2026-07-26,2026-07-29,1,116,9,9,159,118.91,2
70800,2026-08-02,2026-08-03,2,5,5,43,55,462.26,1
70801,2026-07-31,2026-08-01,2,215,4,7,134,363.14,1
70802,2026-07-23,2026-07-26,3,246,16,36,17,140.61,10
70803,2026-07-12,2026-07-18,2,372,2,13,2,189.51,7
70804,2026-08-01,2026-08-07,3,67,15,34,188,9.77,7
70805,2026-07-04,2026-07-07,2,274,9,47,42,435.36,1
70806,2026-07-22,2026-07-25,3,369,13,1,4,126.39,9
70807,2026-07-05,2026-07-08,3,225,16,38,192,73.83,10
70808,2026-07-07,2026-07-11,2,105,2,5,179,274.4,2
70809,2026-07-24,2026-07-29,1,363,20,48,38,310.26,4
70810,2026-07-10,2026-07-14,3,265,3,35,157,462.61,5
70811,2026-07-06,2026-07-07,3,89,10,39,69,392.68,6
70812,2026-07-21,2026-07-26,3,95,18,49,118,149.41,7
70813,2026-07-23,2026-07-26,1,305,11,13,146,310.59,8
70814,2026-07-31,2026-08-02,3,263,14,15,189,173.68,9
70815,2026-07-10,2026-07-16,3,497,16,7,48,110.0,1
70816,2026-07-24,2026-07-29,2,416,13,16,69,472.7,1
70817,2026-07-15,2026-07-20,3,468,7,50,137,83.83,6
70818,2026-07-11,2026-07-16,1,485,1,20,144,374.58,9
70819,2026-07-07,2026-07-08,1,105,20,27,89,478.37,2
70820,2026-07-14,2026-07-21,2,17,5,28,9,457.18,6
70821,2026-07-13,2026-07-15,2,455,12,49,177,315.33,8
70822,2026-07-22,2026-07-27,2,281,18,26,192,412.61,8
70823,2026-07-27,2026-08-01,1,38,4,3,126,417.74,4
70824,2026-07-15,2026-07-21,1,254,1,40,58,155.69,8
70825,2026-07-10,2026-07-12,1,282,8,46,166,194.02,10
70826,2026-07-14,2026-07-18,3,292,17,19,131,279.43,7
70827,2026-07-05,2026-07-07,3,193,5,13,20,490.61,2
70828,2026-07-11,2026-07-16,1,242,20,6,4,366.85,3
70829,2026-07-09,2026-07-11,2,159,20,39,95,245.49,10
70830,2026-07-08,2026-07-15,3,315,3,27,45,137.57,5
70831,2026-07-06,2026-07-12,2,313,2,26,85,224.6,9
70832,2026-07-26,2026-07-30,1,400,4,22,184,215.04,5
70833,2026-07-26,2026-07-29,1,370,10,3,72,207.73,10
70834,2026-07-19,2026-07-26,1,473,4,38,3,54.12,4
70835,2026-07-15,2026-07-22,3,68,11,6,195,36.18,8
70836,2026-07-12,2026-07-13,3,59,16,30,142,480.87,4
70837,2026-07-14,2026-07-21,3,497,8,38,32,94.24,4
70838,2026-07-29,2026-08-03,2,223,18,17,122,241.43,9
70839,2026-07-15,2026-07-17,2,289,10,29,82,491.78,2
70840,2026-07-22,2026-07-28,2,297,2,3,136,387.7,7
70841,2026-07-19,2026-07-24,1,86,5,47,44,122.49,7
70842,2026-07-23,2026-07-27,2,462,15,32,102,274.6,5
70843,2026-07-30,2026-08-03,3,225,11,5,30,107.58,1
70844,2026-07-17,2026-07-24,1,486,5,46,175,324.72,9
70845,2026-07-17,2026-07-20,2,250,9,9,75,79.2,8
70846,2026-07-29,2026-08-02,3,461,17,32,92,23.31,1
70847,2026-07-16,2026-07-22,1,43,16,35,145,266.4,6
70848,2026-07-05,2026-07-07,3,204,5,22,71,338.96,3
70849,2026-07-03,2026-07-10,3,300,7,29,165,392.13,4
70850,2026-07-31,2026-08-07,2,278,7,9,138,395.73,1
70851,2026-07-24,2026-07-25,3,91,15,34,135,312.06,2
70852,2026-07-13,2026-07-16,2,487,19,47,21,255.58,6
70853,2026-07-27,2026-07-28,1,453,11,20,35,332.4,8
70854,2026-07-08,2026-07-15,2,343,12,18,82,39.01,1
70855,2026-07-24,2026-07-26,2,497,19,34,34,438.44,10
70856,2026-07-24,2026-07-30,3,59,2,27,76,384.09,3
70857,2026-07-29,2026-08-05,1,238,7,34,169,255.07,3
70858,2026-07-27,2026-08-03,3,495,18,25,176,124.35,6
70859,2026-07-04,2026-07-06,1,89,6,15,174,185.88,9
70860,2026-07-24,2026-07-27,2,175,7,18,99,227.21,6
70861,2026-07-30,2026-08-02,1,493,15,3,195,322.35,4
70862,2026-07-07,2026-07-10,2,367,12,25,144,463.49,3
70863,2026-07-31,2026-08-01,3,83,1,24,11,146.72,9
70864,2026-07-24,2026-07-27,3,310,18,41,97,215.77,10
70865,2026-07-24,2026-07-26,1,28,4,14,44,447.71,6
70866,2026-07-18,2026-07-20,3,93,20,44,182,316.05,5
70867,2026-07-03,2026-07-10,1,271,11,45,153,408.62,4
70868,2026-07-18,2026-07-25,2,141,13,18,71,439.47,10
70869,2026-07-20,2026-07-21,1,150,10,8,169,357.77,5
70870,2026-07-09,2026-07-16,3,269,5,11,5,341.16,8
70871,2026-07-03,2026-07-04,1,55,3,1,100,428.0,2
70872,2026-08-01,2026-08-07,1,372,4,49,62,412.51,8
70873,2026-07-26,2026-08-02,2,138,11,8,156,136.14,9
70874,2026-07-24,2026-07-30,2,493,12,6,75,25.34,10
70875,2026-07-08,2026-07-10,1,330,3,8,164,488.27,7
70876,2026-07-03,2026-07-07,1,185,15,15,17,268.61,6
70877,2026-07-11,2026-07-16,1,102,4,7,16,495.5,10
70878,2026-07-23,2026-07-27,1,331,16,11,116,122.62,3
70879,2026-07-18,2026-07-25,1,141,14,34,92,209.71,6
70880,2026-07-20,2026-07-24,3,180,15,15,61,96.81,6
70881,2026-07-07,2026-07-14,1,459,2,17,131,387.73,10
70882,2026-07-21,2026-07-28,2,449,11,47,135,397.92,9
70883,2026-07-18,2026-07-19,1,378,18,33,171,169.35,4
70884,2026-07-20,2026-07-25,1,42,2,21,27,308.79,4
70885,2026-07-10,2026-07-11,2,169,19,36,142,238.6,4
70886,2026-07-11,2026-07-17,1,388,19,12,127,456.74,9
70887,2026-07-17,2026-07-20,2,409,2,44,81,351.03,8
70888,2026-07-16,2026-07-17,3,399,18,22,54,273.37,10
70889,2026-07-11,2026-07-15,1,142,18,29,51,460.23,5
70890,2026-07-05,2026-07-12,3,40,5,25,91,10.77,4
70891,2026-07-24,2026-07-29,2,6,4,4,18,213.27,8
70892,2026-07-24,2026-07-27,1,328,13,7,85,124.03,10
70893,2026-08-01,2026-08-06,1,336,8,42,94,155.79,10
70894,2026-07-23,2026-07-26,2,191,18,42,122,233.62,2
70895,2026-07-31,2026-08-06,3,395,8,46,158,353.27,5
70896,2026-07-05,2026-07-08,1,389,10,38,99,359.47,8
70897,2026-07-27,2026-07-30,1,302,15,6,162,334.87,1
70898,2026-07-27,2026-07-29,2,173,11,42,167,164.42,4
70899,2026-07-06,2026-07-12,3,93,14,49,134,135.39,7
70900,2026-07-10,2026-07-14,1,247,6,27,73,312.94,4
70901,2026-07-26,2026-07-30,1,346,16,26,15,287.53,2
70902,2026-07-28,2026-08-02,1,426,9,43,24,6.66,8
70903,2026-07-25,2026-07-27,3,28,19,36,78,338.5,5
70904,2026-07-19,2026-07-25,3,374,7,26,170,334.86,2
70905,2026-07-26,2026-08-02,2,35,8,7,60,94.07,2
70906,2026-07-31,2026-08-06,1,348,10,19,144,408.96,3
70907,2026-07-29,2026-08-04,3,328,2,41,186,351.13,10
70908,2026-07-04,2026-07-05,3,213,16,7,139,310.44,4
70909,2026-07-08,2026-07-10,3,351,3,41,6,285.74,9
70910,2026-07-13,2026-07-19,1,473,18,5,126,288.49,6
70911,2026-08-02,2026-08-03,2,58,1,19,129,169.39,5
70912,2026-07-19,2026-07-21,2,6,2,49,178,107.71,10
70913,2026-07-24,2026-07-28,2,61,5,16,160,349.3,10
70914,2026-07-04,2026-07-05,2,425,9,12,107,127.7,4
70915,2026-07-18,2026-07-21,2,300,18,37,181,445.9,7
70916,2026-07-19,2026-07-21,2,76,2,15,67,473.36,7
70917,2026-07-26,2026-07-30,3,473,8,41,197,15.66,8
70918,2026-07-25,2026-07-26,2,197,4,25,145,276.49,6
70919,2026-07-29,2026-08-03,1,97,3,20,76,164.6,1
70920,2026-07-09,2026-07-14,1,291,8,15,168,302.71,3
70921,2026-07-15,2026-07-16,3,342,9,14,177,205.12,4
70922,2026-07-09,2026-07-11,3,5,5,44,191,205.28,3
70923,2026-07-15,2026-07-17,2,297,11,18,199,436.01,1
70924,2026-07-28,2026-08-02,3,293,11,33,196,170.84,7
70925,2026-07-12,2026-07-14,1,441,14,44,163,468.86,2
70926,2026-07-27,2026-07-31,2,355,19,3,70,258.06,10
70927,2026-07-22,2026-07-26,1,253,2,38,46,155.57,4
70928,2026-07-14,2026-07-17,3,195,6,41,166,13.37,3
70929,2026-07-21,2026-07-25,2,226,20,49,196,269.81,3
70930,2026-07-10,2026-07-14,2,15,18,36,138,347.91,5
70931,2026-07-04,2026-07-06,1,436,16,46,88,371.33,5
70932,2026-07-26,2026-07-29,2,204,19,39,188,359.95,1
70933,2026-07-16,2026-07-23,1,265,18,39,130,315.89,6
70934,2026-07-25,2026-07-28,1,466,12,44,29,345.15,8
70935,2026-07-16,2026-07-23,2,133,9,23,11,41.12,10
70936,2026-07-11,2026-07-18,3,309,17,46,158,348.53,1
70937,2026-07-24,2026-07-31,2,221,14,50,119,235.16,1
70938,2026-07-25,2026-08-01,3,311,6,4,68,45.1,9
70939,2026-07-07,2026-07-09,1,48,4,28,177,198.02,1
70940,2026-07-14,2026-07-18,3,288,15,7,72,166.31,2
70941,2026-07-17,2026-07-22,1,47,10,38,176,134.67,6
70942,2026-07-03,2026-07-06,3,46,6,35,130,187.15,10
70943,2026-07-13,2026-07-20,3,216,16,35,88,483.16,2
70944,2026-07-12,2026-07-19,2,473,18,28,48,348.61,3
70945,2026-07-17,2026-07-21,3,248,6,1,57,275.92,9
70946,2026-07-10,2026-07-11,1,354,4,27,17,489.88,3
70947,2026-07-10,2026-07-11,3,470,18,42,91,215.85,10
70948,2026-07-10,2026-07-11,1,418,12,30,72,342.26,1
70949,2026-07-30,2026-07-31,2,128,11,5,20,72.0,5
70950,2026-07-28,2026-08-04,3,413,12,27,7,458.63,2
70951,2026-07-11,2026-07-15,1,300,10,6,84,142.48,9
70952,2026-08-02,2026-08-03,3,271,10,24,49,160.51,3
70953,2026-07-30,2026-08-02,3,315,8,19,138,66.85,8
70954,2026-07-17,2026-07-18,3,8,8,21,163,363.8,4
70955,2026-07-16,2026-07-19,2,19,4,44,141,375.42,10
70956,2026-07-25,2026-07-31,3,420,6,2,13,342.87,5
70957,2026-07-17,2026-07-20,2,482,9,40,63,306.24,6
70958,2026-07-29,2026-08-05,3,206,7,40,55,163.92,8
70959,2026-07-17,2026-07-23,3,392,10,4,172,486.67,4
70960,2026-07-26,2026-07-30,1,244,16,49,55,317.81,5
70961,2026-07-06,2026-07-08,1,163,18,46,137,238.24,8
70962,2026-07-11,2026-07-13,2,196,3,22,172,490.85,3
70963,2026-07-12,2026-07-19,2,391,6,10,93,435.38,3
70964,2026-07-09,2026-07-11,2,295,16,49,122,422.45,2
70965,2026-07-10,2026-07-17,3,200,15,21,71,70.95,6
70966,2026-07-07,2026-07-13,2,175,15,24,175,446.18,7
70967,2026-07-12,2026-07-15,2,220,3,43,12,287.07,7
70968,2026-07-06,2026-07-12,2,337,5,17,167,379.3,4
70969,2026-07-23,2026-07-30,2,22,2,11,100,73.9,9
70970,2026-07-27,2026-07-28,2,374,19,42,94,439.08,1
70971,2026-07-26,2026-07-27,1,444,15,49,91,106.05,7
70972,2026-07-17,2026-07-20,2,462,6,46,68,143.89,3
70973,2026-07-20,2026-07-21,3,306,7,44,10,267.17,2
70974,2026-07-07,2026-07-08,2,240,10,35,141,289.58,3
70975,2026-07-10,2026-07-11,2,145,19,29,105,394.05,4
70976,2026-07-21,2026-07-26,1,470,15,9,174,330.21,2
70977,2026-08-01,2026-08-08,3,316,12,45,93,37.68,5
70978,2026-07-03,2026-07-06,1,180,20,32,188,354.6,6
70979,2026-07-08,2026-07-09,2,340,16,47,130,79.02,5
70980,2026-07-11,2026-07-12,3,180,4,46,187,360.77,10
70981,2026-07-20,2026-07-24,1,82,18,15,150,451.08,2
70982,2026-07-10,2026-07-17,2,291,13,9,36,12.16,7
70983,2026-07-18,2026-07-22,3,12,9,46,177,369.23,7
70984,2026-07-03,2026-07-04,3,143,6,17,14,238.34,2
70985,2026-07-04,2026-07-10,2,375,16,47,195,283.11,1
70986,2026-07-22,2026-07-23,1,89,3,15,136,349.12,1
70987,2026-07-28,2026-08-03,1,202,15,1,180,390.14,3
70988,2026-07-31,2026-08-04,2,396,4,27,104,303.52,2
70989,2026-07-15,2026-07-16,3,327,3,22,98,423.86,6
70990,2026-07-27,2026-08-01,3,372,5,28,76,235.75,9
70991,2026-07-27,2026-08-02,2,16,6,12,90,398.51,1
70992,2026-07-03,2026-07-08,1,194,6,18,168,303.2,5
70993,2026-07-05,2026-07-09,2,193,3,7,120,132.85,6
70994,2026-07-30,2026-08-02,3,369,12,3,129,65.8,6
70995,2026-07-19,2026-07-25,3,230,18,40,83,359.33,9
70996,2026-07-18,2026-07-20,3,280,5,35,24,305.52,3
70997,2026-07-14,2026-07-19,2,92,3,37,197,360.35,3
70998,2026-07-11,2026-07-12,1,143,14,35,35,475.0,5
70999,2026-07-12,2026-07-15,1,496,18,46,141,478.48,6
71000,2026-07-08,2026-07-12,1,341,18,5,63,405.17,2
71001,2026-07-28,2026-07-31,2,89,1,11,65,282.77,8
71002,2026-07-27,2026-07-29,3,11,9,33,21,9.2,7
71003,2026-07-08,2026-07-09,3,1,12,20,163,332.63,10
71004,2026-07-27,2026-08-03,1,32,13,1,130,498.06,1
71005,2026-07-10,2026-07-14,3,29,11,43,137,452.38,2
71006,2026-07-23,2026-07-28,3,286,7,10,125,340.93,6
71007,2026-07-22,2026-07-27,2,167,7,28,32,324.78,9
71008,2026-07-21,2026-07-23,2,384,1,36,130,9.08,7
71009,2026-07-28,2026-08-04,1,393,16,39,103,224.17,10
71010,2026-07-04,2026-07-07,1,256,7,11,26,59.5,6
71011,2026-07-06,2026-07-11,3,278,20,10,27,319.34,7
71012,2026-08-01,2026-08-02,2,349,16,12,81,453.18,8
71013,2026-07-04,2026-07-09,1,461,16,1,149,330.02,1
71014,2026-07-30,2026-07-31,1,14,11,2,175,201.18,5
71015,2026-07-27,2026-07-28,1,221,2,43,26,156.2,1
71016,2026-07-15,2026-07-16,3,267,14,40,14,319.24,8
71017,2026-07-04,2026-07-08,3,36,5,49,181,248.48,2
71018,2026-07-26,2026-07-28,2,303,6,41,197,333.86,9
71019,2026-07-07,2026-07-13,3,278,3,26,103,271.42,4
71020,2026-08-02,2026-08-04,3,61,11,32,124,254.87,10
71021,2026-07-31,2026-08-06,2,206,18,45,161,17.1,1
71022,2026-07-10,2026-07-17,2,204,2,23,132,259.11,3
71023,2026-08-02,2026-08-07,3,477,8,4,55,387.3,4
71024,2026-07-14,2026-07-21,1,54,20,23,128,386.25,8
71025,2026-07-04,2026-07-11,3,440,1,19,96,193.78,1
71026,2026-07-03,2026-07-04,1,295,19,16,47,202.38,8
71027,2026-07-24,2026-07-29,1,128,5,23,10,52.37,4
71028,2026-07-11,2026-07-13,1,79,13,4,166,436.89,1
71029,2026-07-08,2026-07-11,2,30,14,10,130,57.79,6
71030,2026-07-29,2026-07-31,2,60,4,43,156,292.7,4
71031,2026-07-23,2026-07-29,1,101,19,41,2,439.29,6
71032,2026-07-30,2026-08-06,3,162,17,4,153,252.9,1
71033,2026-07-07,2026-07-13,2,179,18,39,17,389.77,7
71034,2026-07-19,2026-07-22,1,370,3,31,37,288.63,10
71035,2026-07-08,2026-07-09,1,408,2,40,13,472.16,3
71036,2026-07-09,2026-07-12,3,467,15,39,78,351.24,10
71037,2026-08-01,2026-08-05,1,396,7,21,195,344.85,3
71038,2026-07-24,2026-07-31,1,93,1,39,156,306.6,2
71039,2026-07-30,2026-08-02,2,383,6,7,119,400.59,2
71040,2026-07-08,2026-07-10,1,48,14,29,72,171.6,4
71041,2026-07-06,2026-07-08,2,241,3,44,95,6.01,6
71042,2026-07-05,2026-07-07,1,131,1,49,33,158.54,1
71043,2026-07-03,2026-07-09,1,39,16,21,146,51.67,5
71044,2026-07-18,2026-07-23,2,11,10,36,151,484.92,8
71045,2026-07-29,2026-08-01,2,44,6,29,77,177.2,2
71046,2026-07-11,2026-07-15,3,201,4,28,164,40.57,1
71047,2026-07-19,2026-07-25,1,67,1,29,120,372.67,3
71048,2026-08-02,2026-08-04,2,448,4,24,126,402.58,7
71049,2026-07-22,2026-07-24,3,431,5,3,51,199.34,4
71050,2026-07-23,2026-07-26,2,465,17,4,99,236.66,1
71051,2026-07-26,2026-07-27,1,499,14,41,8,16.75,2
71052,2026-07-18,2026-07-19,1,97,3,31,50,455.66,6
71053,2026-07-16,2026-07-23,3,28,20,47,122,393.39,4
71054,2026-07-12,2026-07-13,2,49,8,43,140,219.99,9
71055,2026-07-16,2026-07-21,3,456,2,21,139,40.74,8
71056,2026-07-29,2026-08-01,2,418,10,36,179,283.13,2
71057,2026-07-20,2026-07-22,3,267,4,6,54,431.91,6
71058,2026-07-10,2026-07-12,1,374,9,18,192,170.73,9
71059,2026-07-16,2026-07-22,2,89,7,15,192,458.56,6
71060,2026-07-03,2026-07-04,2,352,7,44,108,272.98,5
71061,2026-07-17,2026-07-20,3,235,7,41,64,56.86,9
71062,2026-07-30,2026-07-31,1,272,15,26,169,344.32,2
71063,2026-07-15,2026-07-18,3,98,3,45,100,333.97,4
71064,2026-07-27,2026-07-31,3,203,7,41,27,195.97,4
71065,2026-07-21,2026-07-22,1,452,8,39,74,66.77,1
71066,2026-07-31,2026-08-01,3,168,6,12,131,106.77,6
71067,2026-08-01,2026-08-04,1,236,15,34,110,277.95,2
71068,2026-07-20,2026-07-25,1,340,7,36,65,156.75,5
71069,2026-07-21,2026-07-25,1,225,8,27,87,267.93,5
71070,2026-07-04,2026-07-06,3,482,18,23,65,213.56,2
71071,2026-07-23,2026-07-29,1,236,10,27,1,312.75,10
71072,2026-07-15,2026-07-17,2,498,13,26,188,415.78,9
71073,2026-07-13,2026-07-18,2,358,13,48,22,157.11,7
71074,2026-07-23,2026-07-29,3,496,3,9,106,320.46,7
71075,2026-07-17,2026-07-21,1,193,1,48,51,209.39,8
71076,2026-07-09,2026-07-10,1,405,14,29,197,270.78,1
71077,2026-07-09,2026-07-11,3,185,16,9,186,65.65,9
71078,2026-07-25,2026-07-31,2,386,9,1,141,10.3,10
71079,2026-07-25,2026-07-31,1,272,10,46,180,442.34,3
71080,2026-07-13,2026-07-15,3,30,17,46,77,152.26,9
71081,2026-07-03,2026-07-10,3,246,1,15,180,386.63,2
71082,2026-07-07,2026-07-10,3,497,10,10,4,355.69,3
71083,2026-07-14,2026-07-20,2,419,7,39,183,366.17,9
71084,2026-07-04,2026-07-05,3,397,1,16,156,384.08,4
71085,2026-07-16,2026-07-23,1,374,9,46,167,77.89,6
71086,2026-07-23,2026-07-29,2,130,14,33,197,55.24,9
71087,2026-07-28,2026-07-29,2,233,14,26,42,34.49,7
71088,2026-07-23,2026-07-30,3,304,6,34,13,349.89,3
71089,2026-07-30,2026-08-05,2,115,6,10,188,42.86,5
71090,2026-07-31,2026-08-01,1,495,17,14,168,377.17,2
71091,2026-07-12,2026-07-18,2,324,18,45,116,350.45,1
71092,2026-07-17,2026-07-19,3,240,18,23,48,23.71,8
71093,2026-07-13,2026-07-17,2,238,8,4,181,315.24,2
71094,2026-08-01,2026-08-06,3,310,10,44,62,294.92,4
71095,2026-07-16,2026-07-20,1,93,6,10,122,460.89,2
71096,2026-08-02,2026-08-07,3,238,2,10,94,443.22,2
71097,2026-08-02,2026-08-05,2,49,19,22,160,128.38,5
71098,2026-07-11,2026-07-12,3,174,8,35,61,306.93,10
71099,2026-07-09,2026-07-11,3,144,9,34,13,176.83,6
71100,2026-07-15,2026-07-21,2,46,13,10,138,84.35,6
71101,2026-07-14,2026-07-19,1,61,17,36,188,369.99,10
71102,2026-07-22,2026-07-25,1,28,20,1,166,393.07,9
71103,2026-07-08,2026-07-15,3,438,5,6,108,11.45,7
71104,2026-07-14,2026-07-16,1,478,9,25,158,389.77,5
71105,2026-07-13,2026-07-18,3,328,17,43,139,344.21,1
71106,2026-07-18,2026-07-21,2,222,12,30,102,133.0,2
71107,2026-07-19,2026-07-22,3,200,4,37,106,401.14,10
71108,2026-07-29,2026-08-05,2,87,19,24,187,193.17,8
71109,2026-07-17,2026-07-23,1,118,10,32,61,499.97,8
71110,2026-07-03,2026-07-10,1,361,18,26,116,176.79,6
71111,2026-07-17,2026-07-20,3,455,14,36,61,447.54,9
71112,2026-07-23,2026-07-25,2,345,10,39,54,130.1,5
71113,2026-07-26,2026-07-27,2,286,2,18,60,350.71,10
71114,2026-07-27,2026-07-30,2,446,16,43,47,50.21,3
71115,2026-07-28,2026-08-04,2,490,11,25,155,458.66,3
71116,2026-07-11,2026-07-15,3,194,14,9,109,303.64,5
71117,2026-07-15,2026-07-20,3,154,20,47,55,122.74,7
71118,2026-07-15,2026-07-20,2,276,19,28,47,364.88,5
71119,2026-07-23,2026-07-25,1,172,4,30,83,184.95,2
71120,2026-07-31,2026-08-05,1,336,10,22,131,98.82,9
71121,2026-07-21,2026-07-22,3,199,16,33,127,367.01,4
71122,2026-07-04,2026-07-09,2,36,17,42,136,323.6,2
71123,2026-08-02,2026-08-05,3,76,17,24,127,78.95,6
71124,2026-07-31,2026-08-02,1,203,5,7,120,255.3,1
71125,2026-07-25,2026-08-01,2,18,8,37,10,15.78,8
71126,2026-07-12,2026-07-19,2,37,2,46,161,146.3,7
71127,2026-07-18,2026-07-22,1,495,16,46,138,177.73,4
71128,2026-07-09,2026-07-15,2,388,3,32,112,403.4,1
71129,2026-07-15,2026-07-17,2,202,13,43,58,52.25,6
71130,2026-07-12,2026-07-15,1,342,18,6,185,235.55,2
71131,2026-07-13,2026-07-15,2,483,2,21,49,369.67,6
71132,2026-08-01,2026-08-05,3,75,9,17,70,442.56,1
71133,2026-07-24,2026-07-27,2,95,12,22,32,219.99,7
71134,2026-07-13,2026-07-19,1,59,11,25,24,20.58,4
71135,2026-08-02,2026-08-04,1,239,14,13,47,71.21,2
71136,2026-07-13,2026-07-19,1,299,4,18,31,434.35,7
71137,2026-08-01,2026-08-03,2,204,20,48,87,160.99,10
71138,2026-07-22,2026-07-28,2,54,16,38,155,47.07,3
71139,2026-07-25,2026-08-01,3,205,10,49,178,299.26,1
71140,2026-07-13,2026-07-20,2,466,8,30,179,434.01,6
71141,2026-07-20,2026-07-24,1,226,7,2,25,416.89,3
71142,2026-07-21,2026-07-27,3,390,8,43,17,360.93,8
71143,2026-07-12,2026-07-16,3,250,6,10,62,238.91,3
71144,2026-07-23,2026-07-25,2,84,15,29,34,323.83,10
71145,2026-07-16,2026-07-20,2,92,17,29,114,200.39,3
71146,2026-07-04,2026-07-05,2,412,14,35,193,107.01,3
71147,2026-07-11,2026-07-16,2,474,19,23,146,277.06,1
71148,2026-07-21,2026-07-25,3,128,10,32,104,153.93,10
71149,2026-07-17,2026-07-18,1,343,15,3,6,423.09,3
71150,2026-07-28,2026-08-03,3,356,11,39,199,225.41,3
71151,2026-07-04,2026-07-09,2,345,3,2,132,480.25,7
71152,2026-07-08,2026-07-14,3,139,14,48,117,193.16,4
71153,2026-07-21,2026-07-23,3,17,15,31,35,370.71,8
71154,2026-07-22,2026-07-25,2,96,13,26,190,87.61,6
71155,2026-07-15,2026-07-18,3,379,14,14,20,495.54,10
71156,2026-07-29,2026-08-03,2,119,15,29,193,355.9,2
71157,2026-07-12,2026-07-14,2,108,14,35,193,402.61,6
71158,2026-07-23,2026-07-25,1,380,9,32,39,491.13,3
71159,2026-07-27,2026-07-28,2,306,12,21,90,115.73,5
71160,2026-07-12,2026-07-15,2,85,8,31,27,53.9,8
71161,2026-07-10,2026-07-11,3,183,11,48,191,382.97,5
71162,2026-07-12,2026-07-16,1,96,10,8,105,256.68,8
71163,2026-07-29,2026-08-05,3,259,11,10,188,117.08,6
71164,2026-08-02,2026-08-08,2,413,12,35,50,99.24,6
71165,2026-07-08,2026-07-13,1,488,14,20,131,105.72,1
71166,2026-07-06,2026-07-08,3,333,2,22,173,411.73,7
71167,2026-07-26,2026-07-29,2,416,13,1,176,90.01,8
71168,2026-07-29,2026-08-04,1,127,7,35,53,343.78,10
71169,2026-07-19,2026-07-21,3,205,5,46,32,440.91,2
71170,2026-07-14,2026-07-18,3,236,9,2,148,432.77,10
71171,2026-07-31,2026-08-04,1,490,15,10,78,492.81,8
71172,2026-07-13,2026-07-19,3,34,12,43,101,229.07,10
71173,2026-07-20,2026-07-21,2,374,10,25,78,143.6,4
71174,2026-07-27,2026-07-29,2,161,11,3,61,385.8,4
71175,2026-07-18,2026-07-20,2,62,1,4,76,138.49,2
71176,2026-07-23,2026-07-25,3,209,2,32,188,468.39,3
71177,2026-07-09,2026-07-11,1,106,12,32,45,182.93,10
71178,2026-07-26,2026-08-01,1,165,15,27,92,168.94,10
71179,2026-07-26,2026-08-01,2,322,12,50,23,168.1,7
71180,2026-07-15,2026-07-20,1,222,19,3,121,412.42,9
71181,2026-07-03,2026-07-05,2,372,18,30,136,195.66,5
71182,2026-07-30,2026-08-03,1,74,11,9,116,182.93,3
71183,2026-07-13,2026-07-16,2,352,3,1,134,167.46,5
71184,2026-07-26,2026-07-29,2,197,5,45,77,410.55,9
71185,2026-07-24,2026-07-26,2,376,2,27,117,355.02,10
71186,2026-07-23,2026-07-29,3,493,16,42,118,318.75,6
71187,2026-07-23,2026-07-24,1,364,8,11,193,428.3,3
71188,2026-07-22,2026-07-28,3,246,10,17,3,340.09,6
71189,2026-07-21,2026-07-27,2,219,19,49,143,441.46,3
71190,2026-07-25,2026-07-30,2,316,1,10,114,357.14,5
71191,2026-07-30,2026-08-01,2,447,10,46,197,487.02,10
71192,2026-07-05,2026-07-12,3,183,10,26,124,410.3,7
71193,2026-07-17,2026-07-18,2,56,3,28,95,148.59,4
71194,2026-07-19,2026-07-24,2,205,19,40,140,425.7,4
71195,2026-07-30,2026-08-03,2,176,6,3,131,249.27,3
71196,2026-07-18,2026-07-21,1,83,20,44,161,369.26,8
71197,2026-07-07,2026-07-09,1,407,9,25,6,388.22,8
71198,2026-07-17,2026-07-20,2,18,13,30,60,7.04,4
71199,2026-07-11,2026-07-13,2,52,17,16,175,217.35,4
71200,2026-07-26,2026-07-31,1,23,10,45,38,246.17,1
71201,2026-07-24,2026-07-29,3,36,9,2,60,156.13,8
71202,2026-07-05,2026-07-06,2,304,8,21,7,446.6,7
71203,2026-07-08,2026-07-10,1,161,7,42,55,223.92,5
71204,2026-07-07,2026-07-10,3,456,11,38,183,425.7,6
71205,2026-07-27,2026-07-28,1,220,11,37,137,312.45,1
71206,2026-07-22,2026-07-25,3,126,18,2,102,343.8,9
71207,2026-07-21,2026-07-27,3,113,2,16,34,236.09,5
71208,2026-07-30,2026-08-06,2,405,2,26,176,444.89,4
71209,2026-07-16,2026-07-17,3,234,1,9,8,45.63,1
71210,2026-07-03,2026-07-10,1,125,14,36,153,200.79,9
71211,2026-07-04,2026-07-11,1,439,3,38,68,65.48,6
71212,2026-07-11,2026-07-12,3,125,20,39,125,66.55,1
71213,2026-07-04,2026-07-07,1,412,12,13,165,444.25,8
71214,2026-07-05,2026-07-07,1,302,11,45,199,150.99,3
71215,2026-07-29,2026-07-30,2,351,6,33,93,120.86,7
71216,2026-07-29,2026-08-01,3,351,7,21,18,222.83,9
71217,2026-07-26,2026-07-29,3,76,6,42,5,480.53,3
71218,2026-07-05,2026-07-12,2,25,16,25,36,69.34,5
71219,2026-07-31,2026-08-07,1,269,18,20,81,214.59,2
71220,2026-07-05,2026-07-06,2,93,9,40,58,109.32,3
71221,2026-07-19,2026-07-23,3,492,15,41,51,359.73,6
71222,2026-07-06,2026-07-07,3,361,17,38,30,275.19,6
71223,2026-07-03,2026-07-06,1,58,15,2,181,403.73,4
71224,2026-07-31,2026-08-02,1,136,15,18,22,155.68,6
71225,2026-07-26,2026-07-31,1,211,3,5,42,320.64,9
71226,2026-08-02,2026-08-03,3,356,8,3,187,384.07,2
71227,2026-07-04,2026-07-11,1,178,6,41,191,478.25,7
71228,2026-07-22,2026-07-23,2,88,1,19,192,296.63,6
71229,2026-07-25,2026-07-31,2,2,5,6,142,73.22,6
71230,2026-07-09,2026-07-13,3,225,16,45,110,263.2,9
71231,2026-07-09,2026-07-12,1,127,12,23,134,315.2,5
71232,2026-07-16,2026-07-23,1,227,9,10,185,62.68,10
71233,2026-07-13,2026-07-14,2,68,7,21,74,250.39,2
71234,2026-07-18,2026-07-23,2,303,15,41,15,436.95,3
71235,2026-07-18,2026-07-23,3,118,11,19,117,289.48,7
71236,2026-07-21,2026-07-27,3,431,18,48,60,248.62,1
71237,2026-07-25,2026-07-31,2,74,19,18,190,283.04,10
71238,2026-07-11,2026-07-13,3,203,9,31,37,311.3,5
71239,2026-07-18,2026-07-20,1,378,1,5,178,467.82,2
71240,2026-07-27,2026-07-29,2,239,17,32,58,119.94,4
71241,2026-07-17,2026-07-20,1,334,17,36,134,484.98,6
71242,2026-07-27,2026-08-03,3,486,13,30,128,400.55,6
71243,2026-07-28,2026-08-03,2,13,8,45,76,195.22,10
71244,2026-07-28,2026-07-31,2,155,18,18,37,39.89,9
71245,2026-07-07,2026-07-12,3,380,3,21,43,39.08,4
71246,2026-08-02,2026-08-08,1,448,6,22,175,231.39,9
71247,2026-07-15,2026-07-18,3,309,3,39,119,384.77,9
71248,2026-07-03,2026-07-04,1,262,3,24,165,264.26,7
71249,2026-07-25,2026-07-26,1,182,17,38,125,83.32,1
71250,2026-07-29,2026-08-02,2,432,2,8,192,188.52,5
71251,2026-07-21,2026-07-27,1,303,15,14,53,57.37,2
71252,2026-07-03,2026-07-08,1,293,11,5,35,196.0,4
71253,2026-07-22,2026-07-26,1,441,2,25,13,87.6,9
71254,2026-07-19,2026-07-23,3,341,19,12,92,314.11,7
71255,2026-07-26,2026-08-02,3,76,9,32,153,359.26,10
71256,2026-07-25,2026-07-26,1,232,13,13,164,113.7,3
71257,2026-07-05,2026-07-10,2,164,17,30,175,282.63,8
71258,2026-07-04,2026-07-11,3,53,20,8,115,399.54,2
71259,2026-07-08,2026-07-14,1,323,1,8,17,23.13,10
71260,2026-07-10,2026-07-15,1,22,2,30,146,142.1,4
71261,2026-07-19,2026-07-24,1,56,11,2,67,455.49,10
71262,2026-07-26,2026-07-30,3,318,20,24,111,70.8,6
71263,2026-07-13,2026-07-17,3,448,10,19,169,137.88,5
71264,2026-07-14,2026-07-16,3,334,6,22,161,153.89,5
71265,2026-07-28,2026-08-01,3,37,2,16,126,268.05,2
71266,2026-07-23,2026-07-29,3,435,7,39,1,195.71,10
71267,2026-07-30,2026-08-02,3,118,2,33,62,154.21,5
71268,2026-07-12,2026-07-14,1,144,10,33,154,168.39,8
71269,2026-07-20,2026-07-21,2,188,10,12,190,355.04,5
71270,2026-07-15,2026-07-16,1,253,11,19,149,120.83,1
71271,2026-07-31,2026-08-06,3,79,10,34,199,441.31,2
71272,2026-07-13,2026-07-15,3,489,13,49,183,184.27,7
71273,2026-07-19,2026-07-23,1,244,5,4,4,34.58,2
71274,2026-07-30,2026-08-06,2,238,9,1,22,338.6,8
71275,2026-07-06,2026-07-13,2,228,5,6,109,42.95,2
71276,2026-07-20,2026-07-26,2,209,12,1,23,79.08,8
71277,2026-07-24,2026-07-27,3,467,16,3,93,22.52,10
71278,2026-07-05,2026-07-08,1,460,7,16,36,350.53,3
71279,2026-07-18,2026-07-20,2,317,9,22,83,226.23,1
71280,2026-07-03,2026-07-04,1,209,19,23,164,233.05,1
71281,2026-07-09,2026-07-10,2,461,16,22,70,434.75,8
71282,2026-07-31,2026-08-02,3,235,1,26,193,260.8,6
71283,2026-07-29,2026-08-05,3,305,7,1,187,284.51,6
71284,2026-08-02,2026-08-05,1,182,18,46,3,98.64,4
71285,2026-08-01,2026-08-08,2,32,6,20,173,326.17,2
71286,2026-07-27,2026-08-02,3,491,16,29,34,164.56,8
71287,2026-07-07,2026-07-10,1,133,19,37,145,235.2,4
71288,2026-07-21,2026-07-24,2,425,17,28,178,168.83,5
71289,2026-07-14,2026-07-21,2,351,3,17,184,224.45,9
71290,2026-07-19,2026-07-20,3,102,9,4,113,487.49,1
71291,2026-07-25,2026-07-27,2,116,15,30,32,406.91,2
71292,2026-07-17,2026-07-21,1,215,6,21,173,213.36,1
71293,2026-07-10,2026-07-12,3,8,20,16,186,389.86,7
71294,2026-07-19,2026-07-24,3,456,11,50,181,301.32,2
71295,2026-07-04,2026-07-05,1,53,18,44,15,365.07,10
71296,2026-07-29,2026-08-02,2,386,14,30,47,269.61,9
71297,2026-07-27,2026-07-29,2,125,20,11,156,298.51,2
71298,2026-07-05,2026-07-07,1,238,3,39,15,136.77,2
71299,2026-08-01,2026-08-05,2,149,5,12,168,79.67,5
71300,2026-07-11,2026-07-14,1,91,6,4,113,396.08,2
71301,2026-07-13,2026-07-20,2,211,20,26,48,301.33,1
71302,2026-07-30,2026-08-06,3,399,18,27,183,410.84,6
71303,2026-07-19,2026-07-26,2,195,2,5,128,310.55,8
71304,2026-07-22,2026-07-23,3,38,17,18,19,237.66,1
71305,2026-08-02,2026-08-08,2,310,19,26,162,137.58,6
71306,2026-07-26,2026-07-30,3,166,4,50,57,81.76,7
71307,2026-07-10,2026-07-15,3,245,6,35,71,144.28,9
71308,2026-07-26,2026-07-30,2,229,11,48,190,19.91,10
71309,2026-07-16,2026-07-19,1,163,14,5,118,184.95,1
71310,2026-07-16,2026-07-20,2,9,3,30,148,10.63,1
71311,2026-07-09,2026-07-11,3,436,18,15,22,78.76,6
71312,2026-07-12,2026-07-18,2,416,19,22,131,37.87,2
71313,2026-07-03,2026-07-05,3,427,14,21,122,36.66,1
71314,2026-07-23,2026-07-27,3,256,9,28,167,444.47,4
71315,2026-07-28,2026-08-02,1,261,17,31,102,42.58,3
71316,2026-07-22,2026-07-25,1,388,1,41,56,410.45,1
71317,2026-07-11,2026-07-13,2,496,20,38,165,325.76,9
71318,2026-07-10,2026-07-12,3,265,18,41,6,270.56,4
71319,2026-07-11,2026-07-12,3,66,19,24,30,294.29,1
71320,2026-07-28,2026-08-01,3,343,9,44,162,365.92,3
71321,2026-07-26,2026-07-29,3,242,5,30,166,46.76,10
71322,2026-07-06,2026-07-10,2,227,9,27,54,446.6,1
71323,2026-07-21,2026-07-26,1,436,12,10,77,408.37,7
71324,2026-07-31,2026-08-03,2,257,16,23,84,118.0,10
71325,2026-07-19,2026-07-24,2,174,16,32,114,251.33,10
71326,2026-07-19,2026-07-25,2,169,20,37,46,208.06,6
71327,2026-07-28,2026-07-29,2,103,7,50,21,426.3,8
71328,2026-07-05,2026-07-09,3,346,13,24,101,132.81,9
71329,2026-07-22,2026-07-28,1,68,14,23,78,341.85,1
71330,2026-07-20,2026-07-27,2,459,15,1,41,496.18,4
71331,2026-07-11,2026-07-14,3,382,5,22,29,419.92,9
71332,2026-07-22,2026-07-29,3,209,4,10,127,137.44,3
71333,2026-07-15,2026-07-21,1,495,20,46,189,383.99,6
71334,2026-07-27,2026-07-28,3,495,5,50,183,436.42,10
71335,2026-07-17,2026-07-22,2,367,13,12,57,416.23,5
71336,2026-07-22,2026-07-26,2,430,8,12,66,439.91,9
71337,2026-07-10,2026-07-12,3,346,15,5,163,241.39,5
71338,2026-07-30,2026-08-03,1,287,16,29,60,414.86,6
71339,2026-07-17,2026-07-19,2,24,8,9,145,15.54,10
71340,2026-07-04,2026-07-11,1,467,11,20,15,494.15,10
71341,2026-07-14,2026-07-18,2,71,19,41,59,239.78,10
71342,2026-07-16,2026-07-23,2,383,10,12,91,163.49,4
71343,2026-07-29,2026-08-01,3,273,17,5,68,475.45,7
71344,2026-07-21,2026-07-25,3,206,2,5,47,209.55,1
71345,2026-08-02,2026-08-08,1,412,12,44,146,404.17,1
71346,2026-07-09,2026-07-14,1,124,13,30,26,132.69,4
71347,2026-07-15,2026-07-16,3,166,9,3,88,123.13,10
71348,2026-08-01,2026-08-08,3,480,16,37,61,128.3,3
71349,2026-07-21,2026-07-25,1,136,3,49,57,69.45,1
71350,2026-07-22,2026-07-24,3,34,20,25,138,328.77,10
71351,2026-08-01,2026-08-06,1,163,4,49,110,222.17,5
71352,2026-07-08,2026-07-12,1,437,18,27,107,452.62,8
71353,2026-07-11,2026-07-17,2,360,16,38,176,359.79,4
71354,2026-07-05,2026-07-06,3,8,9,4,38,73.52,7
71355,2026-07-19,2026-07-20,1,430,1,34,68,114.73,1
71356,2026-07-09,2026-07-11,3,32,16,31,43,24.5,4
71357,2026-07-09,2026-07-15,1,404,8,36,45,480.3,2
71358,2026-07-27,2026-08-01,2,306,15,39,28,224.13,7
71359,2026-07-03,2026-07-10,2,281,14,4,86,54.8,1
71360,2026-07-21,2026-07-26,1,322,1,24,64,236.85,7
71361,2026-07-28,2026-08-03,2,66,3,49,151,227.79,10
71362,2026-07-25,2026-07-28,1,106,9,23,69,225.83,8
71363,2026-07-05,2026-07-11,3,113,5,38,97,466.69,9
71364,2026-07-24,2026-07-31,2,42,1,11,96,353.42,8
71365,2026-07-24,2026-07-27,1,310,9,45,128,402.73,1
71366,2026-07-16,2026-07-18,3,365,15,8,10,102.99,5
71367,2026-07-24,2026-07-31,1,235,2,12,52,11.81,4
71368,2026-07-24,2026-07-31,2,6,20,15,126,416.02,5
71369,2026-07-14,2026-07-20,1,316,2,16,14,249.65,6
71370,2026-07-31,2026-08-07,3,402,7,12,101,353.21,10
71371,2026-07-11,2026-07-17,1,22,7,35,196,111.85,5
71372,2026-07-12,2026-07-14,3,32,13,1,113,127.07,1
71373,2026-07-12,2026-07-15,1,481,15,50,82,414.31,1
71374,2026-07-12,2026-07-13,3,55,10,27,47,166.21,3
71375,2026-08-02,2026-08-06,2,484,1,25,65,111.84,5
71376,2026-07-07,2026-07-12,3,134,3,15,199,17.04,4
71377,2026-07-06,2026-07-13,2,16,13,3,162,421.74,2
71378,2026-07-17,2026-07-22,3,372,5,14,163,132.77,4
71379,2026-07-21,2026-07-23,1,114,14,15,82,283.68,2
71380,2026-07-25,2026-07-28,3,466,13,5,12,423.93,1
71381,2026-08-01,2026-08-06,1,87,13,3,162,116.68,8
71382,2026-07-20,2026-07-26,3,366,17,29,75,25.31,5
71383,2026-07-04,2026-07-09,3,466,10,8,86,36.3,5
71384,2026-07-04,2026-07-05,3,238,1,26,174,389.19,7
71385,2026-07-17,2026-07-23,3,355,11,15,72,279.25,1
71386,2026-07-05,2026-07-08,1,251,10,11,64,122.14,9
71387,2026-07-31,2026-08-03,3,418,10,4,5,300.43,3
71388,2026-07-07,2026-07-12,2,135,6,12,16,117.58,4
71389,2026-07-08,2026-07-12,1,68,3,8,174,332.0,10
71390,2026-07-07,2026-07-11,2,247,18,12,87,184.58,6
71391,2026-07-28,2026-08-01,3,141,5,39,103,157.21,9
71392,2026-07-08,2026-07-12,1,309,15,3,190,15.24,6
71393,2026-07-27,2026-08-02,3,392,4,44,131,195.28,5
71394,2026-07-07,2026-07-14,3,49,9,16,160,129.49,9
71395,2026-07-03,2026-07-08,2,62,11,4,43,22.3,10
71396,2026-08-02,2026-08-06,1,352,17,20,129,362.35,1
71397,2026-07-14,2026-07-17,2,165,20,31,149,107.31,9
71398,2026-07-22,2026-07-25,2,126,18,46,162,259.97,10
71399,2026-07-11,2026-07-15,1,299,18,32,59,245.75,9
71400,2026-07-11,2026-07-18,3,309,13,13,22,364.91,9
71401,2026-07-05,2026-07-09,3,348,12,21,136,79.83,9
71402,2026-07-10,2026-07-14,2,80,4,45,76,254.74,10
71403,2026-07-16,2026-07-17,3,274,13,23,56,246.82,10
71404,2026-07-18,2026-07-19,3,121,16,46,172,68.68,2
71405,2026-07-22,2026-07-25,1,76,18,30,62,179.54,9
71406,2026-07-10,2026-07-16,1,64,20,43,159,422.15,4
71407,2026-07-07,2026-07-14,3,388,3,2,129,106.33,9
71408,2026-07-19,2026-07-23,1,375,1,40,64,171.49,2
71409,2026-07-23,2026-07-25,1,29,10,34,78,48.64,3
71410,2026-07-07,2026-07-12,3,71,11,11,11,467.87,1
71411,2026-07-10,2026-07-11,1,64,9,7,114,184.12,7
71412,2026-07-30,2026-07-31,3,201,14,1,113,240.73,9
71413,2026-07-04,2026-07-07,2,129,13,13,129,44.59,2
71414,2026-07-24,2026-07-25,1,83,7,1,24,12.55,5
71415,2026-07-29,2026-08-05,2,205,2,16,187,324.88,9
71416,2026-07-04,2026-07-07,1,183,17,39,29,199.82,4
71417,2026-08-02,2026-08-07,3,74,1,18,136,277.77,1
71418,2026-07-25,2026-08-01,2,423,2,41,97,197.27,9
71419,2026-07-08,2026-07-11,1,330,16,46,12,224.2,7
71420,2026-07-15,2026-07-20,1,287,3,2,50,477.4,3
71421,2026-07-08,2026-07-14,2,28,5,17,194,187.38,6
71422,2026-07-21,2026-07-28,1,273,20,7,197,213.56,10
71423,2026-07-24,2026-07-26,3,353,1,10,59,441.32,9
71424,2026-07-03,2026-07-04,1,310,17,24,3,499.73,2
71425,2026-08-02,2026-08-09,2,121,19,31,62,373.59,8
71426,2026-07-31,2026-08-02,3,470,2,33,19,430.22,6
71427,2026-07-23,2026-07-25,3,247,11,29,97,189.65,2
71428,2026-07-08,2026-07-11,3,473,20,8,154,444.39,3
71429,2026-07-27,2026-08-02,2,406,20,42,97,85.59,8
71430,2026-08-02,2026-08-09,1,484,13,49,18,336.92,2
71431,2026-07-17,2026-07-23,2,185,11,3,88,344.42,4
71432,2026-07-20,2026-07-22,1,134,2,13,199,76.76,3
71433,2026-07-24,2026-07-31,3,416,3,4,46,101.86,6
71434,2026-07-19,2026-07-25,2,191,4,33,40,307.83,7
71435,2026-07-25,2026-08-01,2,146,4,13,194,312.51,1
71436,2026-07-06,2026-07-11,1,173,20,4,193,110.26,7
71437,2026-07-10,2026-07-17,3,116,5,28,2,423.91,10
71438,2026-08-02,2026-08-07,1,74,5,37,155,432.15,7
71439,2026-07-10,2026-07-11,1,401,1,17,131,443.87,1
71440,2026-07-07,2026-07-12,1,35,17,47,135,44.66,4
71441,2026-07-13,2026-07-17,3,288,7,10,159,332.04,10
71442,2026-07-13,2026-07-15,1,183,4,19,5,459.57,2
71443,2026-07-18,2026-07-25,1,58,5,16,188,212.33,7
71444,2026-07-04,2026-07-10,3,418,10,4,17,193.08,1
71445,2026-07-31,2026-08-02,1,75,15,17,185,170.44,5
71446,2026-07-16,2026-07-18,3,485,14,33,170,462.86,7
71447,2026-07-08,2026-07-09,3,52,5,42,126,172.23,1
71448,2026-07-17,2026-07-24,2,298,17,12,156,226.82,3
71449,2026-07-12,2026-07-17,3,108,5,15,40,435.06,9
71450,2026-07-15,2026-07-17,1,478,14,47,75,192.46,3
71451,2026-07-29,2026-07-31,2,286,19,4,192,172.69,4
71452,2026-07-21,2026-07-22,1,39,12,28,67,398.5,10
71453,2026-07-21,2026-07-28,3,368,3,17,142,191.98,9
71454,2026-07-25,2026-07-29,1,330,11,13,61,405.4,1
71455,2026-07-31,2026-08-01,1,7,10,34,94,257.88,10
71456,2026-07-12,2026-07-16,3,159,5,20,186,202.34,10
71457,2026-07-21,2026-07-28,2,251,6,28,199,200.71,3
71458,2026-07-22,2026-07-25,3,130,3,15,27,451.32,8
71459,2026-08-01,2026-08-08,1,448,9,45,153,307.21,4
71460,2026-07-29,2026-07-30,3,482,5,28,178,255.08,7
71461,2026-07-13,2026-07-15,3,132,1,48,22,296.85,6
71462,2026-07-03,2026-07-10,3,283,10,9,164,407.54,6
71463,2026-07-06,2026-07-11,2,131,3,46,190,410.08,5
71464,2026-07-11,2026-07-17,1,220,15,20,68,485.23,4
71465,2026-07-16,2026-07-22,1,403,16,4,181,308.1,4
71466,2026-07-07,2026-07-10,3,137,13,4,161,407.96,9
71467,2026-07-04,2026-07-09,1,138,14,15,59,422.24,6
71468,2026-08-02,2026-08-06,3,282,12,40,95,376.85,5
71469,2026-07-20,2026-07-27,1,231,14,44,95,202.86,2
71470,2026-07-11,2026-07-14,3,240,17,18,78,491.79,4
71471,2026-07-08,2026-07-09,2,62,5,1,96,262.05,4
71472,2026-07-10,2026-07-15,1,423,2,18,18,227.23,8
71473,2026-07-28,2026-07-29,2,346,4,8,116,285.45,10
71474,2026-07-04,2026-07-06,3,395,1,37,71,66.62,6
71475,2026-07-25,2026-07-27,3,230,8,7,40,298.73,8
71476,2026-08-01,2026-08-07,1,208,17,6,129,117.7,4
71477,2026-07-03,2026-07-05,3,396,5,20,195,45.74,3
71478,2026-07-18,2026-07-20,2,189,7,46,197,397.23,2
71479,2026-07-31,2026-08-06,3,449,11,40,73,406.91,3
71480,2026-08-01,2026-08-07,2,307,1,25,71,353.83,10
71481,2026-08-01,2026-08-04,2,260,14,12,1,144.53,7
71482,2026-07-10,2026-07-17,3,490,9,3,68,390.53,2
71483,2026-07-17,2026-07-22,2,82,20,20,168,431.23,4
71484,2026-07-22,2026-07-28,1,2,17,20,94,51.76,7
71485,2026-07-06,2026-07-10,2,368,20,18,73,183.73,3
71486,2026-07-27,2026-08-02,2,194,3,9,11,227.03,2
71487,2026-07-14,2026-07-15,2,42,7,24,6,161.32,5
71488,2026-07-09,2026-07-15,2,47,11,31,191,181.27,4
71489,2026-07-26,2026-07-27,2,107,11,28,131,85.12,8
71490,2026-07-06,2026-07-07,2,364,16,16,100,84.65,9
71491,2026-07-17,2026-07-22,1,475,14,14,137,24.95,5
71492,2026-07-09,2026-07-11,1,268,1,33,154,59.58,3
71493,2026-07-27,2026-07-29,3,273,3,32,78,481.65,8
71494,2026-07-28,2026-08-01,1,135,4,24,179,321.89,4
71495,2026-07-18,2026-07-23,3,220,18,6,97,244.32,6
71496,2026-07-23,2026-07-26,3,408,13,25,43,291.11,6
71497,2026-07-12,2026-07-17,2,309,10,15,125,140.7,9
71498,2026-07-31,2026-08-07,3,91,14,38,79,22.14,9
71499,2026-07-21,2026-07-25,3,402,19,14,196,129.67,5
71500,2026-07-27,2026-07-31,2,151,12,4,117,88.26,2
71501,2026-07-23,2026-07-28,2,299,14,3,142,96.29,4
71502,2026-07-19,2026-07-23,3,443,16,21,91,487.9,7
71503,2026-07-23,2026-07-25,1,371,17,22,85,30.18,7
71504,2026-07-09,2026-07-10,2,57,17,41,93,273.25,1
71505,2026-07-23,2026-07-25,2,102,6,15,20,263.51,4
71506,2026-07-04,2026-07-06,2,314,6,1,103,496.36,2
71507,2026-07-19,2026-07-24,1,36,19,4,200,76.8,1
71508,2026-07-30,2026-08-01,1,128,9,13,136,487.13,9
71509,2026-07-10,2026-07-17,1,140,5,37,92,84.25,10
71510,2026-07-19,2026-07-24,1,2,13,14,175,434.38,4
71511,2026-07-22,2026-07-23,2,34,8,30,48,108.32,4
71512,2026-07-21,2026-07-26,1,207,16,6,153,244.17,1
71513,2026-07-17,2026-07-19,1,62,1,8,163,465.48,6
71514,2026-07-20,2026-07-21,2,280,19,37,14,499.05,9
71515,2026-07-07,2026-07-13,2,93,10,32,77,322.24,5
71516,2026-08-02,2026-08-06,3,14,17,9,43,324.2,7
71517,2026-07-25,2026-07-29,1,133,1,31,16,492.4,5
71518,2026-07-30,2026-08-02,1,449,5,36,138,190.99,4
71519,2026-07-24,2026-07-29,1,147,13,8,158,96.9,7
71520,2026-07-09,2026-07-12,2,481,18,44,97,103.56,5
71521,2026-07-10,2026-07-16,3,356,14,4,184,81.93,5
71522,2026-07-23,2026-07-27,2,393,20,31,70,235.83,9
71523,2026-07-23,2026-07-26,3,94,10,1,79,396.53,9
71524,2026-07-12,2026-07-18,2,410,6,49,182,314.38,6
71525,2026-07-11,2026-07-13,1,444,11,4,34,130.69,7
71526,2026-07-24,2026-07-25,2,478,9,40,19,81.34,9
71527,2026-07-10,2026-07-14,3,88,5,48,179,203.15,7
71528,2026-07-26,2026-07-29,1,36,12,33,11,321.71,8
71529,2026-07-18,2026-07-21,1,8,20,14,120,328.65,5
71530,2026-07-27,2026-07-29,3,274,18,32,103,241.51,2
71531,2026-07-13,2026-07-14,1,162,15,22,196,388.2,8
71532,2026-07-05,2026-07-07,3,327,6,37,30,484.25,8
71533,2026-07-25,2026-07-31,3,496,17,22,114,311.6,2
71534,2026-07-15,2026-07-16,1,369,16,16,20,74.06,4
71535,2026-07-14,2026-07-19,2,66,11,38,193,417.27,6
71536,2026-07-22,2026-07-24,3,204,5,6,107,176.5,3
71537,2026-07-11,2026-07-17,1,266,13,42,45,250.19,4
71538,2026-07-26,2026-08-02,3,297,6,50,69,392.49,8
71539,2026-07-14,2026-07-20,2,116,13,33,32,460.74,1
71540,2026-07-15,2026-07-16,3,10,20,35,98,422.99,2
71541,2026-07-19,2026-07-21,2,244,17,6,132,261.06,4
71542,2026-07-31,2026-08-04,1,185,1,8,157,73.62,9
71543,2026-07-27,2026-07-31,1,19,20,19,55,47.84,1
71544,2026-07-14,2026-07-19,3,357,9,36,69,198.6,4
71545,2026-07-14,2026-07-18,1,186,13,1,159,498.98,6
71546,2026-07-11,2026-07-12,1,94,18,31,75,313.59,9
71547,2026-07-17,2026-07-19,1,36,14,36,1,374.16,6
71548,2026-07-03,2026-07-08,1,5,13,45,142,481.64,9
71549,2026-07-18,2026-07-23,1,368,20,49,138,118.88,1
71550,2026-07-30,2026-08-06,3,6,8,6,64,385.03,3
71551,2026-07-30,2026-08-06,1,394,16,3,74,197.29,8
71552,2026-07-24,2026-07-28,1,4,18,15,49,54.53,4
71553,2026-07-17,2026-07-22,1,118,7,24,110,90.78,4
71554,2026-07-31,2026-08-07,2,239,3,30,199,480.55,4
71555,2026-07-20,2026-07-24,1,150,20,13,151,29.87,8
71556,2026-07-10,2026-07-13,3,145,10,41,51,369.72,7
71557,2026-07-10,2026-07-15,1,145,11,43,27,330.82,6
71558,2026-07-10,2026-07-12,1,99,5,9,91,50.32,7
71559,2026-07-23,2026-07-28,2,120,12,31,101,415.62,1
71560,2026-07-13,2026-07-14,2,135,8,22,8,437.37,7
71561,2026-07-14,2026-07-19,3,122,8,2,37,72.77,8
71562,2026-08-02,2026-08-07,2,327,11,37,23,16.85,5
71563,2026-07-11,2026-07-13,3,361,1,13,16,317.1,2
71564,2026-07-28,2026-08-03,2,478,11,31,62,389.11,2
71565,2026-07-10,2026-07-13,1,323,12,35,67,216.41,8
71566,2026-07-06,2026-07-11,1,294,6,34,72,441.75,6
71567,2026-07-20,2026-07-21,1,15,16,26,95,333.65,2
71568,2026-07-09,2026-07-16,2,52,16,13,108,496.27,4
71569,2026-07-24,2026-07-31,2,434,12,27,112,214.06,3
71570,2026-07-03,2026-07-05,3,358,15,39,50,257.08,1
71571,2026-07-26,2026-07-29,1,71,10,33,165,113.4,9
71572,2026-07-15,2026-07-18,1,135,7,46,112,279.72,10
71573,2026-07-27,2026-08-03,2,33,15,6,17,304.65,1
71574,2026-07-09,2026-07-16,3,380,13,13,86,192.11,1
71575,2026-07-30,2026-07-31,3,58,9,43,17,60.81,6
71576,2026-07-26,2026-08-02,2,266,2,48,40,79.97,7
71577,2026-07-10,2026-07-12,2,424,8,10,164,332.68,5
71578,2026-07-19,2026-07-23,1,313,18,31,39,237.15,2
71579,2026-07-29,2026-08-02,3,406,4,42,22,143.0,5
71580,2026-07-22,2026-07-25,3,336,17,37,53,489.85,2
71581,2026-07-29,2026-08-03,3,82,13,37,60,148.47,3
71582,2026-07-20,2026-07-24,2,404,18,39,26,60.41,1
71583,2026-07-08,2026-07-12,3,440,18,19,29,119.21,5
71584,2026-07-20,2026-07-21,2,432,5,39,159,461.99,5
71585,2026-07-23,2026-07-26,3,33,5,32,6,475.86,2
71586,2026-08-02,2026-08-04,3,315,15,17,167,25.27,7
71587,2026-07-31,2026-08-04,1,187,17,36,81,471.92,4
71588,2026-08-01,2026-08-03,1,193,5,1,137,437.84,9
71589,2026-07-22,2026-07-27,2,208,2,15,145,34.58,6
71590,2026-07-08,2026-07-13,1,97,8,7,23,237.15,10
71591,2026-07-27,2026-08-03,1,132,13,33,78,190.21,8
71592,2026-07-10,2026-07-11,2,159,12,21,3,266.75,3
71593,2026-07-28,2026-07-29,2,300,13,11,155,189.22,5
71594,2026-07-17,2026-07-21,2,345,12,10,163,395.25,7
71595,2026-07-09,2026-07-16,1,354,11,10,169,430.45,8
71596,2026-07-30,2026-08-06,2,34,11,28,2,154.4,6
71597,2026-07-23,2026-07-26,1,388,14,12,41,436.8,7
71598,2026-07-04,2026-07-11,3,251,1,48,71,97.78,10
71599,2026-07-23,2026-07-26,2,2,12,41,132,406.81,1
71600,2026-07-10,2026-07-11,2,121,5,43,95,49.03,8
71601,2026-07-18,2026-07-25,1,447,6,43,137,239.84,5
71602,2026-07-08,2026-07-13,2,406,4,29,188,88.67,1
71603,2026-07-15,2026-07-18,2,349,13,6,198,140.66,3
71604,2026-08-02,2026-08-09,3,302,8,16,54,53.41,5
71605,2026-07-24,2026-07-26,3,462,2,46,66,423.26,10
71606,2026-07-12,2026-07-19,2,18,13,10,163,46.21,10
71607,2026-07-27,2026-07-28,1,186,5,34,2,355.01,5
71608,2026-07-10,2026-07-11,2,207,14,40,178,352.55,6
71609,2026-07-20,2026-07-24,1,20,17,1,42,45.42,1
71610,2026-07-15,2026-07-18,1,107,5,41,199,186.9,7
71611,2026-07-09,2026-07-13,1,167,8,38,152,454.83,3
71612,2026-07-11,2026-07-13,1,422,18,21,23,324.89,9
71613,2026-08-02,2026-08-06,1,115,5,17,29,284.0,9
71614,2026-07-06,2026-07-09,2,247,16,11,58,369.37,7
71615,2026-07-12,2026-07-19,2,148,18,44,178,425.26,3
71616,2026-07-12,2026-07-17,3,252,19,35,94,79.26,1
71617,2026-07-30,2026-07-31,2,214,8,32,167,84.69,2
71618,2026-07-29,2026-08-04,2,244,11,43,98,378.78,4
71619,2026-07-20,2026-07-24,3,12,19,47,43,89.8,9
71620,2026-07-08,2026-07-09,2,79,3,11,172,84.37,4
71621,2026-07-17,2026-07-23,2,308,3,16,53,85.68,5
71622,2026-07-13,2026-07-20,1,339,18,2,2,410.52,5
71623,2026-07-07,2026-07-10,3,65,18,40,14,488.86,1
71624,2026-07-26,2026-08-02,2,151,19,2,185,22.96,7
71625,2026-07-08,2026-07-11,2,462,12,16,3,95.38,4
71626,2026-07-28,2026-08-03,3,152,7,1,134,148.97,5
71627,2026-07-09,2026-07-10,3,74,16,26,155,119.1,5
71628,2026-07-03,2026-07-10,1,414,7,44,2,310.35,10
71629,2026-07-22,2026-07-23,1,85,11,16,43,39.08,9
71630,2026-07-17,2026-07-18,1,324,14,24,145,156.57,2
71631,2026-07-06,2026-07-10,2,361,1,1,199,367.21,6
71632,2026-07-31,2026-08-05,3,490,10,44,38,113.37,8
71633,2026-07-03,2026-07-10,2,28,1,22,40,242.21,2
71634,2026-07-27,2026-08-02,3,382,19,29,148,364.58,3
71635,2026-07-31,2026-08-01,3,317,14,45,190,329.99,2
71636,2026-07-09,2026-07-16,1,223,10,7,81,82.84,6
71637,2026-07-23,2026-07-30,1,286,16,43,123,72.92,1
71638,2026-07-22,2026-07-28,2,38,14,1,23,180.88,6
71639,2026-07-26,2026-07-28,1,305,8,30,63,333.31,7
71640,2026-07-18,2026-07-23,1,169,1,23,183,479.7,5
71641,2026-07-26,2026-08-01,3,490,5,3,21,111.74,2
71642,2026-08-01,2026-08-03,3,32,15,34,181,433.8,7
71643,2026-08-02,2026-08-08,3,119,18,11,156,332.6,4
71644,2026-07-07,2026-07-09,2,213,9,33,170,206.3,5
71645,2026-07-13,2026-07-15,1,172,2,21,54,411.63,10
71646,2026-08-02,2026-08-04,1,208,10,43,166,59.14,5
71647,2026-07-14,2026-07-18,3,14,14,46,17,111.82,2
71648,2026-07-25,2026-07-29,2,486,11,6,85,471.25,7
71649,2026-07-15,2026-07-19,1,348,14,25,96,297.34,1
71650,2026-07-26,2026-07-28,3,345,20,42,53,260.03,8
71651,2026-07-24,2026-07-31,2,147,12,42,83,104.46,6
71652,2026-07-04,2026-07-06,2,23,18,16,169,57.82,2
71653,2026-07-22,2026-07-24,1,48,14,22,70,154.06,9
71654,2026-07-25,2026-07-29,3,92,17,25,4,478.45,1
71655,2026-07-12,2026-07-17,1,146,9,37,167,392.4,6
71656,2026-07-10,2026-07-17,3,210,9,19,196,467.67,6
71657,2026-07-12,2026-07-19,3,202,3,5,147,141.92,10
71658,2026-07-14,2026-07-18,1,226,20,27,5,225.77,8
71659,2026-07-20,2026-07-24,2,217,18,34,54,462.88,4
71660,2026-07-31,2026-08-06,2,70,12,46,11,104.37,2
71661,2026-07-09,2026-07-15,3,466,9,34,52,108.84,7
71662,2026-07-06,2026-07-08,2,238,1,9,143,496.26,7
71663,2026-08-01,2026-08-06,2,183,20,33,39,284.78,7
71664,2026-07-27,2026-07-29,1,387,6,14,32,8.55,6
71665,2026-07-07,2026-07-14,1,230,11,43,124,499.72,1
71666,2026-07-25,2026-07-28,2,197,20,30,35,442.41,4
71667,2026-07-26,2026-07-29,3,457,4,30,84,80.57,2
71668,2026-07-18,2026-07-25,2,263,4,16,25,327.06,1
71669,2026-07-15,2026-07-18,1,43,3,50,2,79.53,3
71670,2026-07-03,2026-07-04,2,231,18,18,44,307.59,8
71671,2026-07-24,2026-07-31,1,139,14,47,117,20.2,1
71672,2026-07-17,2026-07-22,2,393,5,15,59,425.98,1
71673,2026-07-05,2026-07-09,3,428,7,18,47,52.45,2
71674,2026-07-18,2026-07-24,1,176,3,31,31,217.67,10
71675,2026-07-10,2026-07-15,1,301,8,44,132,131.65,3
71676,2026-07-21,2026-07-22,3,437,5,12,82,150.12,6
71677,2026-08-01,2026-08-03,3,410,7,23,82,453.22,6
71678,2026-07-03,2026-07-05,1,79,1,22,133,226.49,9
71679,2026-07-19,2026-07-20,1,351,15,1,170,454.71,4
71680,2026-07-16,2026-07-20,2,272,17,35,165,488.21,2
71681,2026-07-19,2026-07-26,3,384,14,2,119,322.39,3
71682,2026-07-04,2026-07-06,3,4,14,4,174,328.69,2
71683,2026-08-01,2026-08-05,2,437,18,21,53,330.82,7
71684,2026-07-17,2026-07-20,2,102,2,23,37,202.51,10
71685,2026-07-20,2026-07-27,3,345,3,12,20,433.36,7
71686,2026-07-26,2026-08-01,1,445,3,43,56,237.91,5
71687,2026-07-15,2026-07-20,1,426,5,5,148,268.06,8
71688,2026-07-05,2026-07-09,2,477,8,1,156,193.02,9
71689,2026-07-12,2026-07-14,1,315,5,29,34,451.29,6
71690,2026-07-05,2026-07-09,3,212,2,36,156,74.45,9
71691,2026-07-08,2026-07-10,1,89,18,6,80,364.09,9
71692,2026-07-12,2026-07-19,2,265,10,2,7,352.21,3
71693,2026-07-26,2026-07-28,1,42,16,50,142,286.52,5
71694,2026-07-08,2026-07-11,3,346,9,33,114,25.46,6
71695,2026-07-28,2026-07-30,1,417,3,22,117,178.46,1
71696,2026-07-05,2026-07-09,1,133,19,50,192,93.13,10
71697,2026-07-12,2026-07-14,2,481,5,24,200,398.14,7
71698,2026-07-11,2026-07-17,1,127,6,19,163,309.87,2
71699,2026-07-16,2026-07-17,2,409,9,20,57,443.45,6
71700,2026-07-31,2026-08-06,1,211,19,32,108,447.77,5
71701,2026-07-29,2026-08-02,2,202,8,10,132,55.69,9
71702,2026-07-12,2026-07-17,3,130,15,28,76,65.35,8
71703,2026-07-20,2026-07-22,3,242,1,28,14,185.56,2
71704,2026-07-23,2026-07-26,1,477,19,31,56,457.15,1
71705,2026-07-30,2026-08-04,1,8,14,40,82,25.67,5
71706,2026-07-27,2026-07-29,1,465,15,16,147,46.44,7
71707,2026-07-12,2026-07-14,2,336,14,30,171,429.31,4
71708,2026-07-05,2026-07-09,1,196,9,30,171,499.91,4
71709,2026-07-19,2026-07-24,3,289,19,11,195,100.9,7
71710,2026-07-23,2026-07-27,3,404,4,17,141,391.07,3
71711,2026-07-11,2026-07-15,3,129,7,28,79,142.18,8
71712,2026-07-16,2026-07-18,3,302,1,8,150,215.44,2
71713,2026-07-13,2026-07-16,1,28,7,15,155,350.18,5
71714,2026-07-11,2026-07-13,3,12,18,35,68,268.15,7
71715,2026-07-14,2026-07-19,2,323,19,25,134,269.83,1
71716,2026-07-19,2026-07-21,1,377,11,27,126,403.42,9
71717,2026-07-22,2026-07-24,3,14,2,7,80,295.29,6
71718,2026-07-08,2026-07-11,3,379,18,20,39,70.56,9
71719,2026-07-27,2026-08-03,1,269,2,21,180,217.95,3
71720,2026-07-19,2026-07-24,1,165,4,26,106,56.96,6
71721,2026-07-21,2026-07-25,2,41,17,12,122,129.0,2
71722,2026-07-10,2026-07-12,2,471,6,31,85,473.91,5
71723,2026-07-24,2026-07-30,1,246,2,42,79,32.37,5
71724,2026-07-18,2026-07-23,3,423,19,3,28,94.07,6
71725,2026-07-31,2026-08-07,3,384,2,45,116,127.65,3
71726,2026-07-04,2026-07-05,1,398,19,5,20,359.46,1
71727,2026-07-13,2026-07-17,3,350,4,42,163,103.5,7
71728,2026-07-21,2026-07-23,1,205,17,36,160,68.19,10
71729,2026-07-26,2026-07-30,3,442,6,30,152,497.76,7
71730,2026-07-13,2026-07-18,1,194,17,41,96,304.84,6
71731,2026-07-18,2026-07-25,1,4,18,38,7,21.07,9
71732,2026-07-25,2026-07-27,3,73,14,34,116,193.29,9
71733,2026-07-25,2026-07-29,3,486,15,13,76,200.58,7
71734,2026-07-03,2026-07-07,3,258,8,5,112,460.49,3
71735,2026-07-25,2026-07-29,2,311,14,19,14,99.26,7
71736,2026-07-18,2026-07-24,2,372,17,35,4,156.39,8
71737,2026-07-19,2026-07-22,1,479,19,39,50,390.67,9
71738,2026-07-20,2026-07-27,1,484,10,13,107,245.55,8
71739,2026-07-10,2026-07-17,3,364,9,20,128,155.34,2
71740,2026-07-15,2026-07-16,3,17,2,14,133,71.32,8
71741,2026-07-25,2026-07-29,1,54,11,31,163,396.02,2
71742,2026-07-31,2026-08-07,3,109,9,7,59,364.36,6
71743,2026-07-27,2026-07-28,2,140,4,44,21,293.81,2
71744,2026-07-19,2026-07-21,3,358,12,36,62,29.74,10
71745,2026-07-18,2026-07-24,2,98,4,21,62,379.29,1
71746,2026-07-29,2026-08-04,3,123,5,46,146,105.39,2
71747,2026-07-03,2026-07-09,3,69,18,25,10,319.43,6
71748,2026-07-12,2026-07-13,2,489,6,10,86,470.29,3
71749,2026-07-09,2026-07-12,3,108,8,13,159,393.89,1
71750,2026-07-08,2026-07-12,3,465,8,39,31,415.18,3
71751,2026-07-19,2026-07-20,2,64,8,13,7,13.55,2
71752,2026-07-14,2026-07-16,2,478,17,11,171,272.56,5
71753,2026-07-03,2026-07-08,3,444,19,25,172,141.88,7
71754,2026-07-26,2026-07-31,3,375,6,15,44,184.24,1
71755,2026-07-06,2026-07-09,2,102,19,50,18,7.1,5
71756,2026-08-01,2026-08-05,2,410,5,46,15,123.32,1
71757,2026-07-31,2026-08-07,1,469,13,38,41,73.26,8
71758,2026-07-20,2026-07-21,1,419,2,45,198,281.33,10
71759,2026-07-23,2026-07-27,1,39,15,48,99,469.49,9
71760,2026-07-31,2026-08-01,3,411,14,44,169,385.76,7
71761,2026-07-22,2026-07-28,2,36,1,43,67,281.69,8
71762,2026-07-09,2026-07-12,3,336,2,38,10,441.13,8
71763,2026-07-28,2026-08-03,2,5,17,13,168,300.9,6
71764,2026-07-04,2026-07-10,3,160,5,44,177,322.4,3
71765,2026-07-27,2026-07-28,1,116,3,29,46,88.64,7
71766,2026-07-18,2026-07-25,1,233,18,25,151,248.28,1
71767,2026-07-19,2026-07-21,3,136,7,49,146,280.51,6
71768,2026-07-05,2026-07-06,2,465,8,33,111,218.81,10
71769,2026-07-17,2026-07-21,2,32,14,37,163,225.59,5
71770,2026-07-10,2026-07-14,3,28,19,45,63,257.01,9
71771,2026-07-19,2026-07-23,1,183,12,17,15,92.59,4
71772,2026-07-17,2026-07-23,2,230,14,31,190,179.85,4
71773,2026-07-13,2026-07-14,1,420,8,46,35,469.4,8
71774,2026-07-15,2026-07-16,3,287,3,16,162,118.73,9
71775,2026-07-22,2026-07-29,1,79,13,3,23,406.19,7
71776,2026-07-10,2026-07-15,3,498,7,18,94,372.16,5
71777,2026-07-24,2026-07-30,2,370,4,20,40,370.4,8
71778,2026-07-22,2026-07-29,3,483,11,29,190,348.36,6
71779,2026-07-12,2026-07-14,3,150,9,12,55,488.45,4
71780,2026-07-17,2026-07-24,2,250,19,15,37,416.53,2
71781,2026-07-28,2026-08-01,2,236,10,46,162,337.36,5
71782,2026-07-03,2026-07-04,2,296,19,18,29,60.68,7
71783,2026-07-10,2026-07-12,2,335,2,16,104,415.19,6
71784,2026-07-12,2026-07-16,2,356,9,1,97,411.31,3
71785,2026-07-04,2026-07-08,1,496,18,39,123,75.51,8
71786,2026-07-21,2026-07-27,3,375,5,33,76,452.44,5
71787,2026-07-10,2026-07-11,2,369,2,31,166,497.71,3
71788,2026-07-11,2026-07-14,3,135,14,15,195,441.11,7
71789,2026-07-24,2026-07-25,3,344,17,9,52,377.89,5
71790,2026-07-30,2026-08-02,3,325,17,34,129,21.47,10
71791,2026-08-01,2026-08-07,1,447,17,6,132,109.29,5
71792,2026-07-03,2026-07-09,3,40,17,19,191,223.17,1
71793,2026-07-23,2026-07-26,2,387,3,45,84,259.21,5
71794,2026-07-19,2026-07-26,1,360,5,44,98,151.85,9
71795,2026-07-13,2026-07-20,3,476,9,10,183,461.77,5
71796,2026-07-09,2026-07-11,1,474,1,41,56,493.85,6
71797,2026-07-23,2026-07-27,2,97,12,8,190,394.6,8
71798,2026-07-19,2026-07-25,1,24,3,16,198,177.17,8
71799,2026-07-17,2026-07-22,2,489,6,39,197,241.37,10
71800,2026-07-07,2026-07-13,2,194,3,1,137,78.82,3
71801,2026-07-19,2026-07-23,3,225,8,17,23,16.78,10
71802,2026-07-07,2026-07-10,1,156,12,5,130,301.59,5
71803,2026-07-23,2026-07-27,1,408,12,28,99,275.99,3
71804,2026-07-26,2026-07-30,3,196,9,19,97,465.13,4
71805,2026-07-07,2026-07-14,3,110,12,5,10,28.58,8
71806,2026-07-14,2026-07-18,3,433,20,6,46,393.05,3
71807,2026-07-07,2026-07-14,1,373,16,34,118,401.71,7
71808,2026-07-30,2026-08-03,3,446,18,11,181,128.6,8
71809,2026-07-14,2026-07-15,3,277,16,7,30,69.69,6
71810,2026-07-18,2026-07-19,2,383,12,33,116,225.02,1
71811,2026-07-28,2026-07-31,3,105,6,32,108,227.13,10
71812,2026-07-31,2026-08-03,3,80,15,4,100,86.3,1
71813,2026-07-21,2026-07-28,2,164,4,39,82,40.49,5
71814,2026-07-12,2026-07-19,3,497,4,19,154,143.47,3
71815,2026-07-08,2026-07-13,3,223,1,48,9,274.28,6
71816,2026-07-08,2026-07-14,1,135,19,17,25,67.25,8
71817,2026-07-16,2026-07-19,1,111,3,5,197,387.93,9
71818,2026-07-21,2026-07-22,1,132,1,47,5,430.2,1
71819,2026-07-06,2026-07-09,1,303,5,24,93,499.22,3
71820,2026-07-07,2026-07-10,2,457,2,13,101,434.22,1
71821,2026-07-13,2026-07-17,3,265,18,30,160,51.08,8
71822,2026-07-31,2026-08-07,3,142,18,42,100,411.12,8
71823,2026-07-30,2026-08-04,1,222,3,34,26,445.09,1
71824,2026-07-29,2026-07-31,2,424,13,30,199,316.86,9
71825,2026-07-26,2026-07-30,2,68,10,16,137,145.69,10
71826,2026-07-17,2026-07-18,1,7,15,17,146,381.68,3
71827,2026-07-11,2026-07-17,3,485,9,25,10,253.68,9
71828,2026-07-19,2026-07-22,1,366,16,21,198,308.89,9
71829,2026-07-26,2026-08-01,2,45,1,43,135,287.96,8
71830,2026-07-10,2026-07-11,1,367,12,10,105,477.69,2
71831,2026-07-07,2026-07-10,3,254,18,21,33,381.01,1
71832,2026-07-10,2026-07-15,2,230,15,1,192,18.77,5
71833,2026-07-30,2026-08-05,3,422,14,9,110,440.16,4
71834,2026-07-17,2026-07-22,1,282,15,26,93,288.07,3
71835,2026-07-17,2026-07-23,3,453,8,11,104,70.31,1
71836,2026-08-02,2026-08-05,3,159,14,24,40,70.37,5
71837,2026-07-18,2026-07-24,3,233,14,45,166,396.77,5
71838,2026-07-04,2026-07-07,3,423,16,5,78,33.59,2
71839,2026-07-09,2026-07-13,3,191,4,13,27,88.07,6
71840,2026-07-10,2026-07-14,1,2,2,40,196,423.06,2
71841,2026-07-21,2026-07-25,3,49,16,31,200,352.3,5
71842,2026-07-25,2026-07-28,3,280,16,43,91,319.35,9
71843,2026-07-07,2026-07-10,2,477,4,43,88,360.49,4
71844,2026-07-06,2026-07-10,1,56,7,12,160,179.07,6
71845,2026-07-28,2026-08-03,3,108,6,23,175,240.59,4
71846,2026-07-30,2026-08-03,3,2,13,13,81,379.37,7
71847,2026-07-13,2026-07-16,3,274,13,33,48,348.29,10
71848,2026-07-12,2026-07-14,1,194,15,40,198,392.56,1
71849,2026-07-09,2026-07-13,1,213,13,39,22,352.78,10
71850,2026-07-14,2026-07-18,3,200,6,27,96,380.23,10
71851,2026-07-05,2026-07-07,2,23,8,18,81,195.16,8
71852,2026-07-19,2026-07-20,3,33,12,12,15,37.68,3
71853,2026-07-18,2026-07-19,3,44,15,45,169,12.26,2
71854,2026-07-30,2026-08-01,1,85,5,19,105,275.92,9
71855,2026-07-14,2026-07-21,2,59,18,50,196,416.28,6
71856,2026-07-25,2026-07-28,1,467,20,19,168,333.18,1
71857,2026-07-16,2026-07-18,1,62,8,42,10,322.45,6
71858,2026-07-30,2026-08-04,3,127,3,45,31,287.83,3
71859,2026-08-02,2026-08-09,1,480,3,35,30,488.24,4
71860,2026-07-13,2026-07-15,3,167,18,20,93,392.96,3
71861,2026-07-16,2026-07-22,3,462,8,30,84,274.1,5
71862,2026-07-23,2026-07-25,1,216,3,27,159,263.51,4
71863,2026-07-24,2026-07-26,2,176,8,50,40,147.64,5
71864,2026-07-23,2026-07-24,2,151,4,12,43,113.42,6
71865,2026-07-12,2026-07-18,1,461,5,45,94,390.9,1
71866,2026-07-19,2026-07-22,2,358,20,32,22,49.51,9
71867,2026-08-02,2026-08-05,2,309,4,31,93,172.87,2
71868,2026-07-06,2026-07-09,2,258,9,46,191,105.74,8
71869,2026-07-11,2026-07-13,2,215,3,14,172,177.64,5
71870,2026-07-03,2026-07-08,3,460,7,38,159,392.22,7
71871,2026-07-06,2026-07-07,2,31,5,38,63,95.85,6
71872,2026-07-05,2026-07-09,2,195,18,32,200,152.54,6
71873,2026-07-06,2026-07-12,1,460,14,30,151,79.98,2
71874,2026-07-26,2026-08-02,2,435,16,44,170,21.38,7
71875,2026-08-01,2026-08-07,2,100,15,16,14,298.8,2
71876,2026-07-12,2026-07-18,3,189,4,15,137,30.25,7
71877,2026-07-18,2026-07-21,3,338,20,12,172,290.15,5
71878,2026-07-25,2026-07-30,3,353,12,13,117,342.58,7
71879,2026-07-23,2026-07-28,2,299,3,44,140,345.36,8
71880,2026-07-08,2026-07-15,1,136,1,28,107,235.89,1
71881,2026-07-14,2026-07-21,1,55,10,30,5,185.76,2
71882,2026-07-03,2026-07-04,2,485,14,42,57,83.57,3
71883,2026-07-08,2026-07-09,2,413,1,38,77,405.99,5
71884,2026-07-08,2026-07-12,1,434,8,34,34,417.11,8
71885,2026-07-30,2026-07-31,2,456,15,16,99,326.94,7
71886,2026-07-07,2026-07-14,1,272,9,17,107,73.83,8
71887,2026-07-30,2026-08-04,3,208,6,42,56,397.33,3
71888,2026-07-22,2026-07-23,3,73,20,36,103,299.53,3
71889,2026-07-13,2026-07-19,3,46,16,25,148,271.29,7
71890,2026-07-29,2026-08-02,3,109,5,18,101,429.44,3
71891,2026-07-06,2026-07-12,3,153,19,39,87,266.33,4
71892,2026-07-15,2026-07-18,1,240,14,9,80,62.38,2
71893,2026-07-19,2026-07-25,3,368,2,41,136,441.49,7
71894,2026-07-19,2026-07-24,3,118,12,18,134,15.43,10
71895,2026-07-23,2026-07-25,2,391,8,27,152,395.28,8
71896,2026-07-03,2026-07-05,1,191,4,41,2,491.32,4
71897,2026-08-01,2026-08-06,3,79,11,42,35,404.61,5
71898,2026-07-22,2026-07-23,3,25,6,26,6,176.02,5
71899,2026-07-23,2026-07-27,2,285,7,14,124,60.08,7
71900,2026-07-29,2026-08-01,3,173,5,50,141,349.96,10
71901,2026-07-29,2026-08-04,2,363,10,31,119,434.65,4
71902,2026-07-08,2026-07-12,3,153,17,26,21,305.46,1
71903,2026-07-23,2026-07-28,1,225,3,11,121,40.22,5
71904,2026-07-13,2026-07-18,1,301,15,28,27,138.98,10
71905,2026-07-27,2026-08-03,2,429,10,26,148,286.64,7
71906,2026-07-13,2026-07-18,2,417,5,18,33,254.9,3
71907,2026-07-29,2026-07-30,1,341,6,49,73,106.5,8
71908,2026-08-02,2026-08-04,2,159,16,18,181,185.99,7
71909,2026-07-23,2026-07-27,2,495,19,32,191,34.87,1
71910,2026-07-03,2026-07-06,3,334,15,5,65,393.23,4
71911,2026-07-23,2026-07-29,2,165,7,14,140,438.2,3
71912,2026-07-05,2026-07-12,1,421,12,1,196,310.41,6
71913,2026-08-02,2026-08-09,3,76,2,46,169,371.58,5
71914,2026-07-15,2026-07-18,1,415,17,35,36,243.81,6
71915,2026-07-06,2026-07-13,3,372,8,35,75,57.08,5
71916,2026-07-30,2026-08-05,3,107,4,34,67,380.18,9
71917,2026-07-29,2026-08-03,3,252,5,29,152,406.48,6
71918,2026-07-03,2026-07-05,2,253,8,16,181,327.11,9
71919,2026-07-16,2026-07-19,3,149,9,3,186,403.88,6
71920,2026-07-17,2026-07-18,2,403,19,44,6,447.53,6
71921,2026-07-06,2026-07-12,1,291,18,34,12,359.53,8
71922,2026-07-31,2026-08-03,2,416,10,34,60,394.17,1
71923,2026-07-05,2026-07-09,2,110,4,19,65,160.87,6
71924,2026-07-10,2026-07-14,2,492,7,27,49,378.15,8
71925,2026-07-06,2026-07-13,2,279,14,41,160,211.1,8
71926,2026-07-27,2026-07-30,1,291,13,8,136,224.69,1
71927,2026-07-25,2026-07-28,2,323,19,27,3,389.44,7
71928,2026-08-01,2026-08-02,2,220,20,46,148,5.65,9
71929,2026-07-17,2026-07-21,2,8,17,37,28,293.38,2
71930,2026-07-10,2026-07-11,1,69,20,47,173,221.58,7
71931,2026-07-28,2026-07-30,2,326,13,31,136,351.05,4
71932,2026-07-22,2026-07-26,3,125,3,45,1,270.77,6
71933,2026-07-04,2026-07-07,2,286,9,32,147,278.09,1
71934,2026-07-15,2026-07-21,2,414,14,16,145,316.19,1
71935,2026-07-20,2026-07-24,2,297,18,43,5,431.67,7
71936,2026-07-27,2026-08-03,1,129,11,33,69,195.34,2
71937,2026-07-04,2026-07-09,1,189,16,26,159,201.34,7
71938,2026-07-26,2026-07-31,1,90,15,36,71,381.56,7
71939,2026-07-07,2026-07-08,1,49,15,43,19,211.81,7
71940,2026-07-18,2026-07-20,1,260,15,43,173,63.24,10
71941,2026-07-15,2026-07-20,2,31,2,17,187,345.65,4
71942,2026-07-10,2026-07-14,1,305,13,48,33,345.87,2
71943,2026-07-12,2026-07-15,3,500,15,22,155,241.13,8
71944,2026-07-12,2026-07-16,2,300,6,41,180,86.37,2
71945,2026-07-15,2026-07-21,1,171,4,12,96,384.55,10
71946,2026-07-31,2026-08-03,3,62,20,1,24,154.97,8
71947,2026-07-13,2026-07-16,3,136,9,16,109,100.9,2
71948,2026-07-20,2026-07-22,1,371,9,43,75,50.06,7
71949,2026-08-01,2026-08-04,1,68,6,44,34,83.21,1
71950,2026-07-08,2026-07-15,3,44,4,12,126,233.58,5
71951,2026-07-20,2026-07-22,1,65,20,1,50,302.88,10
71952,2026-07-16,2026-07-23,1,346,13,37,67,298.59,8
71953,2026-07-26,2026-08-02,2,128,14,1,161,69.9,8
71954,2026-08-02,2026-08-04,1,288,3,11,169,292.38,8
71955,2026-07-12,2026-07-17,3,231,7,7,144,256.06,10
71956,2026-07-06,2026-07-07,2,238,14,39,70,496.66,3
71957,2026-07-19,2026-07-20,2,105,2,6,82,201.84,6
71958,2026-07-22,2026-07-23,1,223,8,41,71,461.03,4
71959,2026-07-06,2026-07-08,2,457,6,15,168,499.81,5
71960,2026-07-06,2026-07-12,1,290,10,37,195,76.22,6
71961,2026-07-27,2026-07-31,3,292,10,29,192,446.51,9
71962,2026-07-20,2026-07-27,1,124,5,16,113,64.27,4
71963,2026-07-12,2026-07-18,1,57,19,5,177,55.27,4
71964,2026-07-03,2026-07-06,2,49,7,16,154,248.12,4
71965,2026-07-04,2026-07-11,1,155,15,31,98,345.75,7
71966,2026-07-12,2026-07-14,3,33,17,3,14,387.57,7
71967,2026-07-30,2026-08-04,3,331,7,28,199,176.81,7
71968,2026-07-26,2026-07-31,3,333,9,39,143,320.3,4
71969,2026-07-26,2026-08-02,2,12,10,7,147,164.41,3
71970,2026-07-12,2026-07-13,3,252,1,42,159,345.15,5
71971,2026-07-27,2026-07-29,3,64,6,26,77,219.9,8
71972,2026-07-18,2026-07-23,1,379,17,17,98,119.8,4
71973,2026-07-22,2026-07-23,2,81,4,45,46,463.76,1
71974,2026-07-27,2026-07-29,1,92,7,26,39,411.52,9
71975,2026-07-11,2026-07-15,2,449,13,30,36,408.78,3
71976,2026-07-17,2026-07-21,3,84,7,26,111,136.87,3
71977,2026-08-02,2026-08-04,1,330,18,7,74,162.68,8
71978,2026-07-13,2026-07-14,2,478,20,9,43,374.74,4
71979,2026-08-02,2026-08-07,1,277,12,28,46,451.57,1
71980,2026-08-02,2026-08-04,3,12,14,17,165,123.97,2
71981,2026-07-28,2026-07-29,2,252,2,1,110,413.71,4
71982,2026-07-16,2026-07-18,1,251,2,40,52,352.38,8
71983,2026-07-20,2026-07-26,3,357,19,17,177,199.07,9
71984,2026-07-03,2026-07-06,1,16,20,21,53,216.08,10
71985,2026-07-30,2026-08-01,2,310,15,17,74,28.86,1
71986,2026-07-09,2026-07-11,2,48,17,35,113,498.14,10
71987,2026-07-13,2026-07-20,2,365,19,20,144,90.61,2
71988,2026-07-09,2026-07-14,1,12,10,23,84,81.84,10
71989,2026-07-30,2026-07-31,3,479,16,42,136,307.91,7
71990,2026-07-22,2026-07-24,1,496,2,47,139,255.95,5
71991,2026-08-01,2026-08-03,3,189,20,25,73,475.95,8
71992,2026-08-01,2026-08-02,1,446,13,40,4,383.76,7
71993,2026-07-10,2026-07-13,2,333,10,39,85,307.24,2
71994,2026-07-23,2026-07-27,2,494,16,37,21,163.01,1
71995,2026-08-01,2026-08-08,3,246,9,29,100,94.49,7
71996,2026-07-31,2026-08-05,1,445,19,32,191,236.13,1
71997,2026-07-23,2026-07-25,2,164,15,46,152,390.3,2
71998,2026-07-12,2026-07-19,1,145,11,26,87,189.35,3
71999,2026-07-04,2026-07-07,1,420,9,6,58,87.8,6
72000,2026-07-06,2026-07-07,1,275,9,20,78,93.03,7
72001,2026-07-12,2026-07-14,3,119,5,33,84,204.76,5
72002,2026-07-26,2026-08-01,2,187,11,22,118,178.75,10
72003,2026-07-10,2026-07-15,1,50,16,22,5,307.44,4
72004,2026-07-12,2026-07-15,2,156,2,49,45,173.4,1
72005,2026-07-25,2026-07-28,1,452,7,27,66,85.84,6
72006,2026-07-05,2026-07-06,1,472,8,23,173,101.11,5
72007,2026-07-19,2026-07-20,2,448,5,32,106,134.68,6
72008,2026-07-30,2026-08-04,3,352,6,41,76,454.94,5
72009,2026-07-29,2026-08-02,1,382,11,41,20,96.68,10
72010,2026-07-27,2026-07-30,3,276,16,19,150,176.12,7
72011,2026-07-19,2026-07-25,1,223,17,29,184,27.73,1
72012,2026-07-27,2026-07-29,3,433,14,12,175,267.15,8
72013,2026-07-15,2026-07-17,2,157,4,49,124,93.05,7
72014,2026-07-25,2026-08-01,2,482,17,49,130,15.7,1
72015,2026-07-19,2026-07-24,1,215,20,1,77,372.97,1
72016,2026-07-30,2026-08-04,1,346,18,43,141,257.39,1
72017,2026-07-15,2026-07-22,2,468,14,41,78,424.4,6
72018,2026-07-05,2026-07-08,2,25,14,37,101,335.31,9
72019,2026-07-08,2026-07-11,1,77,18,16,1,126.92,10
72020,2026-07-19,2026-07-23,1,70,17,30,116,394.15,8
72021,2026-07-28,2026-08-02,3,49,4,42,140,268.02,8
72022,2026-07-04,2026-07-10,3,478,2,3,17,278.37,3
72023,2026-07-05,2026-07-12,2,386,9,4,130,355.96,1
72024,2026-07-04,2026-07-05,2,131,1,37,199,101.72,5
72025,2026-07-11,2026-07-16,2,223,13,21,54,354.77,10
72026,2026-07-18,2026-07-24,1,49,9,34,32,252.25,4
72027,2026-07-15,2026-07-22,1,244,19,49,12,98.36,3
72028,2026-07-26,2026-07-28,3,275,3,25,159,45.19,1
72029,2026-07-30,2026-07-31,3,15,11,11,1,115.03,4
72030,2026-07-17,2026-07-20,3,432,17,9,53,133.99,1
72031,2026-07-27,2026-07-30,2,300,11,26,155,44.95,4
72032,2026-07-26,2026-07-27,2,269,9,42,5,330.89,10
72033,2026-07-16,2026-07-20,1,265,17,41,155,450.5,1
72034,2026-07-28,2026-07-31,3,440,16,1,1,370.7,5
72035,2026-08-02,2026-08-08,3,120,10,33,30,78.23,4
72036,2026-07-31,2026-08-02,3,111,13,37,14,383.16,8
72037,2026-07-05,2026-07-10,2,241,16,15,21,334.75,8
72038,2026-07-20,2026-07-26,3,499,6,9,80,329.7,4
72039,2026-07-20,2026-07-23,2,200,7,19,40,336.56,10
72040,2026-07-05,2026-07-11,1,97,1,3,148,49.97,1
72041,2026-07-12,2026-07-15,2,232,9,16,171,119.67,7
72042,2026-07-15,2026-07-21,2,136,6,9,86,430.12,4
72043,2026-07-24,2026-07-27,1,126,5,22,73,115.88,9
72044,2026-07-14,2026-07-20,1,433,13,32,185,15.75,5
72045,2026-07-11,2026-07-17,1,130,19,19,9,137.23,5
72046,2026-07-10,2026-07-11,1,383,9,20,12,50.81,5
72047,2026-07-29,2026-08-02,2,431,1,30,2,268.33,2
72048,2026-07-11,2026-07-17,3,22,16,33,160,428.33,7
72049,2026-07-25,2026-07-31,1,465,7,42,118,210.54,6
72050,2026-07-24,2026-07-25,3,314,6,15,25,442.39,5
72051,2026-07-04,2026-07-10,1,261,5,1,194,471.95,1
72052,2026-07-25,2026-07-28,2,161,19,26,129,164.22,6
72053,2026-07-11,2026-07-13,3,238,12,27,183,489.54,5
72054,2026-07-03,2026-07-09,1,434,15,10,40,16.51,6
72055,2026-07-10,2026-07-15,3,191,19,28,76,89.07,2
72056,2026-07-10,2026-07-16,2,156,17,11,166,329.53,6
72057,2026-07-13,2026-07-15,2,145,5,45,124,487.23,8
72058,2026-07-18,2026-07-19,1,9,16,18,91,416.87,7
72059,2026-07-04,2026-07-05,2,119,9,34,57,88.32,7
72060,2026-07-25,2026-07-31,3,178,19,48,149,363.4,2
72061,2026-07-22,2026-07-27,3,478,8,36,177,18.32,4
72062,2026-08-01,2026-08-04,1,22,1,49,64,322.93,3
72063,2026-07-25,2026-07-30,2,385,19,32,63,456.23,3
72064,2026-07-21,2026-07-22,1,164,4,41,141,104.96,6
72065,2026-07-21,2026-07-22,3,102,7,1,174,401.18,7
72066,2026-07-19,2026-07-25,1,189,4,41,48,6.82,7
72067,2026-07-04,2026-07-05,1,259,5,13,30,389.82,9
72068,2026-07-17,2026-07-24,1,496,19,31,67,72.36,1
72069,2026-07-13,2026-07-19,1,251,15,20,7,323.14,1
72070,2026-07-26,2026-07-30,2,52,6,43,166,279.35,8
72071,2026-08-01,2026-08-08,1,252,15,15,46,488.51,6
72072,2026-08-02,2026-08-04,1,146,17,50,165,365.57,6
72073,2026-07-18,2026-07-22,3,66,16,12,56,233.41,8
72074,2026-07-10,2026-07-12,1,374,13,33,171,39.16,3
72075,2026-07-23,2026-07-25,3,368,1,12,137,354.95,5
72076,2026-07-07,2026-07-11,3,386,10,9,130,175.1,5
72077,2026-07-16,2026-07-20,2,235,13,30,159,135.61,2
72078,2026-07-11,2026-07-14,1,86,2,45,191,6.81,3
72079,2026-07-10,2026-07-12,2,104,12,22,70,127.23,1
72080,2026-07-18,2026-07-20,1,27,16,22,68,386.66,2
72081,2026-08-01,2026-08-08,2,438,3,34,66,165.45,4
72082,2026-07-31,2026-08-02,3,198,14,32,152,239.64,5
72083,2026-07-26,2026-07-31,3,244,17,32,119,147.43,3
72084,2026-07-15,2026-07-17,3,374,1,47,14,354.28,10
72085,2026-07-05,2026-07-08,3,90,18,29,138,195.97,2
72086,2026-07-10,2026-07-17,3,136,7,42,92,68.4,1
72087,2026-07-15,2026-07-16,3,357,4,36,185,349.62,2
72088,2026-07-08,2026-07-10,1,66,10,33,131,354.72,5
72089,2026-07-12,2026-07-15,1,257,10,48,173,92.9,1
72090,2026-07-22,2026-07-25,2,472,5,41,53,434.23,3
72091,2026-07-07,2026-07-11,3,134,20,36,33,450.49,10
72092,2026-07-08,2026-07-09,1,297,17,46,70,365.37,9
72093,2026-07-03,2026-07-04,3,213,19,10,31,172.45,8
72094,2026-07-26,2026-08-01,1,232,17,39,23,470.05,7
72095,2026-08-01,2026-08-03,3,471,19,13,155,181.61,5
72096,2026-07-10,2026-07-11,2,384,3,18,102,446.98,4
72097,2026-07-12,2026-07-18,1,45,14,29,89,157.36,9
72098,2026-07-22,2026-07-23,1,463,2,35,89,361.47,2
72099,2026-07-26,2026-07-31,1,5,3,45,30,339.79,7
72100,2026-07-22,2026-07-25,2,262,12,50,81,492.2,6
72101,2026-07-08,2026-07-14,1,461,5,3,37,36.88,1
72102,2026-07-17,2026-07-22,3,400,16,46,34,131.12,8
72103,2026-07-10,2026-07-12,1,356,9,8,142,184.24,7
72104,2026-07-22,2026-07-26,3,14,7,49,97,192.86,3
72105,2026-07-23,2026-07-24,2,369,4,44,106,407.43,6
72106,2026-07-04,2026-07-11,2,469,5,5,108,70.44,3
72107,2026-07-08,2026-07-09,1,28,19,48,126,87.47,3
72108,2026-07-03,2026-07-07,3,365,12,19,65,204.09,5
72109,2026-07-15,2026-07-21,2,276,2,20,56,481.37,10
72110,2026-07-03,2026-07-08,3,305,10,2,28,38.74,2
72111,2026-07-22,2026-07-29,1,219,4,30,89,420.28,2
72112,2026-08-01,2026-08-04,2,304,2,2,171,441.03,10
72113,2026-07-12,2026-07-17,1,494,17,6,19,77.06,10
72114,2026-07-20,2026-07-27,1,100,1,36,183,287.09,6
72115,2026-07-27,2026-08-01,2,76,11,11,120,38.42,10
72116,2026-08-02,2026-08-09,3,380,16,31,157,348.18,6
72117,2026-07-28,2026-08-02,2,356,12,8,18,96.44,9
72118,2026-07-24,2026-07-31,1,274,16,20,171,143.84,9
72119,2026-07-13,2026-07-15,2,492,2,23,34,118.01,6
72120,2026-07-17,2026-07-18,2,79,9,32,53,176.66,7
72121,2026-07-31,2026-08-04,2,448,12,26,82,96.13,9
72122,2026-07-27,2026-08-01,2,52,19,17,190,268.4,5
72123,2026-07-13,2026-07-16,2,64,10,33,13,214.17,2
72124,2026-07-03,2026-07-07,2,98,10,32,28,478.1,2
72125,2026-07-14,2026-07-18,2,128,19,31,176,485.58,3
72126,2026-07-05,2026-07-07,1,324,4,7,77,296.4,3
72127,2026-07-26,2026-08-02,2,74,3,24,107,236.04,5
72128,2026-07-20,2026-07-24,2,87,4,19,6,237.29,8
72129,2026-07-09,2026-07-16,1,422,9,14,120,157.62,6
72130,2026-07-07,2026-07-08,3,242,20,21,67,246.6,2
72131,2026-07-12,2026-07-13,3,175,9,26,38,241.35,8
72132,2026-07-05,2026-07-08,2,26,1,30,169,394.52,3
72133,2026-08-01,2026-08-08,2,62,3,15,10,62.78,9
72134,2026-07-28,2026-07-30,2,28,5,28,175,16.85,8
72135,2026-07-26,2026-07-30,1,163,16,14,49,49.53,8
72136,2026-07-29,2026-08-03,2,141,18,12,165,56.59,3
72137,2026-07-03,2026-07-10,2,275,17,35,27,73.89,3
72138,2026-07-24,2026-07-31,1,218,16,8,98,291.13,1
72139,2026-07-31,2026-08-06,1,75,12,1,58,335.51,9
72140,2026-07-16,2026-07-18,1,359,19,5,111,313.19,3
72141,2026-07-03,2026-07-06,1,299,6,29,86,43.56,9
72142,2026-07-25,2026-08-01,1,481,20,32,133,43.62,4
72143,2026-07-21,2026-07-22,2,408,20,5,11,93.11,10
72144,2026-08-02,2026-08-09,1,374,16,3,90,101.6,9
72145,2026-07-18,2026-07-22,1,119,2,16,158,485.27,4
72146,2026-07-22,2026-07-26,2,200,3,49,5,415.98,5
72147,2026-07-29,2026-07-30,2,449,3,50,147,110.82,6
72148,2026-07-28,2026-08-03,3,310,3,45,141,319.5,4
72149,2026-07-20,2026-07-22,3,140,10,46,171,303.69,4
72150,2026-07-12,2026-07-16,2,439,19,49,98,8.68,10
72151,2026-07-09,2026-07-12,1,404,5,43,91,140.4,7
72152,2026-07-17,2026-07-20,1,90,18,38,34,416.29,3
72153,2026-07-13,2026-07-19,1,482,8,23,92,112.0,2
72154,2026-07-13,2026-07-17,3,418,20,14,198,319.75,9
72155,2026-07-10,2026-07-15,3,448,10,9,36,159.16,3
72156,2026-07-11,2026-07-12,3,339,9,28,135,382.62,6
72157,2026-07-17,2026-07-21,2,436,11,33,142,124.72,2
72158,2026-08-01,2026-08-03,2,383,9,23,138,365.51,7
72159,2026-07-26,2026-08-02,2,374,17,25,27,285.05,6
72160,2026-08-01,2026-08-05,1,121,6,21,52,494.19,1
72161,2026-07-27,2026-08-03,2,220,7,24,57,384.88,1
72162,2026-07-09,2026-07-15,3,478,15,6,111,269.9,1
72163,2026-07-05,2026-07-12,2,129,11,48,101,51.59,1
72164,2026-07-13,2026-07-16,3,93,5,5,181,292.35,4
72165,2026-07-15,2026-07-20,2,277,6,17,84,438.32,4
72166,2026-07-11,2026-07-14,2,457,11,46,167,109.15,3
72167,2026-07-15,2026-07-19,3,55,18,41,161,206.14,7
72168,2026-07-26,2026-07-31,2,85,15,44,91,25.76,9
72169,2026-07-03,2026-07-04,1,54,17,33,105,175.91,3
72170,2026-07-29,2026-07-30,1,55,5,14,165,211.73,2
72171,2026-07-04,2026-07-09,2,420,16,42,101,59.12,7
72172,2026-07-31,2026-08-02,1,373,17,30,100,257.28,3
72173,2026-07-10,2026-07-16,3,52,3,15,160,95.85,7
72174,2026-07-13,2026-07-20,3,154,18,49,170,234.82,8
72175,2026-07-06,2026-07-10,2,157,10,45,90,398.46,6
72176,2026-07-13,2026-07-18,2,385,7,5,145,89.52,8
72177,2026-07-17,2026-07-24,2,459,6,37,193,128.04,1
72178,2026-07-19,2026-07-22,3,390,15,17,179,221.75,7
72179,2026-07-27,2026-07-30,2,59,16,22,164,409.15,5
72180,2026-07-05,2026-07-06,2,10,8,39,168,453.97,7
72181,2026-07-29,2026-07-31,2,407,14,28,195,170.57,5
72182,2026-07-23,2026-07-26,1,75,5,29,147,339.45,7
72183,2026-07-14,2026-07-20,2,177,6,39,181,304.53,8
72184,2026-07-10,2026-07-12,3,385,17,12,125,327.26,2
72185,2026-07-25,2026-07-30,1,301,4,4,113,428.5,2
72186,2026-07-17,2026-07-22,2,345,20,16,58,241.78,3
72187,2026-07-03,2026-07-07,3,369,9,20,40,414.04,9
72188,2026-07-16,2026-07-19,1,62,2,46,62,469.46,5
72189,2026-07-24,2026-07-27,3,500,15,14,152,234.35,9
72190,2026-07-07,2026-07-08,1,52,13,39,8,379.11,7
72191,2026-07-15,2026-07-19,2,50,5,48,151,188.12,6
72192,2026-07-28,2026-08-03,2,300,8,25,98,365.62,7
72193,2026-08-01,2026-08-04,2,305,19,43,1,289.65,1
72194,2026-07-08,2026-07-13,1,95,15,2,147,295.73,8
72195,2026-07-08,2026-07-09,3,223,4,45,100,32.63,6
72196,2026-07-26,2026-08-02,2,40,3,7,109,102.18,7
72197,2026-07-13,2026-07-15,3,294,15,22,6,245.13,2
72198,2026-07-21,2026-07-26,1,126,19,12,105,137.02,9
72199,2026-07-12,2026-07-18,2,384,10,10,163,120.51,10
72200,2026-07-20,2026-07-27,3,308,14,29,80,259.88,2
72201,2026-07-03,2026-07-10,1,382,8,48,57,261.26,7
72202,2026-07-25,2026-07-30,1,196,6,37,38,360.47,3
72203,2026-07-30,2026-08-06,3,36,14,30,87,195.0,10
72204,2026-07-09,2026-07-15,2,355,6,3,26,316.75,1
72205,2026-07-10,2026-07-13,3,478,16,3,62,18.89,10
72206,2026-07-12,2026-07-15,2,435,4,4,25,418.8,8
72207,2026-07-06,2026-07-13,2,400,7,17,188,344.35,3
72208,2026-07-23,2026-07-29,3,287,3,1,85,334.34,3
72209,2026-07-14,2026-07-16,3,81,1,16,48,198.19,6
72210,2026-08-01,2026-08-06,2,70,11,42,13,308.49,2
72211,2026-07-15,2026-07-17,1,52,11,19,172,310.2,10
72212,2026-07-20,2026-07-23,2,149,15,15,191,320.51,4
72213,2026-07-23,2026-07-26,2,489,8,49,136,457.09,2
72214,2026-07-27,2026-07-30,1,246,1,19,97,46.4,5
72215,2026-07-14,2026-07-16,3,68,7,30,105,59.83,9
72216,2026-08-02,2026-08-06,1,202,14,27,72,132.16,2
72217,2026-07-15,2026-07-20,1,484,12,17,83,427.95,1
72218,2026-07-31,2026-08-04,3,421,15,28,123,240.39,2
72219,2026-07-09,2026-07-11,2,175,17,10,128,114.93,2
72220,2026-07-07,2026-07-11,2,256,9,12,165,431.31,2
72221,2026-07-03,2026-07-07,1,352,12,46,112,393.55,4
72222,2026-08-02,2026-08-07,3,298,17,40,87,236.71,8
72223,2026-07-07,2026-07-08,1,322,4,18,57,226.11,5
72224,2026-07-19,2026-07-25,3,451,15,50,36,177.56,10
72225,2026-08-01,2026-08-06,2,230,14,4,131,424.09,4
72226,2026-07-30,2026-08-05,2,128,9,18,141,232.48,10
72227,2026-08-02,2026-08-03,3,116,15,5,162,126.46,3
72228,2026-07-27,2026-08-02,1,207,6,29,91,261.32,8
72229,2026-07-13,2026-07-15,2,277,6,6,3,437.9,8
72230,2026-08-01,2026-08-07,2,317,1,6,140,159.44,8
72231,2026-07-15,2026-07-17,3,197,9,46,49,258.98,7
72232,2026-07-06,2026-07-09,3,114,13,46,160,400.12,6
72233,2026-07-18,2026-07-19,1,328,18,28,58,38.36,10
72234,2026-07-06,2026-07-08,3,75,20,37,52,157.06,3
72235,2026-07-24,2026-07-31,2,357,13,1,18,189.62,9
72236,2026-07-22,2026-07-27,2,246,17,20,137,207.95,10
72237,2026-07-31,2026-08-04,2,308,14,13,41,324.72,2
72238,2026-07-09,2026-07-10,1,24,7,19,119,226.31,10
72239,2026-07-13,2026-07-15,3,19,6,36,10,255.19,2
72240,2026-07-10,2026-07-11,1,147,1,16,163,188.59,10
72241,2026-07-27,2026-07-31,3,119,4,1,103,292.96,8
72242,2026-07-17,2026-07-21,3,396,8,33,106,203.37,3
72243,2026-07-16,2026-07-17,3,358,13,50,27,56.26,3
72244,2026-07-26,2026-07-29,2,138,20,10,157,162.98,6
72245,2026-07-11,2026-07-17,1,65,8,31,50,24.94,1
72246,2026-07-28,2026-08-04,2,213,3,41,191,203.77,6
72247,2026-07-18,2026-07-23,1,82,4,28,185,243.12,10
72248,2026-07-30,2026-08-03,3,470,17,18,185,182.67,6
72249,2026-07-30,2026-08-06,3,364,12,45,120,249.5,1
72250,2026-07-18,2026-07-24,3,166,16,29,23,366.19,9
72251,2026-07-05,2026-07-11,3,203,20,38,65,222.39,4
72252,2026-07-10,2026-07-11,1,411,18,42,120,463.44,5
72253,2026-07-11,2026-07-14,1,220,17,42,178,232.52,5
72254,2026-07-25,2026-07-27,1,245,9,17,67,140.38,5
72255,2026-07-30,2026-08-05,1,438,3,45,108,36.68,1
72256,2026-07-26,2026-07-30,3,472,10,36,170,52.39,10
72257,2026-07-30,2026-07-31,3,314,11,50,157,105.57,9
72258,2026-07-20,2026-07-27,1,154,9,33,74,78.35,10
72259,2026-07-07,2026-07-13,3,80,10,42,109,145.04,8
72260,2026-07-31,2026-08-07,3,251,14,16,179,43.78,5
72261,2026-07-24,2026-07-31,1,77,9,26,73,5.11,9
72262,2026-07-09,2026-07-11,3,143,17,49,165,310.69,2
72263,2026-07-08,2026-07-15,3,166,4,46,78,280.69,9
72264,2026-07-23,2026-07-30,2,80,6,30,165,304.98,2
72265,2026-07-21,2026-07-22,1,393,4,42,106,320.01,1
72266,2026-07-26,2026-07-31,3,495,6,34,160,490.52,3
72267,2026-07-13,2026-07-18,1,197,11,12,48,265.31,1
72268,2026-07-15,2026-07-19,1,293,9,29,3,121.21,6
72269,2026-07-22,2026-07-25,1,239,19,14,93,302.06,7
72270,2026-07-30,2026-08-05,1,294,11,6,195,493.66,6
72271,2026-07-07,2026-07-08,1,405,15,2,161,339.88,3
72272,2026-07-27,2026-07-31,3,199,15,18,118,356.34,3
72273,2026-07-14,2026-07-21,2,346,18,27,119,329.12,1
72274,2026-07-11,2026-07-13,1,166,5,42,191,26.61,4
72275,2026-07-21,2026-07-25,3,241,5,3,168,202.13,5
72276,2026-07-15,2026-07-18,2,249,17,46,31,29.53,7
72277,2026-07-30,2026-08-05,3,187,6,16,190,436.35,8
72278,2026-07-27,2026-07-29,2,367,7,7,90,396.98,6
72279,2026-07-05,2026-07-12,1,79,16,36,108,187.56,4
72280,2026-07-03,2026-07-08,1,175,14,23,99,374.06,1
72281,2026-07-27,2026-07-29,3,294,7,11,72,325.9,6
72282,2026-07-10,2026-07-15,3,271,20,43,146,194.03,1
72283,2026-07-03,2026-07-07,2,491,3,44,37,116.7,10
72284,2026-07-04,2026-07-09,1,435,4,21,154,431.55,10
72285,2026-07-04,2026-07-09,3,486,12,42,200,108.32,5
72286,2026-07-28,2026-07-29,3,43,15,35,196,317.16,2
72287,2026-07-12,2026-07-14,3,484,18,15,19,194.82,1
72288,2026-07-24,2026-07-25,2,391,17,20,32,10.19,5
72289,2026-07-16,2026-07-17,3,171,9,23,184,65.93,8
72290,2026-07-12,2026-07-17,3,441,16,19,147,202.9,9
72291,2026-07-18,2026-07-25,1,348,7,25,22,285.41,3
72292,2026-07-16,2026-07-19,3,237,15,38,119,494.6,10
72293,2026-07-21,2026-07-25,3,431,20,9,133,45.87,1
72294,2026-07-25,2026-07-26,3,332,8,10,95,143.48,2
72295,2026-07-18,2026-07-24,2,148,17,20,196,205.77,6
72296,2026-07-25,2026-07-30,3,239,18,29,143,396.6,9
72297,2026-07-29,2026-08-04,1,362,20,44,113,251.6,4
72298,2026-07-18,2026-07-20,3,203,14,16,64,389.91,8
72299,2026-07-10,2026-07-14,2,184,15,20,80,161.83,1
72300,2026-08-01,2026-08-07,1,450,11,44,96,266.69,7
72301,2026-07-09,2026-07-16,3,359,20,11,16,114.44,2
72302,2026-07-12,2026-07-15,2,314,5,25,109,140.5,10
72303,2026-07-05,2026-07-10,2,370,18,12,199,443.53,8
72304,2026-07-31,2026-08-04,2,383,7,24,189,225.9,8
72305,2026-07-27,2026-08-03,3,7,19,48,78,256.58,9
72306,2026-07-31,2026-08-01,3,98,1,16,67,487.74,7
72307,2026-07-16,2026-07-20,1,495,15,49,124,6.29,7
72308,2026-07-23,2026-07-28,2,387,10,40,109,365.55,6
72309,2026-07-20,2026-07-25,3,497,8,38,21,455.81,6
72310,2026-07-28,2026-07-29,2,145,10,33,44,410.13,4
72311,2026-07-31,2026-08-07,1,185,10,35,130,238.91,8
72312,2026-08-01,2026-08-08,3,318,17,29,23,246.27,7
72313,2026-07-31,2026-08-05,2,30,19,21,94,273.07,6
72314,2026-07-28,2026-08-03,3,91,20,21,57,15.54,6
72315,2026-07-15,2026-07-17,1,230,11,27,178,37.51,1
72316,2026-07-29,2026-08-05,1,15,6,48,143,476.68,4
72317,2026-07-15,2026-07-22,1,328,1,47,194,261.95,10
72318,2026-07-06,2026-07-09,2,138,1,8,173,194.16,7
72319,2026-07-19,2026-07-24,1,433,11,27,135,76.29,1
72320,2026-08-01,2026-08-08,1,109,7,36,140,312.25,4
72321,2026-07-09,2026-07-13,2,347,11,16,45,129.04,9
72322,2026-07-14,2026-07-18,2,321,9,40,136,292.94,6
72323,2026-07-30,2026-08-02,2,131,13,44,187,349.21,2
72324,2026-07-25,2026-07-31,2,378,11,37,34,429.97,1
72325,2026-07-07,2026-07-10,2,276,14,43,159,7.95,7
72326,2026-07-27,2026-08-01,1,119,14,20,63,411.95,7
72327,2026-07-20,2026-07-24,1,364,3,16,188,235.67,3
72328,2026-07-21,2026-07-22,2,399,12,38,140,451.27,2
72329,2026-07-07,2026-07-14,2,476,15,14,12,165.55,5
72330,2026-07-23,2026-07-27,3,69,13,37,11,375.51,8
72331,2026-07-16,2026-07-23,2,272,5,48,163,396.61,7
72332,2026-07-10,2026-07-17,1,429,3,41,181,119.35,6
72333,2026-07-29,2026-07-30,3,113,8,19,175,237.13,1
72334,2026-07-09,2026-07-15,3,219,12,45,140,483.83,6
72335,2026-07-23,2026-07-27,3,278,16,21,10,400.01,7
72336,2026-07-14,2026-07-18,1,371,12,44,141,411.56,9
72337,2026-08-02,2026-08-05,3,291,5,43,149,199.42,3
72338,2026-07-28,2026-08-03,3,100,3,11,84,245.4,6
72339,2026-07-31,2026-08-02,2,431,12,11,165,353.55,2
72340,2026-07-24,2026-07-25,1,489,17,50,29,187.16,1
72341,2026-07-26,2026-07-31,2,69,16,21,195,192.15,7
72342,2026-07-17,2026-07-21,2,335,2,27,141,486.5,2
72343,2026-07-03,2026-07-07,3,301,12,21,96,9.38,2
72344,2026-07-28,2026-07-29,2,74,19,39,190,396.47,8
72345,2026-07-30,2026-08-01,1,260,8,26,8,215.58,3
72346,2026-08-01,2026-08-02,2,271,14,5,173,138.43,7
72347,2026-07-31,2026-08-01,2,444,4,8,178,291.45,10
72348,2026-08-01,2026-08-08,2,111,3,9,188,123.75,2
72349,2026-07-14,2026-07-20,2,61,9,27,71,483.99,10
72350,2026-07-21,2026-07-26,3,445,17,49,54,274.51,7
72351,2026-07-20,2026-07-24,2,115,2,35,50,431.65,7
72352,2026-07-04,2026-07-06,2,360,10,48,36,496.68,3
72353,2026-07-28,2026-08-03,1,154,7,36,19,398.82,8
72354,2026-07-31,2026-08-02,1,71,8,46,197,327.43,8
72355,2026-07-26,2026-07-29,3,357,3,1,43,334.04,9
72356,2026-07-14,2026-07-20,2,395,12,13,87,70.63,7
72357,2026-07-26,2026-07-29,1,188,11,27,109,200.55,7
72358,2026-07-07,2026-07-09,1,259,16,1,123,488.25,4
72359,2026-07-20,2026-07-21,1,203,10,10,15,114.61,8
72360,2026-08-02,2026-08-08,3,431,8,38,50,208.25,3
72361,2026-07-29,2026-07-30,1,269,13,50,41,145.24,2
72362,2026-07-26,2026-07-27,1,157,4,49,108,33.68,5
72363,2026-07-08,2026-07-09,1,397,16,13,50,137.54,2
72364,2026-07-08,2026-07-13,2,150,16,39,131,178.61,3
72365,2026-07-28,2026-07-31,2,462,4,29,156,26.13,3
72366,2026-07-03,2026-07-04,1,350,17,20,133,317.77,4
72367,2026-07-25,2026-07-29,2,348,6,18,42,214.06,9
72368,2026-08-01,2026-08-03,2,35,15,16,60,498.99,3
72369,2026-07-16,2026-07-22,1,129,8,25,140,252.86,9
72370,2026-07-28,2026-08-01,2,346,3,16,180,347.16,2
72371,2026-07-21,2026-07-22,2,192,4,16,26,189.69,3
72372,2026-07-26,2026-07-30,2,22,6,8,51,451.69,9
72373,2026-07-07,2026-07-09,3,365,12,39,108,358.79,1
72374,2026-07-26,2026-07-31,2,94,20,24,11,106.08,3
72375,2026-07-21,2026-07-22,3,160,2,25,84,274.73,3
72376,2026-07-17,2026-07-20,3,302,6,29,17,499.23,1
72377,2026-07-26,2026-08-02,1,84,13,9,160,329.61,2
72378,2026-07-16,2026-07-17,1,137,2,29,118,427.83,3
72379,2026-07-17,2026-07-22,2,77,6,50,154,292.39,10
72380,2026-07-30,2026-08-05,3,128,12,33,37,417.92,4
72381,2026-07-28,2026-08-03,1,355,9,5,8,434.54,3
72382,2026-07-15,2026-07-17,2,207,11,23,108,213.46,1
72383,2026-07-28,2026-08-01,2,121,7,24,67,105.9,8
72384,2026-07-07,2026-07-09,1,53,9,25,168,207.1,6
72385,2026-07-14,2026-07-20,2,400,13,4,9,405.42,10
72386,2026-07-26,2026-08-02,2,494,6,44,93,166.82,1
72387,2026-07-27,2026-07-31,2,86,18,44,126,381.99,6
72388,2026-07-24,2026-07-30,1,267,10,38,167,45.69,1
72389,2026-07-26,2026-07-28,1,224,19,44,81,319.23,5
72390,2026-08-01,2026-08-03,1,333,6,29,106,351.25,6
72391,2026-07-07,2026-07-10,2,230,20,30,158,484.56,1
72392,2026-07-04,2026-07-07,1,460,7,25,45,274.76,10
72393,2026-07-25,2026-07-31,1,452,5,12,3,6.41,5
72394,2026-07-29,2026-08-03,3,108,15,44,173,454.09,6
72395,2026-07-20,2026-07-25,3,326,5,44,179,140.18,8
72396,2026-07-03,2026-07-10,1,99,15,29,24,285.34,3
72397,2026-07-27,2026-07-31,1,279,9,34,144,45.0,7
72398,2026-07-07,2026-07-13,2,227,17,32,153,47.35,6
72399,2026-07-26,2026-07-29,2,123,7,18,111,249.84,7
72400,2026-07-16,2026-07-18,1,492,6,44,79,316.7,5
72401,2026-07-27,2026-08-03,1,134,13,30,146,63.89,2
72402,2026-07-14,2026-07-20,1,312,4,14,200,291.28,4
72403,2026-07-31,2026-08-06,1,187,3,4,28,219.12,4
72404,2026-07-03,2026-07-07,2,409,18,9,198,316.85,9
72405,2026-07-09,2026-07-13,3,245,9,12,115,479.82,9
72406,2026-07-04,2026-07-07,1,326,16,35,121,84.84,7
72407,2026-07-21,2026-07-22,3,7,10,16,138,143.18,6
72408,2026-07-08,2026-07-09,3,340,13,21,111,479.0,2
72409,2026-07-25,2026-07-27,3,348,12,7,120,304.0,2
72410,2026-07-29,2026-07-31,3,57,20,29,121,495.39,8
72411,2026-07-06,2026-07-10,3,363,20,35,69,139.77,8
72412,2026-07-27,2026-08-01,2,479,15,33,151,180.11,9
72413,2026-08-01,2026-08-02,3,98,19,4,13,131.65,1
72414,2026-07-15,2026-07-16,3,79,18,46,199,47.49,3
72415,2026-07-17,2026-07-20,2,340,19,20,41,498.22,7
72416,2026-07-06,2026-07-07,3,399,16,27,114,119.1,4
72417,2026-07-21,2026-07-24,3,458,4,23,128,53.6,1
72418,2026-07-10,2026-07-11,2,426,9,12,94,22.35,8
72419,2026-07-30,2026-08-05,1,372,3,13,9,118.39,5
72420,2026-07-07,2026-07-08,1,166,5,15,36,379.49,1
72421,2026-07-25,2026-08-01,1,366,4,15,70,393.67,5
72422,2026-07-04,2026-07-06,2,61,20,31,127,38.62,9
72423,2026-07-11,2026-07-13,3,429,15,28,20,208.95,1
72424,2026-07-06,2026-07-09,3,467,10,12,95,445.66,8
72425,2026-07-21,2026-07-28,1,373,1,32,16,24.96,10
72426,2026-07-14,2026-07-16,3,382,15,9,168,285.85,2
72427,2026-07-27,2026-08-03,3,183,17,48,157,249.56,7
72428,2026-07-16,2026-07-17,2,123,3,32,93,12.29,7
72429,2026-07-09,2026-07-10,2,478,14,20,14,347.06,5
72430,2026-07-26,2026-08-02,3,135,1,5,149,345.77,1
72431,2026-07-30,2026-08-02,2,449,15,7,47,274.92,2
72432,2026-07-11,2026-07-14,1,391,20,40,141,205.56,10
72433,2026-08-02,2026-08-04,3,234,9,11,129,94.68,2
72434,2026-07-05,2026-07-10,3,286,12,21,194,184.03,3
72435,2026-07-07,2026-07-12,3,139,3,12,158,22.62,3
72436,2026-08-02,2026-08-09,2,31,14,17,58,38.03,7
72437,2026-07-31,2026-08-07,2,58,5,26,143,372.1,9
72438,2026-07-14,2026-07-21,2,133,12,13,127,387.57,10
72439,2026-07-27,2026-08-02,2,127,18,30,28,36.51,9
72440,2026-07-22,2026-07-24,1,452,18,8,19,131.2,2
72441,2026-07-16,2026-07-23,2,12,13,29,135,492.51,5
72442,2026-07-27,2026-08-02,2,290,3,8,176,167.79,6
72443,2026-07-14,2026-07-17,3,107,7,14,143,14.29,7
72444,2026-07-09,2026-07-15,3,391,4,48,36,494.31,2
72445,2026-07-05,2026-07-11,3,402,2,25,113,423.05,5
72446,2026-07-06,2026-07-09,1,299,6,50,52,181.87,7
72447,2026-07-04,2026-07-07,3,149,20,24,180,85.86,8
72448,2026-07-25,2026-07-27,2,130,10,46,37,334.53,5
72449,2026-07-27,2026-08-03,2,187,6,48,196,467.71,9
72450,2026-07-03,2026-07-04,1,402,6,5,22,265.05,7
72451,2026-07-21,2026-07-25,2,246,10,31,68,254.32,4
72452,2026-07-11,2026-07-13,2,301,15,6,199,481.03,4
72453,2026-07-25,2026-07-31,2,172,15,5,55,256.61,7
72454,2026-07-08,2026-07-13,3,256,12,33,159,50.35,4
72455,2026-07-04,2026-07-05,3,218,8,20,160,135.14,4
72456,2026-07-07,2026-07-10,2,52,5,34,108,254.02,9
72457,2026-07-13,2026-07-15,2,71,10,11,200,233.37,8
72458,2026-07-09,2026-07-15,3,193,16,41,176,221.79,6
72459,2026-07-11,2026-07-16,2,398,19,47,168,348.95,10
72460,2026-07-21,2026-07-22,1,224,14,41,185,74.51,2
72461,2026-07-17,2026-07-20,1,475,13,26,8,180.54,1
72462,2026-08-01,2026-08-08,1,111,13,36,164,75.17,2
72463,2026-07-27,2026-07-31,1,51,16,16,38,357.87,9
72464,2026-07-24,2026-07-25,3,56,14,13,88,180.31,1
72465,2026-07-07,2026-07-10,1,285,17,32,67,258.63,4
72466,2026-07-07,2026-07-10,1,425,19,40,46,491.33,3
72467,2026-07-28,2026-08-01,3,431,2,44,145,177.85,7
72468,2026-07-22,2026-07-25,3,441,12,8,46,197.3,2
72469,2026-08-02,2026-08-08,2,224,1,16,137,489.92,3
72470,2026-07-26,2026-08-02,3,152,6,42,180,306.77,2
72471,2026-07-23,2026-07-30,2,266,16,42,115,34.23,5
72472,2026-07-03,2026-07-04,2,201,14,48,46,313.85,6
72473,2026-07-06,2026-07-10,1,410,2,44,6,188.46,9
72474,2026-07-19,2026-07-24,3,285,10,42,177,370.64,2
72475,2026-07-15,2026-07-21,2,448,17,9,93,102.07,10
72476,2026-07-03,2026-07-07,3,473,5,47,62,490.58,9
72477,2026-07-10,2026-07-12,2,80,8,48,95,408.75,9
72478,2026-07-27,2026-07-31,1,308,14,27,63,198.55,7
72479,2026-07-24,2026-07-28,3,69,9,41,68,423.68,7
72480,2026-07-21,2026-07-27,3,69,3,17,14,419.84,10
72481,2026-07-22,2026-07-23,3,479,6,10,136,307.78,2
72482,2026-07-28,2026-07-30,3,364,11,40,178,255.34,8
72483,2026-07-15,2026-07-16,1,500,20,3,196,126.83,9
72484,2026-07-16,2026-07-22,3,471,15,1,109,264.05,9
72485,2026-07-24,2026-07-25,2,458,11,27,182,309.25,6
72486,2026-07-29,2026-08-05,3,406,16,48,123,134.22,10
72487,2026-07-25,2026-07-27,1,194,18,7,9,421.33,4
72488,2026-07-19,2026-07-26,1,242,5,7,47,21.65,4
72489,2026-08-02,2026-08-08,2,95,18,48,147,89.06,4
72490,2026-07-16,2026-07-19,3,201,9,19,130,117.07,1
72491,2026-07-19,2026-07-20,3,152,13,33,179,406.96,4
72492,2026-07-29,2026-08-02,2,32,5,48,142,171.78,2
72493,2026-07-28,2026-07-30,1,416,6,23,139,9.83,8
72494,2026-07-18,2026-07-20,1,456,18,38,120,185.41,8
72495,2026-07-26,2026-07-31,1,484,16,40,71,410.77,6
72496,2026-07-28,2026-07-31,3,17,12,44,28,166.34,5
72497,2026-07-12,2026-07-14,2,279,2,26,141,113.85,3
72498,2026-07-26,2026-07-31,2,260,18,8,165,453.39,6
72499,2026-07-31,2026-08-01,3,427,19,24,172,417.93,9
72500,2026-07-13,2026-07-20,1,368,13,37,141,400.64,9
72501,2026-07-12,2026-07-16,2,408,13,31,5,78.19,2
72502,2026-08-02,2026-08-06,1,420,13,16,185,53.79,1
72503,2026-07-13,2026-07-20,3,397,9,29,129,204.31,2
72504,2026-07-27,2026-07-30,3,91,5,1,145,192.51,1
72505,2026-07-22,2026-07-29,1,450,1,6,147,8.33,8
72506,2026-07-28,2026-08-03,1,362,2,25,64,231.85,10
72507,2026-07-08,2026-07-09,2,479,15,19,143,24.71,7
72508,2026-08-02,2026-08-06,2,410,11,48,108,440.95,2
72509,2026-07-09,2026-07-15,2,77,7,28,114,147.02,6
72510,2026-07-16,2026-07-23,3,425,14,36,29,114.05,2
72511,2026-07-06,2026-07-11,2,349,16,34,184,219.32,10
72512,2026-07-29,2026-08-04,1,489,7,14,26,393.83,7
72513,2026-07-30,2026-08-03,2,393,12,46,41,72.5,8
72514,2026-08-01,2026-08-06,2,222,10,11,140,494.03,6
72515,2026-07-22,2026-07-24,2,51,2,49,129,301.96,10
72516,2026-08-01,2026-08-04,1,117,14,12,150,389.58,8
72517,2026-07-27,2026-08-03,2,287,3,16,103,75.46,4
72518,2026-07-21,2026-07-27,3,139,7,13,154,172.2,8
72519,2026-07-21,2026-07-25,2,8,12,9,129,291.97,8
72520,2026-07-22,2026-07-23,2,347,13,47,84,164.4,9
72521,2026-07-07,2026-07-13,3,460,6,7,19,14.75,4
72522,2026-07-21,2026-07-22,2,282,10,17,139,218.0,7
72523,2026-07-04,2026-07-10,2,418,17,16,175,137.28,8
72524,2026-07-23,2026-07-29,2,29,5,24,24,184.11,6
72525,2026-07-05,2026-07-06,3,97,4,23,38,486.37,1
72526,2026-07-16,2026-07-21,1,226,4,20,154,198.04,1
72527,2026-07-18,2026-07-21,2,454,1,17,133,85.08,6
72528,2026-07-10,2026-07-11,2,320,5,40,182,249.93,5
72529,2026-07-18,2026-07-23,3,471,2,38,122,457.72,9
72530,2026-07-27,2026-07-29,1,453,12,25,30,338.88,5
72531,2026-07-06,2026-07-07,1,72,13,25,69,405.52,2
72532,2026-07-31,2026-08-02,3,274,20,48,171,303.55,1
72533,2026-07-16,2026-07-22,3,262,7,30,59,197.57,2
72534,2026-08-01,2026-08-08,2,61,11,6,10,148.24,1
72535,2026-07-09,2026-07-15,3,446,11,39,91,280.49,7
72536,2026-07-26,2026-07-28,1,49,13,1,15,349.41,7
72537,2026-07-17,2026-07-20,2,66,13,41,107,468.97,2
72538,2026-07-09,2026-07-14,2,217,15,45,84,459.1,1
72539,2026-07-10,2026-07-11,2,458,5,27,40,393.4,2
72540,2026-08-02,2026-08-09,2,104,11,7,133,109.32,4
72541,2026-07-05,2026-07-08,3,356,4,19,99,314.43,10
72542,2026-07-25,2026-08-01,1,345,2,39,156,316.82,6
72543,2026-07-20,2026-07-26,2,378,11,8,73,293.36,1
72544,2026-07-21,2026-07-24,1,464,6,37,76,143.1,9
72545,2026-07-08,2026-07-11,3,386,10,11,65,61.05,3
72546,2026-07-04,2026-07-08,1,457,3,30,4,311.8,6
72547,2026-07-31,2026-08-03,1,69,9,25,118,247.72,8
72548,2026-07-05,2026-07-12,1,173,3,32,141,467.55,9
72549,2026-07-22,2026-07-29,2,82,17,8,72,234.11,7
72550,2026-07-26,2026-08-01,2,43,12,21,16,63.31,5
72551,2026-07-17,2026-07-20,3,372,1,25,197,80.78,10
72552,2026-08-02,2026-08-05,3,123,16,42,18,170.47,6
72553,2026-07-03,2026-07-07,1,245,14,24,143,221.57,1
72554,2026-07-19,2026-07-24,1,284,20,25,97,346.3,4
72555,2026-07-07,2026-07-11,3,480,9,39,178,82.79,8
72556,2026-08-01,2026-08-08,1,338,8,49,197,429.38,5
72557,2026-07-28,2026-08-04,2,260,11,32,115,420.26,4
72558,2026-07-26,2026-07-29,1,241,15,8,66,375.59,3
72559,2026-08-01,2026-08-04,3,133,19,43,50,316.91,2
72560,2026-07-30,2026-08-01,3,470,1,12,29,52.29,4
72561,2026-07-07,2026-07-13,2,369,14,16,186,394.74,10
72562,2026-07-18,2026-07-24,1,34,8,46,72,172.64,4
72563,2026-07-07,2026-07-08,3,28,12,8,91,59.34,3
72564,2026-08-01,2026-08-07,3,117,18,21,48,430.65,6
72565,2026-07-11,2026-07-16,2,8,17,50,150,433.6,2
72566,2026-07-17,2026-07-19,2,191,14,25,72,363.17,8
72567,2026-07-27,2026-07-30,2,12,14,25,52,116.43,10
72568,2026-07-23,2026-07-24,3,440,9,17,107,137.21,10
72569,2026-07-25,2026-07-28,1,382,2,36,128,293.83,6
72570,2026-07-24,2026-07-31,1,235,18,12,97,433.84,10
72571,2026-07-29,2026-08-02,3,117,6,8,136,471.25,9
72572,2026-08-02,2026-08-07,1,249,13,36,110,168.42,8
72573,2026-07-14,2026-07-18,2,61,18,42,100,365.44,10
72574,2026-08-01,2026-08-07,2,355,9,37,58,148.78,2
72575,2026-07-26,2026-07-30,1,130,16,46,126,380.92,6
72576,2026-07-24,2026-07-29,1,235,3,20,37,313.05,10
72577,2026-07-13,2026-07-18,2,134,3,36,50,322.35,5
72578,2026-07-08,2026-07-12,1,487,5,19,76,195.58,4
72579,2026-07-28,2026-07-29,3,408,16,12,71,137.21,1
72580,2026-07-28,2026-08-04,2,469,1,30,181,113.58,8
72581,2026-07-21,2026-07-23,2,259,9,12,189,147.54,4
72582,2026-07-24,2026-07-29,1,312,3,28,30,340.06,10
72583,2026-07-14,2026-07-15,1,177,2,30,104,360.82,7
72584,2026-07-21,2026-07-28,2,322,1,9,97,368.66,10
72585,2026-07-19,2026-07-22,2,472,14,25,116,60.8,8
72586,2026-07-03,2026-07-05,3,267,4,42,35,78.78,2
72587,2026-07-06,2026-07-13,2,212,9,2,8,462.28,3
72588,2026-07-20,2026-07-25,3,339,17,2,20,101.83,1
72589,2026-07-09,2026-07-13,2,287,5,45,99,362.57,2
72590,2026-07-23,2026-07-27,3,147,11,39,38,288.69,9
72591,2026-07-25,2026-07-28,2,184,12,5,118,372.97,4
72592,2026-07-12,2026-07-14,1,1,5,20,91,58.96,8
72593,2026-07-18,2026-07-20,3,154,7,24,16,205.72,9
72594,2026-07-03,2026-07-06,1,8,8,32,17,348.0,10
72595,2026-07-16,2026-07-20,2,369,12,22,1,152.7,5
72596,2026-07-17,2026-07-23,3,87,16,48,14,124.62,8
72597,2026-07-03,2026-07-05,3,257,12,35,41,98.71,2
72598,2026-07-30,2026-08-05,1,293,14,34,152,339.63,1
72599,2026-08-01,2026-08-02,3,438,14,35,94,327.05,10
72600,2026-07-09,2026-07-10,2,214,5,24,10,154.26,2
72601,2026-07-31,2026-08-01,2,296,4,10,166,176.73,7
72602,2026-07-19,2026-07-21,3,423,14,14,152,460.29,9
72603,2026-07-18,2026-07-20,1,133,16,21,25,473.7,8
72604,2026-07-10,2026-07-14,1,175,12,19,81,324.57,5
72605,2026-07-09,2026-07-12,2,265,12,12,38,335.28,7
72606,2026-07-11,2026-07-13,1,103,5,25,186,288.23,4
72607,2026-07-29,2026-07-31,1,232,16,3,145,220.9,9
72608,2026-07-11,2026-07-13,2,244,12,40,83,136.41,2
72609,2026-07-05,2026-07-10,1,388,5,8,63,215.24,3
72610,2026-07-08,2026-07-15,3,1,10,36,185,349.91,4
72611,2026-08-01,2026-08-08,2,108,7,4,102,245.5,1
72612,2026-07-06,2026-07-11,3,429,13,11,39,73.44,2
72613,2026-07-21,2026-07-26,1,69,4,14,88,6.66,6
72614,2026-07-19,2026-07-22,3,447,7,4,109,88.72,7
72615,2026-07-13,2026-07-18,3,60,1,13,151,83.18,1
72616,2026-08-01,2026-08-07,3,343,16,31,78,311.1,8
72617,2026-07-06,2026-07-11,1,341,6,27,52,348.33,4
72618,2026-07-13,2026-07-14,1,461,5,7,5,57.88,6
72619,2026-07-05,2026-07-12,1,361,13,7,183,81.42,10
72620,2026-07-27,2026-08-02,3,482,14,20,80,289.85,6
72621,2026-07-30,2026-08-05,2,232,10,11,139,486.94,10
72622,2026-07-29,2026-08-02,3,473,3,26,157,93.57,2
72623,2026-07-25,2026-08-01,3,315,5,15,193,435.15,1
72624,2026-07-19,2026-07-20,3,295,3,32,86,204.4,1
72625,2026-07-08,2026-07-11,1,281,5,10,10,176.26,9
72626,2026-07-10,2026-07-17,3,7,13,33,141,75.96,3
72627,2026-07-21,2026-07-24,2,205,17,11,76,442.03,7
72628,2026-07-04,2026-07-07,2,254,6,2,70,476.64,8
72629,2026-07-14,2026-07-17,1,479,7,23,147,138.65,9
72630,2026-07-09,2026-07-16,3,331,10,18,115,427.02,5
72631,2026-07-29,2026-08-03,1,308,13,26,24,74.35,3
72632,2026-07-03,2026-07-04,2,208,5,6,127,86.4,8
72633,2026-07-27,2026-08-01,1,132,12,25,189,347.12,3
72634,2026-07-30,2026-08-03,3,88,2,12,69,189.84,7
72635,2026-07-03,2026-07-08,1,24,8,24,151,447.74,8
72636,2026-07-30,2026-07-31,1,81,5,27,157,451.46,2
72637,2026-07-18,2026-07-22,3,234,20,12,136,307.21,2
72638,2026-07-08,2026-07-13,3,102,16,10,179,174.39,1
72639,2026-07-26,2026-07-30,1,235,5,7,147,377.54,8
72640,2026-07-03,2026-07-09,2,333,11,47,53,302.42,9
72641,2026-07-12,2026-07-13,3,122,9,46,42,10.28,10
72642,2026-07-11,2026-07-15,1,417,20,41,199,97.86,6
72643,2026-07-21,2026-07-22,3,87,18,25,194,419.26,3
72644,2026-07-12,2026-07-19,3,196,4,5,38,487.41,2
72645,2026-07-28,2026-08-03,2,188,6,7,101,97.24,6
72646,2026-07-05,2026-07-08,3,467,6,50,10,48.18,8
72647,2026-07-19,2026-07-20,1,314,2,2,156,362.52,6
72648,2026-07-13,2026-07-14,3,109,8,20,159,312.99,4
72649,2026-07-31,2026-08-06,1,229,11,49,98,98.36,10
72650,2026-07-20,2026-07-21,3,37,4,2,117,114.71,4
72651,2026-07-20,2026-07-27,2,33,16,9,53,306.89,1
72652,2026-07-06,2026-07-11,2,188,2,12,29,384.58,5
72653,2026-07-16,2026-07-17,3,43,19,13,152,43.2,8
72654,2026-07-06,2026-07-07,2,343,2,35,159,109.63,5
72655,2026-07-22,2026-07-25,1,238,13,10,25,296.22,6
72656,2026-07-21,2026-07-24,1,213,8,27,113,274.65,7
72657,2026-07-30,2026-08-04,2,224,7,44,142,306.64,10
72658,2026-07-27,2026-07-31,2,90,16,38,88,34.99,4
72659,2026-07-24,2026-07-25,3,439,3,18,83,230.13,6
72660,2026-07-06,2026-07-07,1,266,19,45,83,227.4,8
72661,2026-07-23,2026-07-28,2,101,20,10,45,190.33,1
72662,2026-07-23,2026-07-26,3,376,6,11,23,376.54,3
72663,2026-07-27,2026-08-02,1,295,8,5,12,202.98,3
72664,2026-07-28,2026-07-31,1,323,20,26,25,167.86,9
72665,2026-07-23,2026-07-27,1,213,3,19,125,104.93,1
72666,2026-07-06,2026-07-08,3,220,5,18,62,296.26,8
72667,2026-07-24,2026-07-26,3,337,18,2,75,250.59,1
72668,2026-07-27,2026-07-28,3,76,8,21,144,327.41,3
72669,2026-07-12,2026-07-19,3,44,10,6,111,490.69,10
72670,2026-07-07,2026-07-13,3,134,15,37,8,112.55,8
72671,2026-07-25,2026-07-29,3,442,20,38,35,267.33,8
72672,2026-07-13,2026-07-16,2,461,4,8,191,293.64,10
72673,2026-07-22,2026-07-28,3,51,14,35,94,480.77,2
72674,2026-07-15,2026-07-19,2,469,3,41,60,155.7,7
72675,2026-07-19,2026-07-20,1,26,1,49,190,498.01,6
72676,2026-07-28,2026-08-01,1,202,6,49,86,199.13,5
72677,2026-07-31,2026-08-02,3,315,20,7,87,246.76,7
72678,2026-08-01,2026-08-02,2,255,18,14,160,49.29,10
72679,2026-07-05,2026-07-10,1,199,4,49,141,462.08,4
72680,2026-07-17,2026-07-20,3,463,3,37,145,280.63,5
72681,2026-07-27,2026-08-01,3,347,2,14,30,8.03,10
72682,2026-07-25,2026-07-30,1,232,19,26,108,93.81,3
72683,2026-07-04,2026-07-06,1,456,2,18,47,246.91,3
72684,2026-07-06,2026-07-08,1,172,16,46,122,486.23,9
72685,2026-07-13,2026-07-15,2,150,10,41,161,193.91,5
72686,2026-07-08,2026-07-09,3,311,6,11,11,338.19,8
72687,2026-07-25,2026-07-30,2,295,1,8,161,435.18,1
72688,2026-07-25,2026-08-01,3,244,2,11,118,28.53,8
72689,2026-07-30,2026-08-02,2,320,3,38,129,163.22,10
72690,2026-07-15,2026-07-21,1,31,5,48,2,202.26,7
72691,2026-07-17,2026-07-21,1,2,1,37,75,110.67,9
72692,2026-07-08,2026-07-13,2,32,11,39,16,299.97,5
72693,2026-07-20,2026-07-21,2,425,12,23,139,489.39,10
72694,2026-07-30,2026-08-05,1,5,10,29,16,230.23,5
72695,2026-07-23,2026-07-25,2,233,9,40,126,370.35,5
72696,2026-07-05,2026-07-10,1,216,1,36,73,306.67,6
72697,2026-07-22,2026-07-26,3,33,18,45,46,322.85,8
72698,2026-07-10,2026-07-15,2,151,10,50,46,23.36,8
72699,2026-07-21,2026-07-22,3,44,3,15,182,35.99,8
72700,2026-07-06,2026-07-09,2,242,3,7,83,246.87,10
72701,2026-07-31,2026-08-07,3,336,15,35,32,129.85,10
72702,2026-07-14,2026-07-15,1,428,2,3,80,159.25,5
72703,2026-07-23,2026-07-28,3,452,4,19,117,103.81,2
72704,2026-08-01,2026-08-05,1,136,8,31,18,94.37,7
72705,2026-07-11,2026-07-16,2,243,14,20,54,483.38,10
72706,2026-07-16,2026-07-19,2,201,18,46,120,495.54,9
72707,2026-07-20,2026-07-24,3,456,20,15,117,213.72,2
72708,2026-07-29,2026-08-02,2,368,17,39,41,134.07,2
72709,2026-07-27,2026-08-01,2,3,20,27,124,283.67,7
72710,2026-07-22,2026-07-28,2,117,2,21,76,448.66,2
72711,2026-07-18,2026-07-20,3,294,9,23,182,277.02,4
72712,2026-07-31,2026-08-01,1,474,14,7,130,107.58,10
72713,2026-07-10,2026-07-13,3,94,8,26,21,70.0,2
72714,2026-07-13,2026-07-17,1,3,4,26,109,11.78,3
72715,2026-07-15,2026-07-16,2,1,5,39,149,92.93,2
72716,2026-07-30,2026-08-02,1,280,9,44,122,374.5,8
72717,2026-07-07,2026-07-09,2,3,3,18,185,78.39,6
72718,2026-07-04,2026-07-06,3,416,14,30,160,260.37,5
72719,2026-07-11,2026-07-14,2,462,6,8,79,177.37,10
72720,2026-07-30,2026-08-01,3,339,4,14,33,102.61,10
72721,2026-07-22,2026-07-23,3,369,11,7,189,167.53,2
72722,2026-07-27,2026-08-02,3,280,12,14,135,456.4,6
72723,2026-07-10,2026-07-14,2,334,20,16,128,385.64,10
72724,2026-07-16,2026-07-21,2,147,4,45,141,66.41,4
72725,2026-08-01,2026-08-02,2,254,14,25,143,466.63,5
72726,2026-07-29,2026-08-01,3,213,1,47,46,70.89,4
72727,2026-07-28,2026-08-03,3,429,14,11,40,108.12,4
72728,2026-07-03,2026-07-05,3,49,19,2,13,125.86,4
72729,2026-07-18,2026-07-22,1,344,9,39,153,492.1,6
72730,2026-07-15,2026-07-16,1,405,4,26,92,176.24,1
72731,2026-08-02,2026-08-04,2,427,5,16,30,80.47,3
72732,2026-07-24,2026-07-28,1,367,18,24,46,376.15,8
72733,2026-07-30,2026-08-01,3,317,9,28,197,132.89,8
72734,2026-07-03,2026-07-05,2,303,4,3,24,483.66,6
72735,2026-07-26,2026-08-01,2,33,8,42,196,272.95,9
72736,2026-07-12,2026-07-19,3,7,6,37,100,319.49,2
72737,2026-07-31,2026-08-06,3,340,11,22,101,179.82,2
72738,2026-07-26,2026-07-30,1,362,5,24,122,315.29,1
72739,2026-07-30,2026-08-06,3,425,17,25,135,244.38,2
72740,2026-07-03,2026-07-06,3,63,11,11,124,208.14,1
72741,2026-08-02,2026-08-09,1,167,10,30,148,279.25,3
72742,2026-07-22,2026-07-26,1,305,17,40,153,45.59,9
72743,2026-07-10,2026-07-16,3,405,14,1,15,406.55,10
72744,2026-07-14,2026-07-15,3,274,2,39,60,339.06,10
72745,2026-07-29,2026-08-02,1,460,5,41,37,481.42,7
72746,2026-07-28,2026-08-04,3,88,2,9,163,115.99,5
72747,2026-07-28,2026-07-30,1,160,16,3,18,60.57,2
72748,2026-07-22,2026-07-26,1,401,14,16,85,404.05,6
72749,2026-07-08,2026-07-11,2,472,6,29,87,422.1,5
72750,2026-07-16,2026-07-21,1,328,19,23,115,213.02,10
72751,2026-08-02,2026-08-06,3,391,14,26,112,453.63,2
72752,2026-07-21,2026-07-22,2,130,19,2,91,239.94,9
72753,2026-07-20,2026-07-25,2,459,13,13,55,141.18,5
72754,2026-07-07,2026-07-13,1,47,11,22,98,136.12,8
72755,2026-07-17,2026-07-21,3,199,17,21,200,415.97,3
72756,2026-07-31,2026-08-07,1,371,1,26,14,74.29,2
72757,2026-07-28,2026-07-29,2,455,4,12,160,458.47,9
72758,2026-07-06,2026-07-12,1,39,9,35,18,72.13,6
72759,2026-07-18,2026-07-20,1,387,16,28,33,74.41,2
72760,2026-07-29,2026-07-31,2,496,10,29,159,479.64,3
72761,2026-07-18,2026-07-24,3,233,16,6,161,153.64,6
72762,2026-07-26,2026-08-02,3,176,10,9,170,359.33,6
72763,2026-07-26,2026-07-29,2,398,14,6,87,418.36,4
72764,2026-08-02,2026-08-06,1,42,20,42,137,166.57,2
72765,2026-07-04,2026-07-06,1,494,17,44,62,105.38,4
72766,2026-07-27,2026-08-02,1,487,12,43,138,269.81,1
72767,2026-07-15,2026-07-16,1,345,3,33,48,9.28,9
72768,2026-07-19,2026-07-22,2,91,3,15,51,401.01,4
72769,2026-07-21,2026-07-24,3,95,7,4,55,296.53,2
72770,2026-07-10,2026-07-14,1,437,5,23,46,410.2,10
72771,2026-07-06,2026-07-10,2,370,3,31,77,179.48,10
72772,2026-07-10,2026-07-16,1,206,4,29,24,495.84,1
72773,2026-07-06,2026-07-12,2,23,20,38,54,133.72,6
72774,2026-07-25,2026-07-26,1,267,19,43,176,410.0,8
72775,2026-07-05,2026-07-07,3,200,19,49,17,474.1,6
72776,2026-07-08,2026-07-10,3,400,15,26,36,167.2,1
72777,2026-07-03,2026-07-04,2,16,17,27,190,328.06,7
72778,2026-07-22,2026-07-27,3,347,13,8,18,153.38,9
72779,2026-07-15,2026-07-20,2,69,20,24,8,233.45,9
72780,2026-07-05,2026-07-12,2,183,14,11,143,130.72,5
72781,2026-07-04,2026-07-05,2,269,3,13,174,63.13,3
72782,2026-07-31,2026-08-02,1,335,13,30,132,367.65,6
72783,2026-07-26,2026-07-29,1,9,3,31,74,218.0,7
72784,2026-08-02,2026-08-03,3,78,8,24,188,230.6,9
72785,2026-08-02,2026-08-07,2,155,2,42,129,454.53,6
72786,2026-07-20,2026-07-23,2,409,19,4,13,352.05,3
72787,2026-07-12,2026-07-18,1,272,3,5,52,228.53,1
72788,2026-07-20,2026-07-23,3,324,12,43,39,282.88,8
72789,2026-07-23,2026-07-26,1,236,11,2,148,392.53,3
72790,2026-07-22,2026-07-27,1,150,20,47,18,371.01,3
72791,2026-07-28,2026-08-03,1,128,1,11,198,365.35,3
72792,2026-07-29,2026-08-03,2,164,3,5,62,314.21,10
72793,2026-07-06,2026-07-09,2,148,20,13,81,166.76,7
72794,2026-07-30,2026-08-06,1,231,11,12,140,98.65,7
72795,2026-07-25,2026-07-26,3,335,5,1,143,344.56,6
72796,2026-07-18,2026-07-23,2,88,7,48,114,495.33,2
72797,2026-07-16,2026-07-17,1,236,1,31,20,339.46,5
72798,2026-07-18,2026-07-21,2,466,15,20,171,233.81,3
72799,2026-07-20,2026-07-26,1,241,14,42,200,335.56,9
72800,2026-08-01,2026-08-04,3,341,2,2,183,183.96,6
72801,2026-07-28,2026-07-31,1,6,6,41,35,95.74,3
72802,2026-07-29,2026-07-30,1,255,20,5,140,456.44,5
72803,2026-07-18,2026-07-19,2,198,14,27,117,161.8,5
72804,2026-08-01,2026-08-04,2,13,8,50,50,382.42,3
72805,2026-07-12,2026-07-15,2,90,8,1,118,7.21,6
72806,2026-07-23,2026-07-26,2,359,2,12,5,494.19,4
72807,2026-07-03,2026-07-07,2,53,14,15,86,98.21,8
72808,2026-07-18,2026-07-24,1,364,19,41,124,141.29,9
72809,2026-07-13,2026-07-14,3,399,19,28,80,180.6,6
72810,2026-07-13,2026-07-18,3,7,11,37,76,126.11,2
72811,2026-07-17,2026-07-21,2,181,19,30,78,269.68,7
72812,2026-08-01,2026-08-05,2,63,16,23,64,83.08,3
72813,2026-07-13,2026-07-19,1,172,16,19,146,468.25,9
72814,2026-07-20,2026-07-22,2,423,11,9,2,17.85,2
72815,2026-07-14,2026-07-15,1,253,3,26,159,24.29,8
72816,2026-07-31,2026-08-06,2,188,5,3,150,493.69,8
72817,2026-07-15,2026-07-18,2,111,1,11,193,409.1,3
72818,2026-08-02,2026-08-09,1,422,5,11,184,260.7,5
72819,2026-07-29,2026-08-01,3,60,9,9,144,256.29,6
72820,2026-07-11,2026-07-14,3,371,12,5,184,109.79,3
72821,2026-07-09,2026-07-14,3,349,7,42,36,51.43,7
72822,2026-07-14,2026-07-19,3,57,19,43,110,349.99,1
72823,2026-07-24,2026-07-28,2,259,4,35,2,394.05,7
72824,2026-07-31,2026-08-07,1,359,2,38,152,112.28,5
72825,2026-07-24,2026-07-26,1,75,3,26,139,369.41,7
72826,2026-07-06,2026-07-11,3,273,2,38,54,382.48,10
72827,2026-07-16,2026-07-21,1,151,13,20,80,233.14,4
72828,2026-07-19,2026-07-21,1,94,10,9,103,159.87,7
72829,2026-07-17,2026-07-23,1,313,13,7,78,418.25,10
72830,2026-07-30,2026-08-03,2,118,18,28,147,76.24,4
72831,2026-07-04,2026-07-05,1,142,18,43,7,102.37,4
72832,2026-07-09,2026-07-14,1,203,11,14,171,422.9,4
72833,2026-07-12,2026-07-17,1,292,9,10,27,397.86,8
72834,2026-07-03,2026-07-06,3,163,17,20,147,342.33,5
72835,2026-07-16,2026-07-17,1,473,16,24,194,290.73,4
72836,2026-07-10,2026-07-14,3,205,3,39,124,412.94,3
72837,2026-07-29,2026-08-02,1,83,2,36,86,465.67,3
72838,2026-07-27,2026-08-01,2,350,19,16,187,399.18,1
72839,2026-07-30,2026-08-06,1,74,12,35,166,266.94,7
72840,2026-07-22,2026-07-23,1,259,4,14,40,75.16,5
72841,2026-07-14,2026-07-20,2,391,14,3,25,294.04,8
72842,2026-07-19,2026-07-25,2,24,6,29,46,422.79,8
72843,2026-07-23,2026-07-25,2,79,9,45,44,119.55,5
72844,2026-07-29,2026-08-01,1,34,13,42,4,299.32,7
72845,2026-07-26,2026-07-27,3,275,12,36,119,123.72,3
72846,2026-07-06,2026-07-09,1,439,12,46,100,354.88,5
72847,2026-07-06,2026-07-07,1,413,18,43,42,492.83,9
72848,2026-07-11,2026-07-12,2,437,7,3,73,273.81,7
72849,2026-07-25,2026-07-26,2,322,8,49,72,147.45,4
72850,2026-07-09,2026-07-12,1,210,6,25,35,379.36,7
72851,2026-07-05,2026-07-06,1,426,16,49,10,221.27,7
72852,2026-07-03,2026-07-07,2,276,8,11,137,388.58,7
72853,2026-07-05,2026-07-07,3,258,11,8,96,274.22,8
72854,2026-07-06,2026-07-08,1,185,2,45,6,20.72,7
72855,2026-07-25,2026-08-01,3,202,8,46,140,120.34,8
72856,2026-07-24,2026-07-27,2,142,4,33,141,235.67,9
72857,2026-07-08,2026-07-09,2,238,9,6,179,105.46,6
72858,2026-07-29,2026-08-04,1,221,11,18,30,116.47,5
72859,2026-07-19,2026-07-25,3,222,11,29,121,327.08,9
72860,2026-07-29,2026-07-30,1,475,3,15,43,212.67,1
72861,2026-07-27,2026-07-29,3,259,8,45,124,96.42,5
72862,2026-07-30,2026-08-06,1,205,2,36,52,229.82,2
72863,2026-07-04,2026-07-09,1,334,1,36,72,303.29,10
72864,2026-07-04,2026-07-05,3,420,20,38,48,488.35,9
72865,2026-07-11,2026-07-12,3,175,11,37,130,290.73,2
72866,2026-07-18,2026-07-25,1,370,8,14,34,82.1,7
72867,2026-07-22,2026-07-25,1,338,6,19,25,85.78,5
72868,2026-07-13,2026-07-20,3,242,5,20,135,30.99,7
72869,2026-07-25,2026-07-30,1,144,8,15,152,397.04,5
72870,2026-07-04,2026-07-06,2,183,11,28,26,148.23,8
72871,2026-07-04,2026-07-11,1,73,6,7,172,418.52,4
72872,2026-08-01,2026-08-03,3,239,13,26,24,448.91,8
72873,2026-07-22,2026-07-25,1,100,14,21,4,115.27,9
72874,2026-07-10,2026-07-17,2,96,9,21,188,184.94,5
72875,2026-07-12,2026-07-15,2,230,8,8,46,88.22,1
72876,2026-07-26,2026-07-28,1,108,16,20,125,496.83,3
72877,2026-07-16,2026-07-22,2,379,13,24,33,88.82,2
72878,2026-07-05,2026-07-07,2,29,8,38,106,199.69,4
72879,2026-07-27,2026-08-01,1,90,3,26,84,62.68,4
72880,2026-07-21,2026-07-24,1,145,15,24,141,138.68,4
72881,2026-07-13,2026-07-18,1,464,9,22,37,115.67,3
72882,2026-07-25,2026-08-01,2,370,8,9,194,27.31,9
72883,2026-07-14,2026-07-16,3,51,13,7,43,124.07,4
72884,2026-07-28,2026-07-30,1,385,6,25,120,276.47,7
72885,2026-07-09,2026-07-12,3,144,15,12,114,272.52,4
72886,2026-07-07,2026-07-12,3,374,15,28,23,168.44,8
72887,2026-07-09,2026-07-12,2,302,7,39,172,348.49,1
72888,2026-07-10,2026-07-11,3,221,7,33,175,295.64,3
72889,2026-07-11,2026-07-13,2,251,4,4,171,55.25,7
72890,2026-07-17,2026-07-19,1,14,3,12,88,59.23,6
72891,2026-07-20,2026-07-27,2,3,5,4,142,120.72,5
72892,2026-07-07,2026-07-12,2,49,19,26,194,476.92,8
72893,2026-07-06,2026-07-13,3,344,17,5,38,104.99,8
72894,2026-07-28,2026-08-04,1,234,17,42,3,394.66,2
72895,2026-07-10,2026-07-15,1,440,3,9,18,225.71,3
72896,2026-08-02,2026-08-08,3,149,16,19,171,72.18,7
72897,2026-07-26,2026-07-28,1,311,4,35,28,290.49,7
72898,2026-07-14,2026-07-20,1,437,16,35,67,38.7,6
72899,2026-07-21,2026-07-23,2,7,13,15,120,20.1,3
72900,2026-07-24,2026-07-29,1,339,18,32,50,170.89,4
72901,2026-07-12,2026-07-17,1,387,3,23,15,497.65,8
72902,2026-07-13,2026-07-17,3,391,4,43,38,423.42,2
72903,2026-07-15,2026-07-22,2,475,13,7,9,324.54,8
72904,2026-07-19,2026-07-21,2,245,18,8,124,209.66,10
72905,2026-07-24,2026-07-30,3,467,16,19,93,312.89,4
72906,2026-07-13,2026-07-19,1,466,16,29,61,207.68,9
72907,2026-07-11,2026-07-14,3,22,14,10,94,205.73,9
72908,2026-07-10,2026-07-11,1,80,16,41,92,426.55,4
72909,2026-07-26,2026-08-02,2,350,18,36,21,395.53,3
72910,2026-07-30,2026-07-31,3,167,15,30,116,403.07,5
72911,2026-07-08,2026-07-09,1,85,15,22,152,218.41,4
72912,2026-07-07,2026-07-11,3,496,5,28,107,154.62,3
72913,2026-07-04,2026-07-09,2,272,17,31,109,499.2,6
72914,2026-07-12,2026-07-17,3,4,18,47,73,352.05,6
72915,2026-07-12,2026-07-13,2,27,11,2,36,370.04,4
72916,2026-07-23,2026-07-24,2,356,7,43,132,378.43,10
72917,2026-08-01,2026-08-05,3,305,1,27,164,339.28,8
72918,2026-07-10,2026-07-13,1,106,8,20,116,88.33,5
72919,2026-07-30,2026-08-05,3,57,18,15,168,149.01,3
72920,2026-07-27,2026-08-03,1,47,2,26,194,200.92,6
72921,2026-07-04,2026-07-05,1,144,3,32,180,148.71,2
72922,2026-07-06,2026-07-11,2,112,7,20,72,498.42,7
72923,2026-07-13,2026-07-16,3,363,18,15,105,144.83,4
72924,2026-07-11,2026-07-12,3,430,17,32,104,200.4,7
72925,2026-07-18,2026-07-23,2,64,6,45,71,16.1,3
72926,2026-07-03,2026-07-05,3,116,19,8,188,41.15,9
72927,2026-07-03,2026-07-07,3,322,12,24,47,464.08,1
72928,2026-07-10,2026-07-16,1,120,8,16,57,351.47,6
72929,2026-07-16,2026-07-22,2,371,5,34,117,26.09,10
72930,2026-07-24,2026-07-31,1,298,12,36,187,14.71,5
72931,2026-08-02,2026-08-04,1,26,5,16,177,168.24,2
72932,2026-07-30,2026-07-31,1,290,9,4,71,387.75,9
72933,2026-07-26,2026-07-27,1,238,8,23,186,430.47,6
72934,2026-08-02,2026-08-04,2,165,4,7,119,151.04,9
72935,2026-07-15,2026-07-17,3,359,10,27,191,298.08,9
72936,2026-07-20,2026-07-25,2,366,4,2,49,147.12,7
72937,2026-07-15,2026-07-17,1,271,17,14,124,422.3,7
72938,2026-07-31,2026-08-01,3,426,7,43,83,234.96,3
72939,2026-07-29,2026-08-01,2,463,3,24,79,449.76,1
72940,2026-07-29,2026-07-30,3,316,12,21,182,348.89,3
72941,2026-07-12,2026-07-16,1,458,19,30,11,450.6,1
72942,2026-07-18,2026-07-20,3,208,20,30,147,430.92,7
72943,2026-07-22,2026-07-25,2,45,4,7,5,43.89,5
72944,2026-07-12,2026-07-16,2,194,13,47,18,462.4,1
72945,2026-07-05,2026-07-06,3,371,9,4,184,77.3,6
72946,2026-07-08,2026-07-11,3,406,18,47,170,27.62,3
72947,2026-07-19,2026-07-21,1,115,15,6,192,469.33,7
72948,2026-07-27,2026-07-31,1,333,20,28,183,78.43,4
72949,2026-07-31,2026-08-01,2,61,6,19,174,289.19,6
72950,2026-07-12,2026-07-17,3,357,18,32,129,171.73,2
72951,2026-07-27,2026-07-31,3,366,5,29,72,62.63,1
72952,2026-07-09,2026-07-10,3,239,8,2,104,445.76,10
72953,2026-07-09,2026-07-15,3,448,5,39,83,341.09,9
72954,2026-07-22,2026-07-24,2,413,17,46,18,225.28,2
72955,2026-07-22,2026-07-28,2,213,7,19,21,296.22,9
72956,2026-07-25,2026-07-27,3,73,6,41,15,164.61,2
72957,2026-07-22,2026-07-26,1,98,16,39,199,304.05,8
72958,2026-08-01,2026-08-04,2,136,4,45,84,163.85,5
72959,2026-07-15,2026-07-20,3,468,18,18,8,11.48,2
72960,2026-07-07,2026-07-08,1,208,17,46,101,74.45,2
72961,2026-07-05,2026-07-06,3,318,7,22,51,408.2,6
72962,2026-07-21,2026-07-27,1,296,3,27,175,473.18,8
72963,2026-07-28,2026-08-03,3,331,9,45,23,357.26,3
72964,2026-07-06,2026-07-13,3,90,7,30,146,346.87,7
72965,2026-07-04,2026-07-05,1,210,8,14,170,317.94,7
72966,2026-07-16,2026-07-20,1,494,14,46,176,275.92,7
72967,2026-07-06,2026-07-10,1,232,3,25,96,491.34,5
72968,2026-07-10,2026-07-11,1,347,11,7,163,226.51,7
72969,2026-07-26,2026-07-27,2,427,15,49,103,394.63,4
72970,2026-07-06,2026-07-10,2,415,18,41,23,393.92,1
72971,2026-07-06,2026-07-12,1,149,11,44,23,423.9,5
72972,2026-07-11,2026-07-12,2,122,18,13,71,59.9,5
72973,2026-07-29,2026-08-02,3,234,14,50,4,232.81,10
72974,2026-07-12,2026-07-18,3,414,17,20,48,72.31,1
72975,2026-07-11,2026-07-17,2,188,7,41,159,212.9,3
72976,2026-07-15,2026-07-16,1,74,17,32,48,72.08,5
72977,2026-07-31,2026-08-05,3,180,17,37,93,491.34,7
72978,2026-07-06,2026-07-12,1,32,12,30,125,292.67,1
72979,2026-07-10,2026-07-17,3,453,19,3,114,424.25,3
72980,2026-07-25,2026-07-26,1,307,5,31,130,149.26,4
72981,2026-07-03,2026-07-04,1,179,10,20,59,9.79,5
72982,2026-07-12,2026-07-14,2,90,8,34,94,305.7,4
72983,2026-07-16,2026-07-20,1,424,1,28,46,467.75,6
72984,2026-07-30,2026-08-02,3,32,12,36,132,141.97,3
72985,2026-08-01,2026-08-08,1,402,12,33,84,212.59,7
72986,2026-07-08,2026-07-12,3,201,3,15,170,389.35,1
72987,2026-07-20,2026-07-25,1,350,20,40,183,425.96,7
72988,2026-08-01,2026-08-05,3,462,12,19,51,496.57,5
72989,2026-07-04,2026-07-10,3,462,8,11,94,47.17,4
72990,2026-07-13,2026-07-17,1,15,16,19,100,395.12,6
72991,2026-07-23,2026-07-30,2,29,18,14,159,330.17,2
72992,2026-07-18,2026-07-19,1,153,10,49,4,101.41,3
72993,2026-07-15,2026-07-19,3,165,6,36,150,51.07,5
72994,2026-07-06,2026-07-09,1,325,13,48,15,485.71,3
72995,2026-07-19,2026-07-26,2,205,2,6,5,408.44,6
72996,2026-07-22,2026-07-23,2,242,6,28,50,367.81,10
72997,2026-07-09,2026-07-13,3,234,18,16,60,111.21,10
72998,2026-07-30,2026-08-05,1,474,7,39,24,454.87,10
72999,2026-07-16,2026-07-19,3,42,14,26,132,86.99,10
73000,2026-07-04,2026-07-06,3,225,11,42,75,271.31,1
73001,2026-07-26,2026-07-31,1,153,10,12,180,90.77,7
73002,2026-07-16,2026-07-17,3,132,11,20,136,104.45,4
73003,2026-07-21,2026-07-26,2,103,9,47,176,95.45,8
73004,2026-07-23,2026-07-28,1,156,14,33,83,82.76,9
73005,2026-07-22,2026-07-27,3,130,17,42,47,81.27,6
73006,2026-07-14,2026-07-17,1,18,7,4,71,185.09,9
73007,2026-07-16,2026-07-17,3,314,2,42,178,244.89,3
73008,2026-07-15,2026-07-20,1,98,9,46,100,88.68,7
73009,2026-07-03,2026-07-06,1,461,20,3,21,426.22,8
73010,2026-07-08,2026-07-10,1,234,9,10,10,389.19,3
73011,2026-07-09,2026-07-13,1,376,18,11,112,339.7,2
73012,2026-08-02,2026-08-09,2,152,2,28,27,69.12,10
73013,2026-07-16,2026-07-18,3,123,7,18,175,362.9,4
73014,2026-07-06,2026-07-11,3,86,19,24,72,497.6,5
73015,2026-07-08,2026-07-15,3,433,8,45,167,468.31,1
73016,2026-07-15,2026-07-16,2,425,20,8,192,372.6,10
73017,2026-07-09,2026-07-11,3,467,12,25,62,256.66,10
73018,2026-07-11,2026-07-18,3,14,6,7,81,81.62,10
73019,2026-07-18,2026-07-23,3,28,19,1,193,18.96,2
73020,2026-08-02,2026-08-03,2,16,19,22,38,203.34,1
73021,2026-07-20,2026-07-23,1,152,10,25,85,211.23,3
73022,2026-07-30,2026-08-04,1,84,20,20,87,302.79,10
73023,2026-08-02,2026-08-03,3,41,9,19,147,312.8,1
73024,2026-07-27,2026-07-28,3,481,4,40,159,90.25,8
73025,2026-07-04,2026-07-08,3,473,10,32,160,43.06,8
73026,2026-07-16,2026-07-19,1,233,5,3,48,359.81,1
73027,2026-08-01,2026-08-05,2,340,5,33,64,237.17,3
73028,2026-07-31,2026-08-02,1,230,8,47,17,157.15,2
73029,2026-07-22,2026-07-26,3,162,9,20,87,39.92,10
73030,2026-07-12,2026-07-18,3,251,12,14,142,161.7,8
73031,2026-07-29,2026-07-30,3,40,20,42,3,121.26,1
73032,2026-07-18,2026-07-20,2,196,9,42,8,371.45,1
73033,2026-07-09,2026-07-12,3,313,16,18,76,356.81,7
73034,2026-07-31,2026-08-07,1,229,9,32,130,310.0,6
73035,2026-07-23,2026-07-28,1,476,10,15,130,90.96,1
73036,2026-07-11,2026-07-12,2,465,7,13,65,155.94,7
73037,2026-07-12,2026-07-17,3,389,5,1,83,211.52,7
73038,2026-07-09,2026-07-12,1,229,8,41,173,75.19,1
73039,2026-07-05,2026-07-08,2,176,1,27,157,425.67,2
73040,2026-07-03,2026-07-08,1,395,9,47,157,144.89,3
73041,2026-07-19,2026-07-21,2,304,16,50,50,352.57,6
73042,2026-07-13,2026-07-16,2,343,9,6,17,360.87,1
73043,2026-07-30,2026-08-03,2,438,10,34,101,101.16,10
73044,2026-07-23,2026-07-29,1,182,14,9,141,318.05,10
73045,2026-07-31,2026-08-07,1,497,13,19,187,380.79,6
73046,2026-07-07,2026-07-12,3,443,14,25,39,326.62,7
73047,2026-07-15,2026-07-19,3,323,13,43,176,369.01,6
73048,2026-07-22,2026-07-25,3,328,4,12,55,224.06,2
73049,2026-07-24,2026-07-27,1,282,1,11,47,96.1,1
73050,2026-07-13,2026-07-14,2,177,5,15,87,145.88,9
73051,2026-07-10,2026-07-13,1,160,19,11,99,449.69,5
73052,2026-07-06,2026-07-11,1,204,1,22,82,488.67,2
73053,2026-07-12,2026-07-13,3,85,11,25,193,378.78,3
73054,2026-07-29,2026-07-31,2,333,6,43,34,455.94,6
73055,2026-07-08,2026-07-15,2,150,15,28,113,165.37,4
73056,2026-07-23,2026-07-25,3,299,9,9,118,459.43,5
73057,2026-07-09,2026-07-13,1,69,14,21,48,427.36,10
73058,2026-07-11,2026-07-15,3,324,19,13,195,272.37,2
73059,2026-07-10,2026-07-17,2,210,9,18,84,141.18,1
73060,2026-07-14,2026-07-18,3,224,6,26,191,494.34,8
73061,2026-07-16,2026-07-19,2,29,12,25,3,88.32,7
73062,2026-07-16,2026-07-20,3,417,14,44,200,70.32,1
73063,2026-07-28,2026-08-02,1,387,19,36,115,172.29,3
73064,2026-07-23,2026-07-30,3,407,10,50,190,375.28,3
73065,2026-07-23,2026-07-29,1,19,6,26,135,190.56,3
73066,2026-07-21,2026-07-24,1,101,9,40,124,38.39,5
73067,2026-07-21,2026-07-28,1,215,19,6,149,113.65,1
73068,2026-07-23,2026-07-28,2,7,16,23,194,137.52,7
73069,2026-07-17,2026-07-21,1,290,13,33,116,151.39,9
73070,2026-07-21,2026-07-24,1,159,5,12,144,14.47,4
73071,2026-07-18,2026-07-23,3,90,10,33,184,331.72,7
73072,2026-07-17,2026-07-18,3,308,11,4,101,465.55,1
73073,2026-08-01,2026-08-08,1,145,3,40,54,216.64,5
73074,2026-07-19,2026-07-21,3,142,18,48,200,444.39,9
73075,2026-07-21,2026-07-22,1,324,14,29,127,83.43,3
73076,2026-07-03,2026-07-10,3,362,7,35,57,313.2,3
73077,2026-07-07,2026-07-14,2,316,5,38,121,46.44,4
73078,2026-07-08,2026-07-15,3,287,16,39,33,83.51,4
73079,2026-07-17,2026-07-24,3,130,1,36,29,389.32,8
73080,2026-07-20,2026-07-22,2,223,9,37,57,285.9,3
73081,2026-07-09,2026-07-10,3,312,2,4,116,110.27,7
73082,2026-07-22,2026-07-23,3,55,13,2,179,306.84,7
73083,2026-07-21,2026-07-26,3,456,9,12,132,40.19,4
73084,2026-08-01,2026-08-04,2,12,17,31,27,372.85,9
73085,2026-07-08,2026-07-10,2,385,6,40,20,174.77,7
73086,2026-07-16,2026-07-18,3,196,14,34,165,357.47,1
73087,2026-07-16,2026-07-19,2,132,7,28,173,332.17,1
73088,2026-07-16,2026-07-18,3,427,12,24,146,187.1,10
73089,2026-07-25,2026-07-29,1,9,13,32,21,445.45,5
73090,2026-07-08,2026-07-12,2,147,15,31,6,158.08,5
73091,2026-07-10,2026-07-14,3,388,15,20,186,298.75,4
73092,2026-07-06,2026-07-13,1,335,11,13,11,266.26,2
73093,2026-08-01,2026-08-02,2,128,7,45,195,386.99,7
73094,2026-07-05,2026-07-11,3,434,5,38,21,58.82,1
73095,2026-07-22,2026-07-25,1,253,11,38,62,182.45,9
73096,2026-07-14,2026-07-16,2,474,5,41,50,172.49,4
73097,2026-07-20,2026-07-25,3,296,15,48,35,431.29,3
73098,2026-07-20,2026-07-23,2,354,17,38,159,494.23,1
73099,2026-07-17,2026-07-22,1,18,18,28,169,121.88,7
73100,2026-07-04,2026-07-11,2,157,6,47,104,130.55,3
73101,2026-07-24,2026-07-30,3,136,14,4,52,80.97,8
73102,2026-07-04,2026-07-07,3,60,12,17,116,282.8,8
73103,2026-07-16,2026-07-19,1,358,11,26,117,243.0,2
73104,2026-07-04,2026-07-06,1,283,17,17,150,138.73,3
73105,2026-08-01,2026-08-06,2,290,15,33,108,330.4,5
73106,2026-07-29,2026-08-02,2,345,2,7,153,309.95,9
73107,2026-07-21,2026-07-23,1,240,4,44,91,395.28,8
73108,2026-07-13,2026-07-16,3,285,7,16,145,321.19,9
73109,2026-07-23,2026-07-27,2,113,18,40,32,325.38,1
73110,2026-07-30,2026-08-05,3,27,11,25,41,294.19,8
73111,2026-07-21,2026-07-24,2,480,18,12,73,353.88,6
73112,2026-07-27,2026-07-29,1,69,2,31,143,410.41,9
73113,2026-07-31,2026-08-06,3,104,8,46,119,309.54,4
73114,2026-07-26,2026-07-27,1,329,14,11,129,488.66,2
73115,2026-07-16,2026-07-22,2,92,3,42,101,174.14,1
73116,2026-07-20,2026-07-27,3,290,10,13,127,242.03,5
73117,2026-07-04,2026-07-09,3,393,9,37,151,184.95,8
73118,2026-07-26,2026-08-01,3,476,3,1,58,313.72,4
73119,2026-07-20,2026-07-26,1,121,15,9,119,487.08,1
73120,2026-07-03,2026-07-05,2,362,16,14,23,477.91,10
73121,2026-07-08,2026-07-15,2,129,3,34,154,198.93,5
73122,2026-08-01,2026-08-06,1,460,16,12,48,256.02,6
73123,2026-07-22,2026-07-28,1,420,5,18,167,491.12,5
73124,2026-07-05,2026-07-11,2,370,20,41,4,148.67,10
73125,2026-07-18,2026-07-21,1,347,12,10,121,382.88,3
73126,2026-07-19,2026-07-22,1,101,13,22,63,197.22,10
73127,2026-07-29,2026-08-03,3,338,10,38,31,76.8,3
73128,2026-07-09,2026-07-12,1,369,7,9,111,380.67,6
73129,2026-07-24,2026-07-26,2,56,9,50,83,231.53,10
73130,2026-07-16,2026-07-18,3,3,4,48,35,392.07,3
73131,2026-07-16,2026-07-21,2,390,9,10,113,48.85,9
73132,2026-08-02,2026-08-09,2,127,18,2,45,411.01,9
73133,2026-07-18,2026-07-23,1,450,9,24,33,56.62,6
73134,2026-07-29,2026-08-05,3,131,11,21,34,492.68,6
73135,2026-07-20,2026-07-25,1,484,11,28,148,346.12,4
73136,2026-07-24,2026-07-26,2,368,5,3,25,470.42,2
73137,2026-07-27,2026-08-01,3,7,3,15,83,9.86,2
73138,2026-07-23,2026-07-27,2,456,10,35,122,403.14,6
73139,2026-07-06,2026-07-10,1,104,8,4,135,373.04,5
73140,2026-07-03,2026-07-08,1,150,16,5,33,5.02,3
73141,2026-07-13,2026-07-20,2,451,11,40,59,111.5,10
73142,2026-07-19,2026-07-22,3,201,15,47,36,415.17,9
73143,2026-07-21,2026-07-26,2,40,13,21,64,381.56,5
73144,2026-07-29,2026-08-03,1,141,12,34,112,287.7,6
73145,2026-07-17,2026-07-22,2,375,17,23,10,180.33,1
73146,2026-07-21,2026-07-24,2,339,7,34,163,376.31,4
73147,2026-07-26,2026-07-31,1,77,14,12,85,220.84,2
73148,2026-07-19,2026-07-20,3,333,15,44,60,353.1,7
73149,2026-07-19,2026-07-23,3,93,15,37,15,411.01,1
73150,2026-07-08,2026-07-09,1,475,12,23,97,118.53,9
73151,2026-07-09,2026-07-10,1,87,9,6,34,304.66,6
73152,2026-07-09,2026-07-10,2,18,17,29,4,254.84,7
73153,2026-07-14,2026-07-20,1,200,5,38,170,291.79,8
73154,2026-07-05,2026-07-09,1,90,3,5,135,38.11,8
73155,2026-07-22,2026-07-29,1,87,6,34,70,387.72,6
73156,2026-07-06,2026-07-12,1,91,20,41,192,457.23,3
73157,2026-07-13,2026-07-14,2,128,13,28,108,255.51,4
73158,2026-07-29,2026-08-04,1,344,2,12,85,348.96,6
73159,2026-07-18,2026-07-23,1,78,11,17,134,497.45,6
73160,2026-07-29,2026-08-01,2,337,8,29,140,74.63,7
73161,2026-08-02,2026-08-04,3,477,6,9,37,113.7,4
73162,2026-07-27,2026-07-31,3,396,5,11,163,154.26,4
73163,2026-07-14,2026-07-18,2,321,19,42,31,433.16,9
73164,2026-07-05,2026-07-09,3,407,14,41,21,298.46,4
73165,2026-07-04,2026-07-07,3,60,8,11,115,261.43,8
73166,2026-07-19,2026-07-21,2,429,2,32,123,17.3,9
73167,2026-07-23,2026-07-26,2,264,20,2,51,32.82,5
73168,2026-07-21,2026-07-28,1,172,18,4,61,242.83,2
73169,2026-07-15,2026-07-20,3,377,6,31,123,166.56,4
73170,2026-07-18,2026-07-23,1,332,4,27,149,122.59,10
73171,2026-07-22,2026-07-26,2,192,17,33,143,233.24,6
73172,2026-07-21,2026-07-26,3,95,15,6,160,456.33,2
73173,2026-07-25,2026-07-27,2,66,15,44,151,442.44,9
73174,2026-07-07,2026-07-09,3,487,11,26,46,354.55,5
73175,2026-07-17,2026-07-19,2,474,17,23,91,447.56,8
73176,2026-07-14,2026-07-18,1,400,11,36,126,114.96,6
73177,2026-07-25,2026-07-29,1,212,19,26,198,424.03,8
73178,2026-07-25,2026-07-31,2,481,6,34,124,250.55,10
73179,2026-07-15,2026-07-17,2,324,13,38,127,466.12,3
73180,2026-07-28,2026-08-01,1,500,11,30,39,325.15,1
73181,2026-08-02,2026-08-09,3,121,17,40,132,309.99,2
73182,2026-07-28,2026-08-01,1,114,12,39,93,343.57,6
73183,2026-07-06,2026-07-12,3,269,17,26,50,413.79,9
73184,2026-07-31,2026-08-04,2,414,14,33,1,173.19,4
73185,2026-07-23,2026-07-24,1,94,6,40,199,41.13,10
73186,2026-07-29,2026-08-05,3,348,15,41,163,261.36,1
73187,2026-07-24,2026-07-29,2,313,16,7,170,382.22,8
73188,2026-07-05,2026-07-09,2,1,11,36,25,25.59,6
73189,2026-07-21,2026-07-27,3,391,13,30,180,474.0,5
73190,2026-07-31,2026-08-05,2,448,3,10,38,178.27,3
73191,2026-07-15,2026-07-17,3,147,10,50,192,73.37,8
73192,2026-07-11,2026-07-14,2,285,2,34,110,402.36,6
73193,2026-07-26,2026-07-27,1,398,15,31,112,487.94,8
73194,2026-07-11,2026-07-12,2,318,13,21,45,121.0,4
73195,2026-07-17,2026-07-21,1,295,11,40,129,337.31,8
73196,2026-07-15,2026-07-20,3,253,11,30,118,219.88,9
73197,2026-07-11,2026-07-18,3,72,4,44,7,335.47,2
73198,2026-07-21,2026-07-27,2,303,9,40,145,308.2,8
73199,2026-07-17,2026-07-23,1,402,2,39,189,161.26,1
73200,2026-07-23,2026-07-24,3,427,12,38,116,346.31,1
73201,2026-07-15,2026-07-16,2,98,2,28,196,337.68,7
73202,2026-07-25,2026-07-27,2,368,19,22,15,60.04,3
73203,2026-07-12,2026-07-13,3,57,13,36,10,198.79,7
73204,2026-07-26,2026-07-28,2,486,2,26,96,115.76,6
73205,2026-07-20,2026-07-22,3,93,12,40,60,213.41,6
73206,2026-07-08,2026-07-11,2,304,14,21,104,150.65,8
73207,2026-07-05,2026-07-12,1,201,2,17,193,144.71,4
73208,2026-07-15,2026-07-22,2,253,18,37,152,227.13,10
73209,2026-07-24,2026-07-26,1,89,6,47,111,200.37,6
73210,2026-07-11,2026-07-18,1,37,7,4,76,170.84,6
73211,2026-07-30,2026-08-01,2,438,7,29,19,98.79,1
73212,2026-07-27,2026-08-01,2,252,19,41,188,125.73,4
73213,2026-07-11,2026-07-12,3,199,6,35,133,114.01,8
73214,2026-07-15,2026-07-17,3,381,5,48,55,44.92,7
73215,2026-07-16,2026-07-21,2,213,17,27,61,130.17,5
73216,2026-08-01,2026-08-06,2,54,5,20,85,69.2,10
73217,2026-07-26,2026-07-31,1,461,4,11,111,151.4,8
73218,2026-07-24,2026-07-29,2,77,19,25,132,412.98,10
73219,2026-07-31,2026-08-02,3,314,11,36,165,29.69,10
73220,2026-07-04,2026-07-09,3,151,10,14,140,333.05,6
73221,2026-07-10,2026-07-17,3,108,5,39,37,449.69,9
73222,2026-07-13,2026-07-16,1,417,15,6,123,388.72,1
73223,2026-07-08,2026-07-12,1,305,17,40,74,64.31,7
73224,2026-07-13,2026-07-16,3,338,13,43,60,177.13,8
73225,2026-08-01,2026-08-06,3,114,12,15,197,303.23,9
73226,2026-07-11,2026-07-18,1,313,15,27,5,270.85,1
73227,2026-07-16,2026-07-22,1,341,7,8,71,498.58,10
73228,2026-07-27,2026-07-31,3,348,20,13,170,165.11,9
73229,2026-07-05,2026-07-11,2,310,8,50,132,350.92,6
73230,2026-07-14,2026-07-17,3,194,2,34,95,402.36,7
73231,2026-07-26,2026-07-31,2,475,16,35,73,96.71,2
73232,2026-07-06,2026-07-12,2,176,3,6,38,175.68,3
73233,2026-07-28,2026-07-30,2,44,3,44,95,206.53,8
73234,2026-07-26,2026-07-27,3,43,13,15,173,465.9,4
73235,2026-07-06,2026-07-07,2,279,7,46,151,421.6,6
73236,2026-07-31,2026-08-01,3,485,12,32,15,426.59,8
73237,2026-07-25,2026-07-29,3,216,6,5,45,278.82,1
73238,2026-07-06,2026-07-07,3,389,16,34,87,386.26,2
73239,2026-07-27,2026-08-01,1,175,19,36,64,494.67,9
73240,2026-07-13,2026-07-17,1,462,1,38,41,428.97,9
73241,2026-07-27,2026-07-30,1,486,14,11,15,187.67,3
73242,2026-07-11,2026-07-15,3,311,6,21,195,50.97,3
73243,2026-07-28,2026-07-31,3,426,5,4,129,279.84,5
73244,2026-08-02,2026-08-04,2,369,1,8,110,82.0,9
73245,2026-07-23,2026-07-29,3,204,15,45,54,258.54,7
73246,2026-07-25,2026-07-31,1,79,20,40,180,11.9,10
73247,2026-07-06,2026-07-10,1,347,2,16,17,381.43,9
73248,2026-07-27,2026-08-02,3,35,14,17,56,466.04,3
73249,2026-07-15,2026-07-19,2,92,20,8,49,285.08,1
73250,2026-07-25,2026-07-30,2,358,6,23,26,294.54,5
73251,2026-07-10,2026-07-12,2,385,5,8,10,234.99,7
73252,2026-07-26,2026-07-29,1,73,12,3,135,143.07,10
73253,2026-07-11,2026-07-18,2,42,17,37,186,252.28,4
73254,2026-07-26,2026-08-02,3,368,8,42,146,442.07,8
73255,2026-07-11,2026-07-18,3,213,19,29,32,316.73,10
73256,2026-07-27,2026-07-28,2,216,8,15,1,66.6,6
73257,2026-07-16,2026-07-23,3,180,13,50,32,407.77,10
73258,2026-07-20,2026-07-27,2,394,11,37,119,344.72,1
73259,2026-07-14,2026-07-21,2,275,2,12,134,489.5,3
73260,2026-07-25,2026-07-30,2,75,3,28,149,319.52,1
73261,2026-08-01,2026-08-05,3,175,7,32,129,470.98,8
73262,2026-07-03,2026-07-10,2,294,3,41,32,321.47,2
73263,2026-07-06,2026-07-09,3,500,18,12,142,341.4,10
73264,2026-07-03,2026-07-10,2,3,11,14,128,202.17,4
73265,2026-07-26,2026-07-27,1,267,18,11,55,197.99,8
73266,2026-07-09,2026-07-14,3,266,20,22,155,299.19,4
73267,2026-07-29,2026-07-31,2,339,12,36,162,26.54,4
73268,2026-07-10,2026-07-13,2,87,12,24,41,123.11,4
73269,2026-07-03,2026-07-10,2,267,3,30,122,147.9,8
73270,2026-07-10,2026-07-15,1,78,7,26,157,424.61,2
73271,2026-08-02,2026-08-09,3,379,19,47,86,54.23,4
73272,2026-07-11,2026-07-14,2,229,10,39,91,376.87,2
73273,2026-07-08,2026-07-14,1,46,4,44,96,198.08,8
73274,2026-07-07,2026-07-12,1,263,16,34,29,230.11,3
73275,2026-07-15,2026-07-19,3,148,4,31,185,30.81,5
73276,2026-07-06,2026-07-08,1,119,9,31,144,432.44,8
73277,2026-07-29,2026-08-02,1,493,3,35,106,271.16,1
73278,2026-07-08,2026-07-15,1,204,15,16,183,153.16,2
73279,2026-07-13,2026-07-18,2,163,10,36,20,319.63,5
73280,2026-07-06,2026-07-09,3,139,3,42,166,499.62,6
73281,2026-07-16,2026-07-21,2,162,20,38,84,450.76,5
73282,2026-07-30,2026-08-03,1,496,20,38,161,45.66,6
73283,2026-07-16,2026-07-18,2,349,19,6,21,464.9,9
73284,2026-07-10,2026-07-14,3,377,5,8,88,155.49,9
73285,2026-08-01,2026-08-05,2,173,19,37,132,33.67,3
73286,2026-07-03,2026-07-10,3,81,5,12,95,130.13,9
73287,2026-07-04,2026-07-06,2,209,1,41,186,429.09,6
73288,2026-08-01,2026-08-04,3,389,15,27,76,32.27,9
73289,2026-07-15,2026-07-22,3,162,16,31,74,236.55,7
73290,2026-07-29,2026-08-05,2,39,8,36,15,256.56,4
73291,2026-07-28,2026-07-29,2,221,5,11,195,292.8,4
73292,2026-07-31,2026-08-07,1,265,19,27,67,385.84,5
73293,2026-07-13,2026-07-19,2,134,12,27,80,385.08,2
73294,2026-07-08,2026-07-15,1,389,10,15,195,43.87,5
73295,2026-08-02,2026-08-03,1,108,7,4,174,182.7,7
73296,2026-07-11,2026-07-15,3,314,20,29,163,196.31,9
73297,2026-08-02,2026-08-05,1,407,19,50,86,252.2,6
73298,2026-07-08,2026-07-14,1,88,11,13,57,382.89,10
73299,2026-07-16,2026-07-20,1,259,2,4,4,294.82,4
73300,2026-07-03,2026-07-07,3,115,13,29,196,494.64,7
73301,2026-07-08,2026-07-09,1,129,2,10,144,494.58,10
73302,2026-07-15,2026-07-22,2,145,19,36,14,460.53,9
73303,2026-07-15,2026-07-19,3,471,10,1,48,344.48,10
73304,2026-07-18,2026-07-21,1,378,4,29,96,402.35,6
73305,2026-07-30,2026-08-01,1,464,15,37,88,165.66,6
73306,2026-07-03,2026-07-08,1,263,18,42,118,322.88,5
73307,2026-07-27,2026-08-03,2,7,11,50,180,437.82,3
73308,2026-07-28,2026-07-30,2,309,18,19,164,72.49,7
73309,2026-07-20,2026-07-23,1,303,1,40,176,117.14,6
73310,2026-07-10,2026-07-12,2,339,9,11,75,488.65,1
73311,2026-07-06,2026-07-12,2,151,13,33,3,333.15,4
73312,2026-07-08,2026-07-14,2,312,3,41,171,81.09,8
73313,2026-07-11,2026-07-16,3,340,14,39,154,49.59,3
73314,2026-07-12,2026-07-18,2,19,8,10,171,408.21,8
73315,2026-07-27,2026-08-02,1,108,2,24,39,162.42,3
73316,2026-07-17,2026-07-19,1,263,5,10,73,33.85,9
73317,2026-07-20,2026-07-22,3,320,19,5,126,57.17,8
73318,2026-07-18,2026-07-22,2,499,17,48,180,205.41,5
73319,2026-07-29,2026-07-30,1,102,8,24,177,486.4,8
73320,2026-07-17,2026-07-24,1,9,4,41,157,379.87,8
73321,2026-07-24,2026-07-26,1,425,14,28,173,317.33,8
73322,2026-07-12,2026-07-15,2,387,3,15,8,220.82,8
73323,2026-07-28,2026-08-02,3,249,12,41,35,448.0,4
73324,2026-07-14,2026-07-17,3,498,17,50,184,202.13,8
73325,2026-08-01,2026-08-08,3,120,12,23,61,458.18,9
73326,2026-07-12,2026-07-16,3,479,2,29,89,169.37,6
73327,2026-07-03,2026-07-04,3,107,14,30,109,142.48,9
73328,2026-07-18,2026-07-25,3,25,8,5,158,316.51,10
73329,2026-07-15,2026-07-16,1,33,13,36,103,369.29,7
73330,2026-07-24,2026-07-28,2,477,4,3,155,130.93,2
73331,2026-07-05,2026-07-09,3,295,5,41,122,56.64,7
73332,2026-07-06,2026-07-13,2,54,20,41,17,138.97,2
73333,2026-07-06,2026-07-13,1,184,4,34,175,286.94,8
73334,2026-07-14,2026-07-16,3,360,10,3,125,97.17,3
73335,2026-07-28,2026-08-02,1,352,10,41,123,484.13,8
73336,2026-07-28,2026-08-02,1,393,15,1,140,499.99,9
73337,2026-07-16,2026-07-17,3,340,1,38,50,458.14,3
73338,2026-07-22,2026-07-23,3,375,2,20,120,99.32,5
73339,2026-07-05,2026-07-07,3,241,14,10,78,373.48,1
73340,2026-07-23,2026-07-28,1,428,16,49,197,495.36,2
73341,2026-07-19,2026-07-22,3,325,18,17,72,281.7,10
73342,2026-07-28,2026-07-29,3,473,1,40,112,300.06,4
73343,2026-07-07,2026-07-13,2,476,14,44,68,335.08,3
73344,2026-07-26,2026-08-01,2,333,9,27,24,343.45,10
73345,2026-07-29,2026-08-03,2,46,7,24,28,37.0,5
73346,2026-08-02,2026-08-07,2,468,18,6,136,384.4,6
73347,2026-07-10,2026-07-15,3,167,1,26,146,267.21,4
73348,2026-08-01,2026-08-03,2,491,15,20,119,324.35,8
73349,2026-07-09,2026-07-11,1,367,16,8,113,118.22,9
73350,2026-07-07,2026-07-11,1,208,15,22,110,191.05,3
73351,2026-08-02,2026-08-04,1,243,20,12,186,182.73,3
73352,2026-07-30,2026-07-31,3,472,15,27,164,161.87,8
73353,2026-07-25,2026-07-31,3,235,10,21,150,329.71,7
73354,2026-07-31,2026-08-04,1,487,15,34,36,368.89,10
73355,2026-07-29,2026-08-01,3,433,14,29,56,293.67,2
73356,2026-07-31,2026-08-01,2,191,11,44,4,14.31,4
73357,2026-07-18,2026-07-25,3,365,9,10,150,76.61,10
73358,2026-07-25,2026-07-30,2,8,19,16,16,490.54,2
73359,2026-07-09,2026-07-10,3,60,13,5,47,42.05,4
73360,2026-07-25,2026-07-31,3,251,18,7,18,97.19,3
73361,2026-07-26,2026-08-01,1,225,7,50,151,367.81,5
73362,2026-07-21,2026-07-22,1,385,18,1,99,30.75,9
73363,2026-07-05,2026-07-08,1,340,10,42,104,137.62,8
73364,2026-07-15,2026-07-21,3,500,5,27,73,92.16,10
73365,2026-07-16,2026-07-22,1,99,14,24,124,469.09,6
73366,2026-08-02,2026-08-07,3,410,14,29,3,131.78,10
73367,2026-07-24,2026-07-30,2,200,17,1,59,135.68,2
73368,2026-07-23,2026-07-24,3,55,13,39,163,40.18,6
73369,2026-07-31,2026-08-01,3,462,2,30,88,150.56,3
73370,2026-07-17,2026-07-19,1,427,11,35,144,250.28,5
73371,2026-07-20,2026-07-24,2,116,4,9,23,32.59,2
73372,2026-07-15,2026-07-17,2,340,7,38,133,101.92,6
73373,2026-07-31,2026-08-03,1,360,15,32,105,88.53,2
73374,2026-07-13,2026-07-18,3,279,17,17,99,141.79,4
73375,2026-07-06,2026-07-13,2,220,17,46,138,451.79,8
73376,2026-07-25,2026-07-27,1,135,7,33,171,362.91,3
73377,2026-07-13,2026-07-14,2,286,3,13,81,162.51,3
73378,2026-07-31,2026-08-07,3,73,4,42,69,302.09,2
73379,2026-07-28,2026-08-02,1,40,10,25,152,377.42,3
73380,2026-07-10,2026-07-13,2,466,15,17,93,337.94,10
73381,2026-07-08,2026-07-13,1,434,4,20,189,222.67,10
73382,2026-07-30,2026-07-31,1,271,20,46,5,93.83,7
73383,2026-07-23,2026-07-28,3,478,12,21,192,181.43,10
73384,2026-07-15,2026-07-21,1,79,8,24,133,367.16,2
73385,2026-07-26,2026-08-01,2,159,12,41,86,287.73,10
73386,2026-07-19,2026-07-24,2,153,16,34,76,202.04,2
73387,2026-07-17,2026-07-19,3,451,4,11,123,121.05,8
73388,2026-08-01,2026-08-03,2,210,11,37,158,102.28,4
73389,2026-07-10,2026-07-14,3,181,12,1,178,344.44,3
73390,2026-08-01,2026-08-07,3,338,8,32,4,392.33,7
73391,2026-07-17,2026-07-22,1,374,2,26,80,141.82,6
73392,2026-07-08,2026-07-09,3,278,5,8,37,186.11,8
73393,2026-07-09,2026-07-10,3,331,13,6,53,230.21,2
73394,2026-07-15,2026-07-22,1,236,14,42,3,208.4,10
73395,2026-07-18,2026-07-22,1,271,5,37,125,146.48,6
73396,2026-07-21,2026-07-27,2,219,3,3,185,482.64,5
73397,2026-07-16,2026-07-17,2,94,18,39,193,126.41,4
73398,2026-07-07,2026-07-12,3,202,14,31,104,210.24,8
73399,2026-07-05,2026-07-06,1,35,2,7,61,339.68,1
73400,2026-07-16,2026-07-19,3,486,18,15,109,75.5,10
73401,2026-07-22,2026-07-27,3,418,9,20,79,147.7,7
73402,2026-07-26,2026-07-27,2,126,15,44,187,124.74,5
73403,2026-07-21,2026-07-24,3,312,20,31,124,142.63,8
73404,2026-07-19,2026-07-21,2,348,10,2,18,90.38,9
73405,2026-07-11,2026-07-16,3,189,11,38,168,364.31,6
73406,2026-07-06,2026-07-09,2,31,7,31,80,371.17,9
73407,2026-07-03,2026-07-05,3,246,15,4,108,374.19,6
73408,2026-07-27,2026-08-02,1,172,12,30,99,385.05,1
73409,2026-07-15,2026-07-16,1,431,11,38,124,384.05,10
73410,2026-07-31,2026-08-02,2,249,10,46,98,262.01,8
73411,2026-07-07,2026-07-08,3,58,10,40,29,444.1,6
73412,2026-07-28,2026-07-31,1,455,19,19,59,147.04,10
73413,2026-07-13,2026-07-16,2,346,13,36,69,184.8,3
73414,2026-07-05,2026-07-06,3,136,8,7,117,460.2,7
73415,2026-07-28,2026-08-02,3,45,6,43,178,90.58,1
73416,2026-07-23,2026-07-27,1,51,4,8,170,15.85,9
73417,2026-07-12,2026-07-13,3,263,8,25,166,459.51,1
73418,2026-07-13,2026-07-15,2,229,17,23,160,79.15,1
73419,2026-07-22,2026-07-28,1,232,17,6,52,293.34,3
73420,2026-07-12,2026-07-13,2,359,9,39,91,19.84,3
73421,2026-07-15,2026-07-17,3,468,9,17,95,146.6,8
73422,2026-08-02,2026-08-08,3,498,15,37,113,314.65,3
73423,2026-07-17,2026-07-20,3,477,20,22,117,450.92,10
73424,2026-07-24,2026-07-25,3,283,1,41,131,49.64,1
73425,2026-08-02,2026-08-03,3,331,12,24,166,189.09,7
73426,2026-07-29,2026-08-04,2,250,18,11,29,307.01,8
73427,2026-07-18,2026-07-24,1,439,17,46,32,196.63,9
73428,2026-07-18,2026-07-20,2,301,1,25,107,98.46,8
73429,2026-07-25,2026-07-30,3,267,17,43,133,289.82,1
73430,2026-07-18,2026-07-20,3,458,15,16,186,413.64,7
73431,2026-08-01,2026-08-07,3,300,20,49,78,52.13,9
73432,2026-07-16,2026-07-20,2,266,8,40,149,367.12,8
73433,2026-07-23,2026-07-25,3,141,14,19,123,368.7,2
73434,2026-07-16,2026-07-22,3,108,6,19,74,97.66,2
73435,2026-07-24,2026-07-27,2,340,13,36,46,373.87,5
73436,2026-07-16,2026-07-18,1,272,7,48,180,234.72,6
73437,2026-07-18,2026-07-20,1,226,13,3,77,112.49,2
73438,2026-07-04,2026-07-11,3,283,18,49,132,404.88,1
73439,2026-07-14,2026-07-16,3,112,13,12,96,27.52,4
73440,2026-07-15,2026-07-17,1,204,15,33,51,413.0,1
73441,2026-07-19,2026-07-22,3,42,1,38,20,267.81,10
73442,2026-07-28,2026-08-03,3,329,7,2,148,129.25,6
73443,2026-07-22,2026-07-29,1,298,13,12,138,374.22,9
73444,2026-07-24,2026-07-27,3,248,11,31,69,119.86,10
73445,2026-07-09,2026-07-13,3,370,13,49,14,120.4,1
73446,2026-07-18,2026-07-19,1,383,19,30,160,234.79,9
73447,2026-07-13,2026-07-14,1,61,15,41,170,321.8,4
73448,2026-07-19,2026-07-20,3,157,10,22,24,361.12,3
73449,2026-07-17,2026-07-24,3,392,5,5,191,112.35,1
73450,2026-07-24,2026-07-31,1,40,8,33,83,188.4,9
73451,2026-07-10,2026-07-15,1,159,17,30,179,473.9,6
73452,2026-07-11,2026-07-18,1,199,2,20,41,218.84,10
73453,2026-07-16,2026-07-19,2,444,7,7,181,233.84,8
73454,2026-07-26,2026-08-01,3,29,19,27,14,434.94,4
73455,2026-07-19,2026-07-25,1,104,7,42,166,161.85,7
73456,2026-07-13,2026-07-17,2,379,16,6,29,224.24,2
73457,2026-07-30,2026-08-04,2,167,20,50,13,451.03,3
73458,2026-07-10,2026-07-15,1,469,12,30,124,302.23,7
73459,2026-07-15,2026-07-19,3,89,19,34,175,350.95,8
73460,2026-07-07,2026-07-08,2,437,16,12,5,329.34,5
73461,2026-07-04,2026-07-08,1,192,19,30,111,481.46,10
73462,2026-07-28,2026-07-31,2,453,20,1,165,326.17,10
73463,2026-07-11,2026-07-18,2,159,12,43,142,234.5,5
73464,2026-07-03,2026-07-05,2,496,17,31,45,311.18,5
73465,2026-07-17,2026-07-19,3,143,10,31,79,20.04,5
73466,2026-07-13,2026-07-14,1,209,7,26,16,419.75,1
73467,2026-07-05,2026-07-10,3,138,4,2,61,84.45,6
73468,2026-07-21,2026-07-23,3,474,1,2,24,326.67,8
73469,2026-07-16,2026-07-23,2,195,1,37,45,16.4,2
73470,2026-07-14,2026-07-15,3,11,2,20,156,336.46,3
73471,2026-07-21,2026-07-28,2,143,2,31,75,10.85,2
73472,2026-07-11,2026-07-15,1,193,10,32,46,366.51,3
73473,2026-07-21,2026-07-24,2,312,4,26,174,422.33,2
73474,2026-07-19,2026-07-23,2,280,6,10,62,121.39,10
73475,2026-08-02,2026-08-03,2,223,9,22,76,290.86,7
73476,2026-07-03,2026-07-04,1,439,20,20,108,44.76,8
73477,2026-07-22,2026-07-29,1,106,14,12,102,253.22,3
73478,2026-07-18,2026-07-23,2,263,8,35,66,60.77,1
73479,2026-07-14,2026-07-15,3,75,1,8,58,402.81,2
73480,2026-07-15,2026-07-19,1,167,18,13,21,187.4,2
73481,2026-07-14,2026-07-19,3,119,16,5,58,421.96,8
73482,2026-07-13,2026-07-20,1,194,20,49,11,181.9,5
73483,2026-07-18,2026-07-22,2,434,18,2,6,166.76,5
73484,2026-07-11,2026-07-15,3,386,13,47,64,499.7,4
73485,2026-07-22,2026-07-27,3,223,20,44,112,428.27,9
73486,2026-07-05,2026-07-10,2,466,6,33,140,344.26,3
73487,2026-07-16,2026-07-22,2,487,8,30,85,237.32,10
73488,2026-07-29,2026-07-31,3,448,9,46,154,315.04,10
73489,2026-07-24,2026-07-25,2,318,2,16,104,389.3,6
73490,2026-07-27,2026-08-01,3,246,15,31,193,16.56,2
73491,2026-07-22,2026-07-29,3,414,9,3,145,251.89,10
73492,2026-07-08,2026-07-10,1,6,11,41,94,266.78,10
73493,2026-07-26,2026-07-31,3,38,20,31,64,450.18,9
73494,2026-07-15,2026-07-16,3,10,1,50,173,112.08,5
73495,2026-07-24,2026-07-30,2,159,15,46,50,290.71,6
73496,2026-07-26,2026-08-01,2,354,16,30,83,149.35,3
73497,2026-07-12,2026-07-19,1,39,2,34,39,308.5,4
73498,2026-07-14,2026-07-16,3,26,14,30,21,400.51,4
73499,2026-07-19,2026-07-23,2,386,12,30,142,278.52,5
73500,2026-07-04,2026-07-07,3,372,11,12,25,79.24,2
73501,2026-07-06,2026-07-11,1,172,5,2,100,189.03,1
73502,2026-07-20,2026-07-27,1,399,10,32,92,412.74,7
73503,2026-07-22,2026-07-23,3,220,12,28,154,457.61,5
73504,2026-08-01,2026-08-02,3,400,12,1,43,242.65,1
73505,2026-07-05,2026-07-07,1,202,6,19,13,66.73,4
73506,2026-07-17,2026-07-19,1,373,16,13,154,129.79,1
73507,2026-07-22,2026-07-29,2,95,2,9,35,45.59,4
73508,2026-08-02,2026-08-03,3,366,14,42,123,294.86,7
73509,2026-07-22,2026-07-27,2,310,10,19,105,273.52,7
73510,2026-07-31,2026-08-02,3,237,16,20,37,265.12,8
73511,2026-07-12,2026-07-17,2,256,5,15,24,203.94,7
73512,2026-07-26,2026-07-30,3,391,3,4,60,308.95,9
73513,2026-07-30,2026-07-31,1,173,16,30,45,258.68,2
73514,2026-07-25,2026-07-27,1,489,19,5,182,123.71,10
73515,2026-08-02,2026-08-07,2,362,13,12,198,8.16,6
73516,2026-07-21,2026-07-27,1,276,13,14,182,27.72,10
73517,2026-07-08,2026-07-11,1,272,18,17,35,360.67,4
73518,2026-07-03,2026-07-10,3,234,16,9,182,462.06,4
73519,2026-07-27,2026-08-01,1,387,17,9,59,83.05,6
73520,2026-07-20,2026-07-23,1,123,8,20,192,100.6,2
73521,2026-07-04,2026-07-11,2,330,16,36,94,325.09,4
73522,2026-07-16,2026-07-17,1,71,5,28,87,263.66,6
73523,2026-07-19,2026-07-25,2,80,3,49,59,250.56,8
73524,2026-07-07,2026-07-09,1,436,4,1,140,470.15,9
73525,2026-07-03,2026-07-04,1,262,4,25,85,422.94,2
73526,2026-07-25,2026-07-26,2,14,2,33,41,290.72,7
73527,2026-07-04,2026-07-08,3,344,5,14,12,311.67,10
73528,2026-07-12,2026-07-13,1,179,8,41,9,98.29,5
73529,2026-07-14,2026-07-17,2,471,2,7,92,240.37,9
73530,2026-07-04,2026-07-07,3,411,14,47,25,419.89,1
73531,2026-07-26,2026-07-30,2,200,14,47,27,302.6,5
73532,2026-07-13,2026-07-19,3,396,11,10,159,192.38,2
73533,2026-07-17,2026-07-22,2,175,13,22,34,266.37,4
73534,2026-07-28,2026-08-04,2,407,12,34,180,391.16,6
73535,2026-07-17,2026-07-20,2,12,11,32,21,471.45,8
73536,2026-07-13,2026-07-17,3,365,1,20,172,449.73,10
73537,2026-07-20,2026-07-24,2,123,5,13,171,45.51,10
73538,2026-07-07,2026-07-13,3,131,16,2,169,339.3,6
73539,2026-08-02,2026-08-06,1,368,18,11,60,74.55,7
73540,2026-07-05,2026-07-09,2,16,4,49,111,256.22,6
73541,2026-07-23,2026-07-29,2,478,13,1,166,182.97,5
73542,2026-07-07,2026-07-09,3,56,4,13,180,21.86,10
73543,2026-07-24,2026-07-30,2,323,9,25,1,410.15,5
73544,2026-07-31,2026-08-03,3,184,4,34,7,72.95,10
73545,2026-07-18,2026-07-22,3,170,18,1,153,45.89,4
73546,2026-08-02,2026-08-05,3,322,16,37,135,329.42,3
73547,2026-07-14,2026-07-16,2,172,17,45,148,280.76,9
73548,2026-07-24,2026-07-29,1,433,8,8,38,44.34,10
73549,2026-07-16,2026-07-22,3,349,10,45,14,344.98,6
73550,2026-07-16,2026-07-19,1,464,13,17,42,341.01,5
73551,2026-07-14,2026-07-21,1,430,17,35,17,359.03,7
73552,2026-07-12,2026-07-14,1,402,7,34,182,472.07,5
73553,2026-07-29,2026-08-01,2,368,15,42,64,349.71,10
73554,2026-07-20,2026-07-25,3,410,13,50,156,392.73,6
73555,2026-07-05,2026-07-08,3,58,20,36,36,407.0,3
73556,2026-07-13,2026-07-20,2,441,7,39,180,21.37,8
73557,2026-07-19,2026-07-23,3,14,20,37,24,247.07,1
73558,2026-07-25,2026-07-31,1,197,10,25,197,484.42,7
73559,2026-07-06,2026-07-08,2,31,18,37,199,451.97,2
73560,2026-07-09,2026-07-14,3,258,14,4,62,357.59,2
73561,2026-07-20,2026-07-23,3,186,4,20,88,292.61,9
73562,2026-07-30,2026-08-05,2,500,1,21,35,310.61,2
73563,2026-07-15,2026-07-22,3,266,9,38,81,463.69,1
73564,2026-07-29,2026-08-05,3,311,15,18,129,123.89,6
73565,2026-07-21,2026-07-23,3,450,19,23,4,59.54,10
73566,2026-08-02,2026-08-06,2,158,4,36,71,474.35,7
73567,2026-07-19,2026-07-21,2,301,17,32,46,256.42,10
73568,2026-07-14,2026-07-18,3,471,13,11,189,432.47,7
73569,2026-07-29,2026-07-31,3,131,18,36,2,282.3,2
73570,2026-07-03,2026-07-08,3,416,4,23,42,379.81,5
73571,2026-07-12,2026-07-19,3,256,15,25,67,404.88,3
73572,2026-08-02,2026-08-08,3,74,15,11,15,467.26,1
73573,2026-07-17,2026-07-19,1,439,2,32,51,296.21,1
73574,2026-07-18,2026-07-25,3,184,3,1,128,230.01,7
73575,2026-07-15,2026-07-16,3,321,13,14,30,392.31,10
73576,2026-07-07,2026-07-10,2,481,5,49,91,18.44,6
73577,2026-07-10,2026-07-15,3,180,11,2,45,428.63,4
73578,2026-07-17,2026-07-22,1,272,1,47,27,277.27,2
73579,2026-07-12,2026-07-13,1,326,13,23,155,165.52,2
73580,2026-07-18,2026-07-21,2,107,4,13,50,156.9,7
73581,2026-07-30,2026-07-31,3,132,1,24,136,313.05,5
73582,2026-07-20,2026-07-23,3,500,12,10,181,83.93,8
73583,2026-07-26,2026-07-30,3,6,2,37,63,149.67,9
73584,2026-07-10,2026-07-14,3,77,7,3,143,479.06,10
73585,2026-07-08,2026-07-11,2,212,14,45,126,33.4,5
73586,2026-07-20,2026-07-25,3,168,11,21,33,98.68,10
73587,2026-07-29,2026-08-05,2,421,11,44,143,270.98,4
73588,2026-07-29,2026-08-02,3,474,10,13,77,192.69,2
73589,2026-07-21,2026-07-25,1,366,17,39,200,196.4,5
73590,2026-07-16,2026-07-17,2,311,14,6,154,458.79,3
73591,2026-07-26,2026-08-01,3,175,2,23,165,162.57,8
73592,2026-07-13,2026-07-19,2,183,13,49,4,184.44,6
73593,2026-07-08,2026-07-12,2,48,3,27,159,35.33,3
73594,2026-07-13,2026-07-15,3,72,12,4,53,48.24,1
73595,2026-07-26,2026-07-31,1,318,15,26,13,136.17,6
73596,2026-07-15,2026-07-16,1,212,9,25,195,266.09,5
73597,2026-07-30,2026-08-04,1,189,8,18,75,482.97,7
73598,2026-07-06,2026-07-11,2,37,20,37,173,333.53,1
73599,2026-07-03,2026-07-09,1,317,5,45,140,75.46,10
73600,2026-07-15,2026-07-18,3,154,8,22,26,437.5,2
73601,2026-07-07,2026-07-09,3,477,19,43,136,491.7,5
73602,2026-07-19,2026-07-21,1,371,11,26,112,144.2,9
73603,2026-07-24,2026-07-29,3,109,6,40,149,456.31,10
73604,2026-07-27,2026-08-02,1,76,11,38,158,446.06,7
73605,2026-07-29,2026-08-01,2,136,15,18,8,366.99,4
73606,2026-07-19,2026-07-24,3,220,3,1,131,316.7,2
73607,2026-07-06,2026-07-08,3,334,8,46,139,108.23,3
73608,2026-07-10,2026-07-14,3,202,15,43,92,432.89,8
73609,2026-07-31,2026-08-01,2,97,11,16,52,431.6,4
73610,2026-07-29,2026-08-04,1,243,4,26,100,40.64,2
73611,2026-07-22,2026-07-26,2,467,5,40,8,456.56,5
73612,2026-07-08,2026-07-11,3,413,1,19,116,484.79,2
73613,2026-07-04,2026-07-05,3,347,14,19,42,477.76,6
73614,2026-07-04,2026-07-06,1,346,19,6,64,376.81,7
73615,2026-07-19,2026-07-26,3,134,4,2,171,77.13,9
73616,2026-07-30,2026-08-01,1,164,2,22,120,447.58,1
73617,2026-07-11,2026-07-14,1,386,3,45,107,203.68,2
73618,2026-07-29,2026-08-01,1,161,12,26,38,331.32,10
73619,2026-07-24,2026-07-30,1,483,6,17,182,29.26,1
73620,2026-07-13,2026-07-19,1,368,19,34,80,121.65,3
73621,2026-07-07,2026-07-08,3,205,14,33,118,111.63,1
73622,2026-07-16,2026-07-22,1,268,14,45,42,63.41,8
73623,2026-07-04,2026-07-06,1,85,13,47,136,260.16,6
73624,2026-07-21,2026-07-23,1,287,6,6,137,206.43,4
73625,2026-07-24,2026-07-31,3,378,17,36,138,496.48,10
73626,2026-07-27,2026-07-29,2,202,8,15,127,424.55,2
73627,2026-07-11,2026-07-14,1,190,1,47,193,44.64,1
73628,2026-07-25,2026-07-26,3,406,9,35,194,331.39,9
73629,2026-07-06,2026-07-08,3,414,5,29,194,39.54,8
73630,2026-07-26,2026-08-02,2,32,20,48,173,138.51,8
73631,2026-07-09,2026-07-14,2,451,17,25,182,98.03,5
73632,2026-07-11,2026-07-13,2,331,7,25,155,384.05,6
73633,2026-07-14,2026-07-18,3,87,4,50,82,235.35,7
73634,2026-07-24,2026-07-29,1,117,11,2,135,302.91,7
73635,2026-07-31,2026-08-03,1,207,12,25,89,459.91,3
73636,2026-07-09,2026-07-12,2,74,2,9,99,297.78,5
73637,2026-07-13,2026-07-15,3,225,4,28,128,131.75,5
73638,2026-07-29,2026-08-02,3,444,6,28,52,429.49,3
73639,2026-07-15,2026-07-20,1,400,19,5,178,349.38,9
73640,2026-08-02,2026-08-07,3,441,1,4,87,471.13,5
73641,2026-07-28,2026-07-30,3,97,12,16,21,22.46,3
73642,2026-07-18,2026-07-20,3,2,1,34,133,401.29,1
73643,2026-07-23,2026-07-28,3,389,6,26,47,8.27,8
73644,2026-07-23,2026-07-29,1,380,8,32,77,104.26,2
73645,2026-07-07,2026-07-12,2,280,8,19,34,321.06,7
73646,2026-07-29,2026-07-30,1,273,15,24,100,447.66,1
73647,2026-07-29,2026-08-02,2,167,11,43,75,40.06,4
73648,2026-07-14,2026-07-16,1,6,12,24,128,10.23,5
73649,2026-07-07,2026-07-13,1,379,12,40,147,361.62,6
73650,2026-07-05,2026-07-06,2,344,19,4,173,197.55,5
73651,2026-07-13,2026-07-18,2,85,16,40,54,168.36,2
73652,2026-07-11,2026-07-14,3,477,18,28,45,348.68,9
73653,2026-07-31,2026-08-07,2,376,5,24,89,246.33,1
73654,2026-07-05,2026-07-12,2,193,17,13,59,488.57,10
73655,2026-07-26,2026-07-28,3,312,16,32,174,150.62,9
73656,2026-07-10,2026-07-17,1,325,18,35,140,73.8,5
73657,2026-07-16,2026-07-22,2,327,11,33,20,439.75,10
73658,2026-07-27,2026-08-02,2,205,18,33,179,197.0,9
73659,2026-07-30,2026-08-05,1,57,17,24,56,424.84,10
73660,2026-07-08,2026-07-13,1,75,16,39,45,278.94,9
73661,2026-07-07,2026-07-13,3,77,11,40,14,114.96,10
73662,2026-07-23,2026-07-26,3,363,20,35,152,402.21,5
73663,2026-07-23,2026-07-26,1,117,15,34,24,216.13,4
73664,2026-07-24,2026-07-30,2,205,6,32,113,336.23,5
73665,2026-07-08,2026-07-12,3,359,12,43,84,119.57,4
73666,2026-08-02,2026-08-08,3,70,5,27,59,260.7,9
73667,2026-07-27,2026-08-01,1,482,17,5,185,499.46,10
73668,2026-07-12,2026-07-15,2,403,7,20,132,112.51,6
73669,2026-07-10,2026-07-13,1,362,6,1,166,450.54,1
73670,2026-07-25,2026-07-30,1,281,8,4,143,30.84,10
73671,2026-07-21,2026-07-27,3,445,6,35,3,247.85,3
73672,2026-07-28,2026-07-30,3,228,10,6,87,237.25,9
73673,2026-07-20,2026-07-26,3,9,9,42,174,226.91,10
73674,2026-07-17,2026-07-21,3,343,3,19,126,444.91,6
73675,2026-07-19,2026-07-26,2,205,14,32,65,442.26,9
73676,2026-07-22,2026-07-28,3,142,7,36,91,446.32,6
73677,2026-07-03,2026-07-09,2,246,4,33,50,499.04,8
73678,2026-07-30,2026-08-03,1,251,7,17,74,333.24,10
73679,2026-07-15,2026-07-22,1,463,6,27,187,456.74,4
73680,2026-08-01,2026-08-08,3,497,7,17,74,370.12,7
73681,2026-07-06,2026-07-07,2,195,18,35,41,253.9,2
73682,2026-07-12,2026-07-19,3,227,2,10,176,123.26,10
73683,2026-07-25,2026-07-31,1,305,19,34,148,348.92,9
73684,2026-07-16,2026-07-18,2,280,13,28,198,208.31,9
73685,2026-07-24,2026-07-27,1,377,2,29,71,460.54,7
73686,2026-07-04,2026-07-09,2,338,11,33,94,125.46,10
73687,2026-07-03,2026-07-08,3,214,18,47,181,153.95,6
73688,2026-07-08,2026-07-09,2,113,13,3,48,99.98,7
73689,2026-07-10,2026-07-15,1,429,2,15,78,181.69,1
73690,2026-07-21,2026-07-24,3,422,15,28,190,427.24,1
73691,2026-07-17,2026-07-23,1,94,18,8,188,28.12,5
73692,2026-07-23,2026-07-24,2,217,18,24,64,251.2,3
73693,2026-07-22,2026-07-28,3,73,18,9,156,168.85,9
73694,2026-07-06,2026-07-07,2,69,9,33,196,331.57,10
73695,2026-08-02,2026-08-03,2,201,16,12,191,256.01,7
73696,2026-07-11,2026-07-18,3,51,8,39,143,52.26,1
73697,2026-07-15,2026-07-22,2,295,18,41,144,337.93,2
73698,2026-08-01,2026-08-04,3,247,15,24,66,301.37,10
73699,2026-08-02,2026-08-06,2,212,11,33,168,169.9,1
73700,2026-07-07,2026-07-09,2,273,3,45,182,29.57,8
73701,2026-08-01,2026-08-03,1,390,18,17,33,115.48,5
73702,2026-07-20,2026-07-24,3,252,2,30,154,174.77,4
73703,2026-07-19,2026-07-20,1,320,2,38,170,471.19,3
73704,2026-07-30,2026-08-02,1,278,2,38,142,121.12,1
73705,2026-07-28,2026-08-04,2,345,15,20,30,416.74,9
73706,2026-07-27,2026-07-28,1,278,16,35,99,236.37,6
73707,2026-07-10,2026-07-17,3,389,12,40,154,464.5,5
73708,2026-07-25,2026-07-30,1,174,5,4,132,451.56,4
73709,2026-08-02,2026-08-07,1,296,14,5,157,381.03,10
73710,2026-07-12,2026-07-16,3,357,8,3,170,394.62,10
73711,2026-07-06,2026-07-08,2,433,16,6,132,219.45,4
73712,2026-07-20,2026-07-25,2,164,10,45,23,207.38,2
73713,2026-08-01,2026-08-04,1,366,15,48,56,158.73,6
73714,2026-07-06,2026-07-12,3,219,7,4,4,481.59,1
73715,2026-07-21,2026-07-28,3,77,16,26,75,6.36,7
73716,2026-07-22,2026-07-25,3,403,14,14,157,11.12,9
73717,2026-07-22,2026-07-26,1,24,18,25,130,459.33,3
73718,2026-07-09,2026-07-16,3,16,8,37,29,262.68,8
73719,2026-07-04,2026-07-08,1,380,17,2,89,152.09,10
73720,2026-08-01,2026-08-08,1,260,18,27,14,469.94,3
73721,2026-07-20,2026-07-25,1,166,20,22,154,157.85,8
73722,2026-07-07,2026-07-10,3,372,14,22,83,88.66,9
73723,2026-07-14,2026-07-21,2,462,17,1,46,299.73,5
73724,2026-07-11,2026-07-15,1,107,7,38,157,480.33,4
73725,2026-07-08,2026-07-12,3,73,7,15,91,22.71,7
73726,2026-07-16,2026-07-23,2,145,5,2,186,331.54,4
73727,2026-07-18,2026-07-19,1,17,19,32,92,193.2,5
73728,2026-07-25,2026-07-28,2,75,19,4,80,459.03,4
73729,2026-07-12,2026-07-19,3,290,4,33,33,57.26,7
73730,2026-07-07,2026-07-13,3,12,3,19,79,333.19,1
73731,2026-07-21,2026-07-23,3,438,4,48,72,350.39,2
73732,2026-07-27,2026-07-29,3,413,8,5,45,268.02,8
73733,2026-07-06,2026-07-11,2,437,1,42,40,334.7,7
73734,2026-07-12,2026-07-13,1,151,7,34,110,377.55,5
73735,2026-07-20,2026-07-22,1,237,14,29,60,367.88,6
73736,2026-07-24,2026-07-29,3,180,19,2,105,34.98,1
73737,2026-07-10,2026-07-17,2,96,6,49,18,334.76,3
73738,2026-07-13,2026-07-19,1,182,14,5,157,479.8,2
73739,2026-07-23,2026-07-25,2,152,16,23,85,71.03,7
73740,2026-07-03,2026-07-05,2,147,8,11,144,60.96,3
73741,2026-07-10,2026-07-13,3,218,1,3,131,80.55,1
73742,2026-07-13,2026-07-18,3,187,8,17,76,159.03,10
73743,2026-07-19,2026-07-21,3,338,4,48,23,219.02,1
73744,2026-07-12,2026-07-15,2,57,20,40,54,348.4,2
73745,2026-07-31,2026-08-07,3,20,16,37,178,315.58,5
73746,2026-07-14,2026-07-19,3,318,19,26,194,165.76,2
73747,2026-07-04,2026-07-10,3,418,14,29,92,206.41,6
73748,2026-07-27,2026-07-29,3,169,1,21,30,37.98,4
73749,2026-07-16,2026-07-17,2,475,6,39,120,174.24,8
73750,2026-07-25,2026-07-27,1,490,12,48,43,74.05,4
73751,2026-07-05,2026-07-08,1,356,8,32,42,40.79,2
73752,2026-07-10,2026-07-12,1,325,17,35,87,55.57,6
73753,2026-07-17,2026-07-21,3,82,7,8,135,80.43,8
73754,2026-07-29,2026-08-04,1,381,18,37,99,89.13,8
73755,2026-07-29,2026-08-04,1,290,14,24,63,327.35,4
73756,2026-07-23,2026-07-25,3,146,17,9,65,408.01,4
73757,2026-07-12,2026-07-13,1,152,2,21,51,212.98,2
73758,2026-07-24,2026-07-28,2,135,20,30,7,291.66,8
73759,2026-07-13,2026-07-18,3,452,3,50,33,179.3,4
73760,2026-07-25,2026-08-01,1,37,15,47,77,472.19,1
73761,2026-07-30,2026-07-31,3,282,17,42,32,22.84,10
73762,2026-07-10,2026-07-12,1,280,16,35,56,400.75,2
73763,2026-07-27,2026-07-30,3,252,8,3,164,265.43,8
73764,2026-07-13,2026-07-19,1,454,6,36,69,299.16,3
73765,2026-07-25,2026-07-27,1,114,9,40,40,430.35,10
73766,2026-07-15,2026-07-17,2,308,7,7,182,87.97,4
73767,2026-07-23,2026-07-25,1,31,12,23,104,391.46,5
73768,2026-07-16,2026-07-23,2,373,11,34,79,15.93,6
73769,2026-08-02,2026-08-07,3,204,3,16,169,23.63,7
73770,2026-07-11,2026-07-15,3,291,14,20,193,383.15,6
73771,2026-07-25,2026-07-29,2,242,18,45,70,326.63,3
73772,2026-07-25,2026-07-28,3,412,3,21,19,215.5,5
73773,2026-07-27,2026-08-01,2,437,2,15,56,253.83,6
73774,2026-07-11,2026-07-12,2,55,11,10,117,27.11,8
73775,2026-07-18,2026-07-19,3,210,9,23,173,379.51,6
73776,2026-07-30,2026-08-05,1,399,3,49,110,394.46,10
73777,2026-07-24,2026-07-30,1,442,15,19,63,380.17,10
73778,2026-07-19,2026-07-23,2,176,19,36,130,360.17,8
73779,2026-07-06,2026-07-07,3,387,2,46,24,6.33,1
73780,2026-07-04,2026-07-05,2,68,18,17,70,166.86,6
73781,2026-07-28,2026-08-04,1,393,9,37,104,55.22,4
73782,2026-07-13,2026-07-14,2,472,2,21,29,348.6,2
73783,2026-08-02,2026-08-03,3,93,3,40,158,26.24,6
73784,2026-07-18,2026-07-22,2,483,20,38,172,135.98,9
73785,2026-07-24,2026-07-31,1,126,4,48,79,324.09,5
73786,2026-07-08,2026-07-12,1,480,9,42,121,223.35,1
73787,2026-07-23,2026-07-30,3,369,16,38,57,66.06,7
73788,2026-07-16,2026-07-23,3,183,11,23,195,259.95,3
73789,2026-07-20,2026-07-23,3,187,15,12,139,269.79,7
73790,2026-07-04,2026-07-05,1,386,8,18,101,489.91,6
73791,2026-07-28,2026-08-02,2,106,15,49,29,17.18,3
73792,2026-07-23,2026-07-24,2,341,3,5,85,94.82,5
73793,2026-07-17,2026-07-21,1,474,18,48,200,408.73,9
73794,2026-07-12,2026-07-19,3,7,12,31,161,287.77,5
73795,2026-07-09,2026-07-14,3,135,14,2,118,316.87,6
73796,2026-07-09,2026-07-13,3,446,17,3,161,92.31,1
73797,2026-07-28,2026-08-01,2,388,13,10,157,26.78,7
73798,2026-07-22,2026-07-24,2,423,3,2,55,371.33,10
73799,2026-07-26,2026-07-28,3,294,20,40,162,326.15,6
73800,2026-07-09,2026-07-14,2,316,5,48,135,28.89,9
73801,2026-07-20,2026-07-23,3,20,9,34,189,335.47,9
73802,2026-07-22,2026-07-25,1,416,15,13,121,215.86,8
73803,2026-07-20,2026-07-25,1,132,7,1,141,9.56,8
73804,2026-07-08,2026-07-12,1,47,5,10,75,160.7,1
73805,2026-07-19,2026-07-24,2,490,10,6,88,369.45,9
73806,2026-07-06,2026-07-07,3,241,6,24,59,359.3,4
73807,2026-07-13,2026-07-17,1,432,20,16,109,374.57,5
73808,2026-07-10,2026-07-13,1,432,17,16,178,401.06,2
73809,2026-07-11,2026-07-13,1,313,16,13,38,483.65,7
73810,2026-07-27,2026-07-29,2,282,1,41,159,411.62,7
73811,2026-07-21,2026-07-24,2,375,17,36,84,110.5,6
73812,2026-07-27,2026-07-31,2,202,11,49,76,346.52,6
73813,2026-07-31,2026-08-06,2,142,16,14,155,19.32,8
73814,2026-08-02,2026-08-07,2,98,9,22,146,269.73,3
73815,2026-07-11,2026-07-14,1,166,13,25,74,224.51,4
73816,2026-07-25,2026-07-28,3,98,3,34,66,205.05,5
73817,2026-07-16,2026-07-22,2,215,12,1,36,135.81,5
73818,2026-07-30,2026-08-04,3,218,17,27,156,159.85,10
73819,2026-07-28,2026-08-02,3,356,17,21,92,423.59,9
73820,2026-07-18,2026-07-22,2,424,4,33,176,201.7,8
73821,2026-07-12,2026-07-19,1,445,15,4,110,264.14,6
73822,2026-07-13,2026-07-14,1,32,11,45,118,141.3,2
73823,2026-07-13,2026-07-14,1,189,14,49,103,358.71,1
73824,2026-07-03,2026-07-04,2,301,10,34,32,258.93,10
73825,2026-07-31,2026-08-01,1,61,1,26,81,466.27,6
73826,2026-07-12,2026-07-17,3,121,17,13,186,252.83,6
73827,2026-07-26,2026-07-28,1,56,4,12,145,20.0,5
73828,2026-08-02,2026-08-04,3,414,8,24,114,412.37,10
73829,2026-07-27,2026-08-03,3,496,11,43,66,129.77,6
73830,2026-07-13,2026-07-16,2,454,18,8,57,470.04,2
73831,2026-07-20,2026-07-23,3,162,16,11,116,454.16,10
73832,2026-07-26,2026-07-28,2,80,5,46,126,94.49,3
73833,2026-07-31,2026-08-05,2,161,3,15,92,389.54,9
73834,2026-07-09,2026-07-11,2,30,5,21,189,148.98,7
73835,2026-07-28,2026-08-04,1,495,17,14,92,308.26,3
73836,2026-07-14,2026-07-18,2,463,15,43,119,322.67,10
73837,2026-07-28,2026-08-01,3,111,4,27,193,6.28,7
73838,2026-07-17,2026-07-24,2,402,19,28,6,398.19,10
73839,2026-07-23,2026-07-26,2,12,17,8,43,454.46,4
73840,2026-07-27,2026-07-29,2,268,20,15,15,351.6,9
73841,2026-07-25,2026-07-27,1,460,7,26,145,482.73,10
73842,2026-07-04,2026-07-06,2,358,14,5,4,260.4,6
73843,2026-07-26,2026-07-29,2,438,2,5,23,402.51,4
73844,2026-07-19,2026-07-26,3,236,9,36,50,336.99,5
73845,2026-07-15,2026-07-17,2,380,3,42,183,453.11,5
73846,2026-07-31,2026-08-06,1,252,9,9,84,385.05,4
73847,2026-07-19,2026-07-21,2,311,16,45,176,498.55,3
73848,2026-07-26,2026-07-31,2,145,1,43,32,297.81,7
73849,2026-07-22,2026-07-28,2,403,20,37,138,428.79,2
73850,2026-07-31,2026-08-07,2,175,9,25,82,459.15,8
73851,2026-07-06,2026-07-11,2,207,2,14,100,388.51,2
73852,2026-07-09,2026-07-12,1,115,6,13,87,325.95,6
73853,2026-07-23,2026-07-28,1,201,5,1,69,163.33,2
73854,2026-08-01,2026-08-06,3,211,7,36,189,185.89,3
73855,2026-07-22,2026-07-28,3,73,19,38,174,15.72,3
73856,2026-08-01,2026-08-04,2,51,11,29,30,189.28,5
73857,2026-07-16,2026-07-22,1,276,8,7,44,450.22,7
73858,2026-07-15,2026-07-20,3,161,7,37,170,277.88,8
73859,2026-07-26,2026-07-27,3,407,1,29,6,38.6,9
73860,2026-07-08,2026-07-13,3,372,2,13,28,421.05,3
73861,2026-07-24,2026-07-29,2,87,20,5,146,391.49,3
73862,2026-07-18,2026-07-19,1,233,18,38,189,247.08,5
73863,2026-07-24,2026-07-29,2,409,1,47,118,218.42,7
73864,2026-07-09,2026-07-12,3,384,5,37,73,24.12,9
73865,2026-07-09,2026-07-16,2,323,14,28,25,218.05,9
73866,2026-07-10,2026-07-13,2,306,9,19,39,231.96,1
73867,2026-07-30,2026-08-05,1,394,14,44,96,78.5,6
73868,2026-07-26,2026-07-31,3,333,20,7,6,228.59,10
73869,2026-07-18,2026-07-25,1,412,9,20,97,161.39,8
73870,2026-07-15,2026-07-21,3,196,15,17,163,286.05,3
73871,2026-07-03,2026-07-04,1,91,13,6,80,381.04,3
73872,2026-07-12,2026-07-17,3,187,5,45,56,41.88,4
73873,2026-07-04,2026-07-08,3,10,3,44,155,428.47,3
73874,2026-07-07,2026-07-14,1,409,20,47,46,270.29,2
73875,2026-07-27,2026-08-02,2,310,5,29,106,481.45,3
73876,2026-07-21,2026-07-22,1,372,13,8,136,374.69,4
73877,2026-07-11,2026-07-14,1,75,7,27,113,232.55,3
73878,2026-07-16,2026-07-19,3,102,5,32,71,359.29,2
73879,2026-07-08,2026-07-12,1,320,16,7,134,367.92,7
73880,2026-07-24,2026-07-28,1,415,14,30,113,345.53,5
73881,2026-07-17,2026-07-21,3,6,11,12,77,262.79,6
73882,2026-07-30,2026-08-02,3,305,15,6,171,129.54,3
73883,2026-07-06,2026-07-11,2,495,15,15,132,496.29,3
73884,2026-07-23,2026-07-25,3,160,16,42,90,497.68,9
73885,2026-07-15,2026-07-19,3,366,14,21,78,369.29,1
73886,2026-07-13,2026-07-17,2,348,4,9,92,264.38,10
73887,2026-07-06,2026-07-09,2,286,11,10,78,174.71,4
73888,2026-08-01,2026-08-08,3,415,10,3,169,433.77,9
73889,2026-07-30,2026-08-02,2,30,5,23,188,372.41,4
73890,2026-07-21,2026-07-22,3,234,7,40,196,316.88,1
73891,2026-07-11,2026-07-14,3,185,16,3,132,156.42,9
73892,2026-07-16,2026-07-20,3,299,20,15,60,350.8,8
73893,2026-07-05,2026-07-06,1,209,3,8,78,486.29,2
73894,2026-07-24,2026-07-28,2,319,6,35,175,461.93,7
73895,2026-07-29,2026-07-31,3,78,10,18,149,313.94,8
73896,2026-07-14,2026-07-16,3,169,14,46,165,53.61,1
73897,2026-07-18,2026-07-22,2,255,12,26,112,89.92,8
73898,2026-07-21,2026-07-22,2,240,1,49,71,300.59,7
73899,2026-07-24,2026-07-31,1,296,9,1,127,338.41,5
73900,2026-07-12,2026-07-16,3,462,20,13,78,306.97,9
73901,2026-08-01,2026-08-04,2,243,13,7,60,376.54,7
73902,2026-07-23,2026-07-24,1,298,4,49,51,386.48,7
73903,2026-07-04,2026-07-06,2,255,10,28,20,125.97,1
73904,2026-07-29,2026-08-05,3,303,17,26,116,334.66,8
73905,2026-08-02,2026-08-05,3,265,2,40,147,163.4,6
73906,2026-07-08,2026-07-11,1,110,5,49,120,215.65,4
73907,2026-07-22,2026-07-23,1,40,5,50,19,220.32,7
73908,2026-07-07,2026-07-14,2,88,4,39,121,169.05,5
73909,2026-07-09,2026-07-10,3,272,10,33,123,86.61,3
73910,2026-07-12,2026-07-19,2,312,14,13,148,44.48,1
73911,2026-07-30,2026-08-05,1,375,20,11,181,58.41,3
73912,2026-07-27,2026-08-01,1,317,1,15,118,366.56,1
73913,2026-07-08,2026-07-12,3,36,8,36,83,295.34,4
73914,2026-08-02,2026-08-05,3,492,8,13,127,249.74,3
73915,2026-07-29,2026-08-03,2,159,15,21,107,355.11,10
73916,2026-07-08,2026-07-14,1,445,18,50,57,275.63,9
73917,2026-07-16,2026-07-22,2,120,19,18,115,439.92,2
73918,2026-07-19,2026-07-26,3,174,14,16,50,89.85,4
73919,2026-08-02,2026-08-04,1,402,8,26,33,21.14,1
73920,2026-07-10,2026-07-12,3,197,6,47,83,354.8,7
73921,2026-07-10,2026-07-15,2,286,18,10,147,476.16,4
73922,2026-07-17,2026-07-20,3,24,17,42,193,477.03,7
73923,2026-07-15,2026-07-22,3,129,5,18,158,184.23,2
73924,2026-07-29,2026-08-01,3,255,11,34,2,421.98,4
73925,2026-07-26,2026-08-01,1,219,12,45,131,233.22,10
73926,2026-07-07,2026-07-08,1,325,12,27,38,57.92,1
73927,2026-07-07,2026-07-09,2,191,2,2,138,235.91,1
73928,2026-07-14,2026-07-21,2,73,2,50,99,347.29,8
73929,2026-07-31,2026-08-05,3,103,1,23,26,256.12,10
73930,2026-07-26,2026-07-30,3,106,9,46,121,12.92,7
73931,2026-07-08,2026-07-13,2,236,7,14,128,233.4,10
73932,2026-07-04,2026-07-06,3,23,8,12,15,291.18,9
73933,2026-07-14,2026-07-16,2,408,11,16,185,445.5,2
73934,2026-07-09,2026-07-16,2,234,7,6,129,218.43,7
73935,2026-07-04,2026-07-10,1,317,1,39,95,290.12,4
73936,2026-08-01,2026-08-04,1,41,19,45,140,109.32,8
73937,2026-07-03,2026-07-06,1,389,9,2,36,184.28,8
73938,2026-07-25,2026-08-01,3,204,8,39,17,71.9,4
73939,2026-07-08,2026-07-12,3,177,16,47,151,298.34,9
73940,2026-07-10,2026-07-15,3,171,7,50,108,188.4,2
73941,2026-07-09,2026-07-16,3,89,9,28,176,239.47,10
73942,2026-07-22,2026-07-25,2,363,8,45,95,360.51,5
73943,2026-07-12,2026-07-17,3,126,10,16,97,215.93,4
73944,2026-07-29,2026-07-30,1,312,15,26,66,374.5,1
73945,2026-07-09,2026-07-11,1,209,6,27,5,340.13,4
73946,2026-07-25,2026-07-29,2,75,15,17,73,73.9,2
73947,2026-07-18,2026-07-20,1,433,19,30,188,354.23,10
73948,2026-07-07,2026-07-09,2,467,5,13,130,416.02,1
73949,2026-07-13,2026-07-14,3,173,15,32,137,410.05,2
73950,2026-07-25,2026-07-31,1,121,9,28,118,13.72,7
73951,2026-07-24,2026-07-26,2,228,8,16,34,107.63,5
73952,2026-07-15,2026-07-18,2,363,10,24,8,243.04,2
73953,2026-07-15,2026-07-22,2,193,16,8,36,402.65,5
73954,2026-07-06,2026-07-07,3,169,17,15,73,290.48,5
73955,2026-07-28,2026-08-02,2,166,19,9,122,427.19,2
73956,2026-07-07,2026-07-10,3,210,14,8,72,127.31,2
73957,2026-07-12,2026-07-18,2,275,9,34,10,434.52,2
73958,2026-07-29,2026-08-04,3,436,17,13,167,231.12,3
73959,2026-07-31,2026-08-06,3,324,4,6,71,191.14,5
73960,2026-07-19,2026-07-22,3,97,9,33,172,76.97,9
73961,2026-07-04,2026-07-11,1,403,13,15,132,320.97,1
73962,2026-07-06,2026-07-12,2,464,16,39,172,460.06,9
73963,2026-07-10,2026-07-15,1,178,6,12,78,81.03,10
73964,2026-07-10,2026-07-16,3,478,7,32,2,30.84,2
73965,2026-07-16,2026-07-23,3,86,7,7,134,93.08,9
73966,2026-07-24,2026-07-31,1,479,14,14,123,26.43,2
73967,2026-07-14,2026-07-15,1,371,11,33,71,241.02,2
73968,2026-07-15,2026-07-21,1,275,1,20,167,255.56,8
73969,2026-07-27,2026-07-29,2,6,7,21,162,89.43,1
73970,2026-07-22,2026-07-26,2,196,11,2,71,464.71,5
73971,2026-07-26,2026-07-30,3,492,7,46,98,52.28,3
73972,2026-07-25,2026-07-26,3,97,12,23,98,462.17,2
73973,2026-07-19,2026-07-20,2,257,12,7,92,436.65,2
73974,2026-07-14,2026-07-16,3,54,14,19,60,144.8,9
73975,2026-07-12,2026-07-19,1,410,14,24,99,48.28,8
73976,2026-07-17,2026-07-19,2,245,13,41,80,196.7,8
73977,2026-07-09,2026-07-11,2,1,16,14,189,450.67,4
73978,2026-07-28,2026-08-03,2,203,18,23,99,394.49,2
73979,2026-08-02,2026-08-05,1,374,10,36,88,221.83,7
73980,2026-07-04,2026-07-09,3,315,12,43,61,105.39,7
73981,2026-07-10,2026-07-11,1,363,3,1,115,483.87,6
73982,2026-07-25,2026-07-27,2,480,18,46,65,28.41,10
73983,2026-07-13,2026-07-18,1,308,20,12,100,107.53,7
73984,2026-07-21,2026-07-28,2,269,13,49,83,279.68,5
73985,2026-07-14,2026-07-18,2,358,7,45,24,448.41,6
73986,2026-08-01,2026-08-05,1,133,16,26,181,261.19,1
73987,2026-08-02,2026-08-03,2,423,16,34,66,223.05,8
73988,2026-07-03,2026-07-07,2,211,18,23,24,336.67,3
73989,2026-07-15,2026-07-21,3,102,20,2,50,456.92,8
73990,2026-07-25,2026-07-27,2,11,1,34,125,137.39,5
73991,2026-07-23,2026-07-30,1,362,1,35,132,288.48,10
73992,2026-07-31,2026-08-01,1,393,20,1,23,384.17,2
73993,2026-07-17,2026-07-21,2,288,10,14,116,377.54,10
73994,2026-07-05,2026-07-10,1,413,16,43,171,309.61,2
73995,2026-08-02,2026-08-08,2,14,19,15,97,121.7,8
73996,2026-07-12,2026-07-16,2,17,9,20,25,136.5,4
73997,2026-07-11,2026-07-17,2,199,16,35,125,173.43,6
73998,2026-07-14,2026-07-21,1,231,7,7,105,206.49,6
73999,2026-07-22,2026-07-27,3,2,3,40,87,39.79,3
74000,2026-07-20,2026-07-23,2,204,17,36,171,245.0,9
74001,2026-07-06,2026-07-09,2,37,7,23,109,205.04,8
74002,2026-07-09,2026-07-15,2,320,4,47,145,66.15,7
74003,2026-07-10,2026-07-14,3,218,12,46,48,10.96,1
74004,2026-07-04,2026-07-07,2,30,8,19,120,109.1,9
74005,2026-07-28,2026-08-02,3,258,11,13,191,258.52,5
74006,2026-07-28,2026-07-30,1,248,20,36,177,141.95,2
74007,2026-07-09,2026-07-15,3,239,7,33,12,22.91,5
74008,2026-07-22,2026-07-26,2,460,3,18,65,5.1,2
74009,2026-08-01,2026-08-04,2,96,6,42,182,435.21,8
74010,2026-07-14,2026-07-17,2,420,5,27,125,285.37,4
74011,2026-07-26,2026-08-02,2,333,17,23,118,401.43,3
74012,2026-07-29,2026-08-03,2,421,9,40,161,368.95,6
74013,2026-07-30,2026-08-05,3,20,7,14,190,469.09,5
74014,2026-07-30,2026-08-05,2,428,19,10,47,442.44,2
74015,2026-07-06,2026-07-13,3,340,8,48,192,298.69,4
74016,2026-07-16,2026-07-18,3,427,7,6,56,160.42,6
74017,2026-07-16,2026-07-21,1,364,16,4,24,392.88,6
74018,2026-07-08,2026-07-09,1,251,2,1,128,223.07,2
74019,2026-07-03,2026-07-05,1,430,16,33,120,65.2,2
74020,2026-07-31,2026-08-05,1,428,9,9,73,457.54,9
74021,2026-08-01,2026-08-04,1,44,17,47,101,331.7,5
74022,2026-07-20,2026-07-21,3,254,18,32,136,181.09,7
74023,2026-07-22,2026-07-26,1,167,7,17,153,33.89,1
74024,2026-07-20,2026-07-21,2,72,5,16,178,289.46,6
74025,2026-07-29,2026-07-31,1,200,7,5,35,166.81,3
74026,2026-07-20,2026-07-22,2,166,2,30,116,235.57,8
74027,2026-07-16,2026-07-22,1,241,11,26,153,346.97,7
74028,2026-07-22,2026-07-28,2,429,10,19,152,246.34,7
74029,2026-07-28,2026-07-31,3,327,17,49,47,259.12,10
74030,2026-07-14,2026-07-15,1,49,8,32,174,146.03,5
74031,2026-07-10,2026-07-16,1,28,17,45,7,115.69,6
74032,2026-07-20,2026-07-22,3,115,2,5,175,131.37,3
74033,2026-07-06,2026-07-09,3,130,5,37,150,211.07,7
74034,2026-07-28,2026-08-04,2,22,10,4,120,320.44,3
74035,2026-07-23,2026-07-26,3,112,14,6,105,217.61,5
74036,2026-07-13,2026-07-14,3,183,17,50,182,313.38,1
74037,2026-07-10,2026-07-15,3,341,1,15,88,226.59,3
74038,2026-07-27,2026-07-30,1,214,17,46,169,121.37,2
74039,2026-08-02,2026-08-09,3,336,11,4,183,63.81,2
74040,2026-07-19,2026-07-20,1,411,15,12,70,391.21,7
74041,2026-07-26,2026-07-30,1,303,2,32,161,220.11,8
74042,2026-07-04,2026-07-08,2,98,11,36,194,422.21,3
74043,2026-07-18,2026-07-22,1,385,12,49,30,499.11,5
74044,2026-07-31,2026-08-02,3,29,9,17,60,338.26,10
74045,2026-07-29,2026-07-31,2,477,10,50,110,45.98,4
74046,2026-07-12,2026-07-17,1,162,13,19,28,164.55,3
74047,2026-07-22,2026-07-25,3,206,2,43,106,393.36,1
74048,2026-07-03,2026-07-06,2,327,20,32,118,334.3,2
74049,2026-07-29,2026-08-01,3,285,16,47,145,311.4,10
74050,2026-08-01,2026-08-08,2,389,14,3,132,55.61,6
74051,2026-07-15,2026-07-21,1,173,10,32,184,165.24,8
74052,2026-07-07,2026-07-08,1,410,7,11,145,420.57,1
74053,2026-07-23,2026-07-28,2,36,7,49,40,273.05,3
74054,2026-07-21,2026-07-22,1,202,17,5,20,362.73,2
74055,2026-07-29,2026-07-30,3,131,3,39,130,315.34,6
74056,2026-07-08,2026-07-14,2,121,16,12,166,445.99,4
74057,2026-07-26,2026-07-31,3,375,6,35,170,35.21,1
74058,2026-07-28,2026-08-02,3,256,14,13,106,122.9,1
74059,2026-07-20,2026-07-27,3,467,10,8,197,131.08,4
74060,2026-07-10,2026-07-11,2,431,20,39,178,26.01,8
74061,2026-07-12,2026-07-13,2,384,14,35,101,82.27,4
74062,2026-07-22,2026-07-29,2,313,8,40,86,295.56,6
74063,2026-07-19,2026-07-25,1,178,13,18,80,125.42,2
74064,2026-08-01,2026-08-02,3,103,6,2,174,39.37,7
74065,2026-07-28,2026-08-04,3,328,1,38,104,333.0,3
74066,2026-07-21,2026-07-27,1,87,13,38,85,222.77,10
74067,2026-07-26,2026-07-31,3,329,17,21,134,217.22,2
74068,2026-07-19,2026-07-24,1,310,6,37,127,397.43,1
74069,2026-07-18,2026-07-23,1,37,7,34,126,168.91,2
74070,2026-07-24,2026-07-31,2,228,9,8,2,293.54,5
74071,2026-07-24,2026-07-29,3,174,18,16,200,233.41,4
74072,2026-07-03,2026-07-05,1,126,16,15,159,406.55,8
74073,2026-07-08,2026-07-11,2,319,6,6,52,364.43,5
74074,2026-07-30,2026-08-06,3,64,9,47,154,103.95,8
74075,2026-07-13,2026-07-18,2,219,8,38,133,87.8,6
74076,2026-07-05,2026-07-08,3,87,14,47,45,264.8,4
74077,2026-07-29,2026-08-04,3,340,19,40,113,403.39,8
74078,2026-07-14,2026-07-21,3,122,15,11,36,217.95,2
74079,2026-07-05,2026-07-06,3,156,7,10,200,217.84,5
74080,2026-07-21,2026-07-23,1,271,19,32,46,488.65,10
74081,2026-07-22,2026-07-25,3,79,5,34,63,22.14,8
74082,2026-07-26,2026-07-31,2,22,16,11,151,19.71,2
74083,2026-07-29,2026-08-04,1,149,19,8,155,120.41,4
74084,2026-07-26,2026-07-29,1,332,12,14,104,308.44,8
74085,2026-07-08,2026-07-10,2,21,5,47,200,421.95,9
74086,2026-08-01,2026-08-07,2,416,14,35,113,108.59,8
74087,2026-07-23,2026-07-28,1,344,13,48,104,104.45,1
74088,2026-07-22,2026-07-29,3,193,12,6,167,218.86,6
74089,2026-07-25,2026-07-28,1,119,8,10,159,202.19,5
74090,2026-07-18,2026-07-23,2,116,11,41,97,42.83,9
74091,2026-07-10,2026-07-14,2,80,16,38,166,296.32,8
74092,2026-07-10,2026-07-17,3,446,18,26,57,195.04,1
74093,2026-07-29,2026-07-30,3,449,2,46,142,34.77,1
74094,2026-07-27,2026-07-28,3,157,19,26,21,152.86,1
74095,2026-07-04,2026-07-07,3,340,5,40,22,217.37,3
74096,2026-07-08,2026-07-15,1,360,6,11,75,259.98,9
74097,2026-07-17,2026-07-24,3,490,1,9,72,316.61,1
74098,2026-07-13,2026-07-18,3,237,17,12,127,138.07,8
74099,2026-07-07,2026-07-08,3,398,16,8,7,476.32,1
74100,2026-07-28,2026-07-31,1,156,4,41,107,131.48,5
74101,2026-07-30,2026-08-06,1,171,13,17,118,452.8,9
74102,2026-07-20,2026-07-22,3,455,8,50,103,195.03,2
74103,2026-07-29,2026-08-04,3,26,1,31,157,253.51,4
74104,2026-07-18,2026-07-19,2,134,19,19,178,73.69,9
74105,2026-07-14,2026-07-16,1,439,3,12,155,271.85,6
74106,2026-07-16,2026-07-17,2,91,5,36,82,37.83,4
74107,2026-07-24,2026-07-29,1,55,17,12,98,493.55,2
74108,2026-07-27,2026-07-29,2,88,4,29,132,221.7,5
74109,2026-07-28,2026-07-31,2,397,6,18,76,62.71,8
74110,2026-07-18,2026-07-19,1,105,3,21,31,229.83,7
74111,2026-07-14,2026-07-17,3,331,15,43,24,415.95,9
74112,2026-07-07,2026-07-11,1,173,4,32,139,406.95,4
74113,2026-07-17,2026-07-19,3,235,5,29,138,99.84,3
74114,2026-07-10,2026-07-11,3,479,7,36,120,425.65,10
74115,2026-07-28,2026-08-04,3,56,15,36,142,198.51,8
74116,2026-07-27,2026-08-03,3,345,2,22,50,253.96,5
74117,2026-07-10,2026-07-17,1,141,20,2,137,488.57,4
74118,2026-07-06,2026-07-10,1,261,4,39,78,71.33,3
74119,2026-07-03,2026-07-08,2,307,16,8,178,111.56,2
74120,2026-07-08,2026-07-15,3,99,13,47,172,270.9,1
74121,2026-07-30,2026-08-03,3,70,7,25,146,219.95,10
74122,2026-08-01,2026-08-03,1,236,2,28,16,436.55,9
74123,2026-07-10,2026-07-15,3,134,20,4,47,139.62,10
74124,2026-07-08,2026-07-13,3,343,7,1,154,88.16,3
74125,2026-07-21,2026-07-28,1,326,3,46,60,241.62,3
74126,2026-07-14,2026-07-17,2,176,7,33,120,123.82,9
74127,2026-07-12,2026-07-17,2,459,17,50,26,239.6,10
74128,2026-07-23,2026-07-28,2,91,8,43,133,171.3,6
74129,2026-07-14,2026-07-21,3,35,12,32,62,281.74,8
74130,2026-07-06,2026-07-13,1,78,19,49,155,477.62,8
74131,2026-07-28,2026-08-03,1,216,7,35,28,274.86,9
74132,2026-07-04,2026-07-11,2,315,12,4,101,414.89,9
74133,2026-07-16,2026-07-22,2,228,14,47,63,237.28,7
74134,2026-07-07,2026-07-11,1,56,19,50,183,424.85,7
74135,2026-07-22,2026-07-29,1,210,2,3,9,386.16,2
74136,2026-07-23,2026-07-25,1,288,2,48,78,93.34,10
74137,2026-07-07,2026-07-10,3,171,18,14,139,302.04,9
74138,2026-07-10,2026-07-17,1,361,12,14,72,459.47,10
74139,2026-07-24,2026-07-29,1,206,8,49,51,289.18,9
74140,2026-07-16,2026-07-17,1,372,4,16,103,299.51,3
74141,2026-07-22,2026-07-25,2,92,14,45,155,454.78,3
74142,2026-07-18,2026-07-20,1,279,7,10,82,364.53,9
74143,2026-07-19,2026-07-26,2,393,8,7,26,376.42,8
74144,2026-08-02,2026-08-06,3,52,11,16,64,238.54,4
74145,2026-07-11,2026-07-13,3,46,17,47,70,432.18,4
74146,2026-07-23,2026-07-28,2,395,20,47,137,28.06,1
74147,2026-07-16,2026-07-21,3,137,3,8,167,101.66,9
74148,2026-07-19,2026-07-20,1,246,19,49,9,379.32,7
74149,2026-07-30,2026-08-01,3,105,15,1,83,373.95,8
74150,2026-07-04,2026-07-08,1,244,5,15,169,334.04,3
74151,2026-08-01,2026-08-07,2,68,6,2,138,479.73,1
74152,2026-07-12,2026-07-16,1,385,18,34,184,82.09,2
74153,2026-07-07,2026-07-13,2,322,17,34,51,445.26,7
74154,2026-07-18,2026-07-25,2,145,4,37,35,180.52,5
74155,2026-07-23,2026-07-30,2,21,15,37,155,412.72,1
74156,2026-07-11,2026-07-17,3,116,16,33,75,449.82,10
74157,2026-07-08,2026-07-15,3,291,8,31,48,65.89,3
74158,2026-07-25,2026-08-01,3,111,8,22,52,499.38,6
74159,2026-07-22,2026-07-23,2,361,6,4,103,440.43,6
74160,2026-07-15,2026-07-21,1,199,9,7,84,452.59,7
74161,2026-07-16,2026-07-19,3,150,15,41,48,296.25,1
74162,2026-08-02,2026-08-07,3,106,19,1,149,246.5,9
74163,2026-07-24,2026-07-27,2,409,17,37,99,64.44,4
74164,2026-07-30,2026-08-03,2,64,18,20,173,11.03,6
74165,2026-07-17,2026-07-19,3,116,6,20,38,450.93,10
74166,2026-07-16,2026-07-19,2,342,7,36,199,87.6,9
74167,2026-07-10,2026-07-17,3,397,7,28,159,155.39,8
74168,2026-07-14,2026-07-18,1,89,16,25,139,270.19,4
74169,2026-07-06,2026-07-09,3,394,8,9,127,458.9,8
74170,2026-07-09,2026-07-11,3,405,16,48,108,277.98,4
74171,2026-07-10,2026-07-17,2,313,4,43,90,72.26,6
74172,2026-07-28,2026-08-02,1,318,6,48,43,103.62,6
74173,2026-07-04,2026-07-11,2,262,16,3,155,87.45,10
74174,2026-07-10,2026-07-15,1,351,4,45,107,138.1,9
74175,2026-07-20,2026-07-22,2,212,17,27,58,353.08,7
74176,2026-07-09,2026-07-16,2,375,10,44,149,409.1,5
74177,2026-07-18,2026-07-20,2,35,17,22,2,470.09,1
74178,2026-07-18,2026-07-21,1,196,17,30,105,103.9,2
74179,2026-07-26,2026-07-31,1,138,12,12,44,356.42,10
74180,2026-07-13,2026-07-19,1,419,5,40,184,353.17,9
74181,2026-07-29,2026-08-01,2,354,7,3,47,117.86,10
74182,2026-07-24,2026-07-30,2,27,6,37,94,208.66,2
74183,2026-07-21,2026-07-28,3,462,12,20,156,324.69,7
74184,2026-07-14,2026-07-19,2,251,11,3,124,146.72,10
74185,2026-07-08,2026-07-10,2,307,17,14,43,286.88,6
74186,2026-07-19,2026-07-23,1,311,18,22,154,112.14,9
74187,2026-07-16,2026-07-23,2,310,16,15,162,99.13,1
74188,2026-07-09,2026-07-14,1,320,17,16,85,298.36,3
74189,2026-07-14,2026-07-18,1,277,20,29,161,190.44,8
74190,2026-07-18,2026-07-22,3,98,6,44,81,250.05,5
74191,2026-07-22,2026-07-28,1,91,14,44,177,77.66,3
74192,2026-07-17,2026-07-21,3,483,5,9,39,245.78,6
74193,2026-07-05,2026-07-07,3,66,3,10,149,376.78,7
74194,2026-07-25,2026-07-28,2,168,2,24,139,105.57,2
74195,2026-07-15,2026-07-19,2,413,9,7,185,430.09,2
74196,2026-07-19,2026-07-20,2,139,5,25,191,331.19,6
74197,2026-07-09,2026-07-13,2,498,4,37,160,34.39,8
74198,2026-07-03,2026-07-10,1,183,3,21,36,217.33,4
74199,2026-07-07,2026-07-12,3,45,13,50,123,243.36,6
74200,2026-07-30,2026-08-06,3,484,12,50,49,353.94,7
74201,2026-08-01,2026-08-05,2,449,7,9,54,133.47,2
74202,2026-07-25,2026-07-27,1,342,12,4,125,244.97,9
74203,2026-07-08,2026-07-15,3,369,8,28,49,327.94,2
74204,2026-07-20,2026-07-26,3,363,12,39,147,487.53,8
74205,2026-07-28,2026-08-04,1,322,17,7,61,388.85,9
74206,2026-07-30,2026-08-01,1,425,4,26,63,142.14,3
74207,2026-07-09,2026-07-15,3,432,10,3,10,359.55,8
74208,2026-07-31,2026-08-06,2,284,1,11,195,110.76,8
74209,2026-07-21,2026-07-22,1,398,12,50,8,151.55,1
74210,2026-07-15,2026-07-22,3,331,4,7,52,45.1,4
74211,2026-07-20,2026-07-22,3,28,3,10,136,145.99,8
74212,2026-07-29,2026-08-05,2,406,4,23,128,45.98,4
74213,2026-07-31,2026-08-05,1,98,16,43,81,60.51,6
74214,2026-07-30,2026-08-04,2,474,18,28,34,400.43,8
74215,2026-08-01,2026-08-06,1,285,16,18,169,154.81,8
74216,2026-07-22,2026-07-24,3,115,8,47,11,88.68,8
74217,2026-07-30,2026-08-03,1,304,16,25,59,392.65,1
74218,2026-07-27,2026-08-02,2,101,10,22,30,372.23,5
74219,2026-07-04,2026-07-06,3,438,8,49,20,171.84,3
74220,2026-07-09,2026-07-11,3,90,13,35,4,183.35,2
74221,2026-07-25,2026-07-29,1,122,18,1,91,476.67,10
74222,2026-07-05,2026-07-12,3,482,5,11,129,402.76,5
74223,2026-07-22,2026-07-24,2,84,1,41,115,25.81,8
74224,2026-07-20,2026-07-27,3,123,5,19,157,272.76,4
74225,2026-08-01,2026-08-03,1,75,11,43,180,184.95,9
74226,2026-07-19,2026-07-22,1,205,5,13,6,414.73,1
74227,2026-07-23,2026-07-30,2,223,4,10,3,383.29,8
74228,2026-07-07,2026-07-09,2,143,20,13,15,22.19,5
74229,2026-07-16,2026-07-17,2,328,8,36,116,25.75,6
74230,2026-07-21,2026-07-26,1,88,12,1,63,466.05,8
74231,2026-07-12,2026-07-14,3,324,1,35,93,377.13,6
74232,2026-07-12,2026-07-16,2,369,15,44,132,268.07,2
74233,2026-07-07,2026-07-09,2,437,5,32,177,419.18,1
74234,2026-07-10,2026-07-16,2,21,3,45,140,266.37,2
74235,2026-07-30,2026-08-03,3,353,1,44,190,365.11,5
74236,2026-07-16,2026-07-18,3,146,9,2,164,379.24,7
74237,2026-07-19,2026-07-25,3,423,5,17,91,8.44,9
74238,2026-07-23,2026-07-29,2,240,14,21,106,408.79,8
74239,2026-07-27,2026-08-02,3,434,13,3,40,479.79,2
74240,2026-07-21,2026-07-28,2,246,12,25,130,146.99,8
74241,2026-07-20,2026-07-27,3,140,6,17,128,259.31,9
74242,2026-07-03,2026-07-05,1,97,16,28,158,320.67,6
74243,2026-07-11,2026-07-18,1,490,1,35,82,190.86,9
74244,2026-07-19,2026-07-22,3,356,20,25,56,211.65,9
74245,2026-07-20,2026-07-27,1,312,8,34,68,82.78,8
74246,2026-07-04,2026-07-10,1,478,15,23,117,195.5,8
74247,2026-07-16,2026-07-20,3,243,4,1,196,224.92,8
74248,2026-08-01,2026-08-04,3,26,10,5,148,333.94,7
74249,2026-07-13,2026-07-18,2,176,17,48,141,320.64,3
74250,2026-07-08,2026-07-09,3,482,3,45,61,299.34,7
74251,2026-07-21,2026-07-28,3,492,15,9,5,107.4,9
74252,2026-07-24,2026-07-26,2,92,12,19,122,231.42,7
74253,2026-07-27,2026-07-30,1,143,12,11,107,130.36,3
74254,2026-07-18,2026-07-25,2,411,19,19,75,49.75,2
74255,2026-07-09,2026-07-10,2,235,11,23,77,341.86,3
74256,2026-07-12,2026-07-19,1,89,11,42,150,352.97,2
74257,2026-08-02,2026-08-06,2,307,1,9,178,458.04,9
74258,2026-08-01,2026-08-03,3,478,19,19,50,362.54,4
74259,2026-07-31,2026-08-06,1,324,17,4,51,345.09,3
74260,2026-07-06,2026-07-11,3,415,5,48,86,95.38,4
74261,2026-08-02,2026-08-07,2,317,13,17,29,357.56,10
74262,2026-08-01,2026-08-03,3,87,20,1,79,410.64,3
74263,2026-07-09,2026-07-11,2,83,12,33,30,245.63,6
74264,2026-07-06,2026-07-10,2,168,18,40,26,116.66,1
74265,2026-08-01,2026-08-04,2,337,14,21,46,372.6,4
74266,2026-07-25,2026-07-30,3,163,2,4,141,223.02,4
74267,2026-07-07,2026-07-12,3,494,9,32,52,20.1,1
74268,2026-07-16,2026-07-23,2,53,12,44,41,164.68,1
74269,2026-07-27,2026-07-30,2,339,18,44,62,300.77,1
74270,2026-07-31,2026-08-01,2,452,18,6,177,229.12,9
74271,2026-07-24,2026-07-28,2,399,15,4,105,336.01,7
74272,2026-07-08,2026-07-15,3,211,17,24,147,472.99,1
74273,2026-07-28,2026-08-01,1,190,3,22,35,411.32,8
74274,2026-08-01,2026-08-06,1,470,18,33,111,380.95,9
74275,2026-07-05,2026-07-07,3,401,10,27,82,77.46,10
74276,2026-07-21,2026-07-28,3,239,18,19,65,261.74,2
74277,2026-07-12,2026-07-18,2,106,18,3,84,292.94,4
74278,2026-07-14,2026-07-21,3,279,9,44,25,390.6,3
74279,2026-07-23,2026-07-26,3,109,10,28,197,107.12,7
74280,2026-07-15,2026-07-16,3,189,20,49,189,194.36,3
74281,2026-07-21,2026-07-23,2,271,11,22,126,382.59,10
74282,2026-07-06,2026-07-11,3,425,10,42,1,432.55,2
74283,2026-07-07,2026-07-12,1,316,14,13,2,103.27,3
74284,2026-07-21,2026-07-27,3,182,4,15,105,417.24,7
74285,2026-07-10,2026-07-13,3,160,17,28,161,165.79,5
74286,2026-07-29,2026-08-04,1,54,16,45,88,56.16,1
74287,2026-07-29,2026-08-02,3,451,20,39,10,108.5,9
74288,2026-07-16,2026-07-18,2,237,16,19,93,159.05,3
74289,2026-07-25,2026-08-01,3,51,6,35,75,214.95,3
74290,2026-07-16,2026-07-21,1,111,11,17,34,352.94,5
74291,2026-07-21,2026-07-22,1,124,17,45,27,321.28,2
74292,2026-07-28,2026-08-03,1,56,10,14,127,460.0,3
74293,2026-07-09,2026-07-11,1,151,7,11,200,389.53,10
74294,2026-07-28,2026-08-01,2,180,10,39,104,231.41,10
74295,2026-07-11,2026-07-17,3,244,11,20,138,374.19,2
74296,2026-07-04,2026-07-06,2,113,1,23,170,449.51,2
74297,2026-07-15,2026-07-21,1,34,14,16,155,48.05,1
74298,2026-07-16,2026-07-17,3,68,8,46,18,165.63,5
74299,2026-07-28,2026-08-02,2,183,1,48,182,236.87,6
74300,2026-07-20,2026-07-24,1,56,6,29,137,202.81,10
74301,2026-07-29,2026-08-02,2,91,17,34,7,464.37,7
74302,2026-07-08,2026-07-15,2,335,14,6,25,191.56,8
74303,2026-07-23,2026-07-29,2,485,20,42,42,229.72,6
74304,2026-07-04,2026-07-06,2,309,15,26,13,326.83,7
74305,2026-07-12,2026-07-16,3,236,16,20,191,459.99,10
74306,2026-07-29,2026-08-05,3,333,2,50,193,222.38,6
74307,2026-07-24,2026-07-29,2,76,12,33,72,266.65,4
74308,2026-07-14,2026-07-17,3,37,19,5,142,295.33,10
74309,2026-07-15,2026-07-20,2,183,17,26,103,143.68,4
74310,2026-07-28,2026-08-02,1,127,8,8,19,387.61,2
74311,2026-07-28,2026-07-29,3,398,4,37,84,324.17,7
74312,2026-07-27,2026-07-29,3,225,10,28,13,201.35,4
74313,2026-07-14,2026-07-20,3,29,12,13,98,9.42,10
74314,2026-07-14,2026-07-16,1,195,19,28,53,484.74,8
74315,2026-07-09,2026-07-15,1,201,1,21,65,32.09,9
74316,2026-07-21,2026-07-26,1,258,4,8,113,176.17,8
74317,2026-07-27,2026-07-30,1,241,13,22,52,309.8,3
74318,2026-07-12,2026-07-16,3,414,13,21,183,140.0,9
74319,2026-07-04,2026-07-07,1,360,16,47,152,285.3,4
74320,2026-07-24,2026-07-30,2,67,9,3,61,396.85,10
74321,2026-07-15,2026-07-19,1,191,17,28,80,328.74,7
74322,2026-07-08,2026-07-10,3,417,15,19,130,298.76,7
74323,2026-07-21,2026-07-26,3,137,5,4,97,252.63,9
74324,2026-08-02,2026-08-03,2,400,2,16,154,291.52,4
74325,2026-07-03,2026-07-06,1,448,4,18,130,192.54,8
74326,2026-07-03,2026-07-06,3,366,11,29,190,48.1,2
74327,2026-07-29,2026-07-31,3,23,7,18,73,431.19,3
74328,2026-07-28,2026-07-30,1,497,8,23,86,392.07,6
74329,2026-07-28,2026-08-01,2,18,4,30,22,117.76,3
74330,2026-07-23,2026-07-27,3,349,9,18,71,467.88,2
74331,2026-07-04,2026-07-09,2,320,8,16,48,89.23,2
74332,2026-07-17,2026-07-20,2,422,19,29,142,441.49,9
74333,2026-07-27,2026-08-03,2,436,7,9,36,229.91,6
74334,2026-07-17,2026-07-21,3,233,17,50,43,199.93,1
74335,2026-07-11,2026-07-13,2,215,10,13,68,11.93,4
74336,2026-07-19,2026-07-20,3,168,15,31,58,322.5,3
74337,2026-07-09,2026-07-13,1,56,10,27,54,459.14,2
74338,2026-08-02,2026-08-07,2,158,1,34,162,25.77,9
74339,2026-07-05,2026-07-08,2,172,5,39,185,119.96,3
74340,2026-07-12,2026-07-15,3,12,5,37,15,20.53,9
74341,2026-07-17,2026-07-23,2,238,8,45,32,154.53,3
74342,2026-07-15,2026-07-22,1,54,9,39,138,124.59,6
74343,2026-07-13,2026-07-15,3,453,9,41,30,199.22,5
74344,2026-07-18,2026-07-22,2,490,6,2,141,79.06,1
74345,2026-07-07,2026-07-14,2,41,9,32,108,448.32,7
74346,2026-07-22,2026-07-26,2,194,5,41,142,21.47,3
74347,2026-07-07,2026-07-09,1,487,10,39,200,252.38,10
74348,2026-07-20,2026-07-25,3,244,2,36,41,359.51,3
74349,2026-07-26,2026-07-27,2,205,3,14,89,232.71,5
74350,2026-07-18,2026-07-24,1,325,18,4,182,433.33,10
74351,2026-07-31,2026-08-06,1,127,1,44,175,5.14,7
74352,2026-07-05,2026-07-10,2,279,14,30,131,288.06,2
74353,2026-07-06,2026-07-07,1,209,12,23,173,356.26,3
74354,2026-07-20,2026-07-27,2,323,18,45,31,19.58,2
74355,2026-07-20,2026-07-21,3,205,13,40,76,158.39,6
74356,2026-07-20,2026-07-24,2,329,12,38,24,150.93,3
74357,2026-07-09,2026-07-14,2,14,15,28,5,198.48,4
74358,2026-07-05,2026-07-08,2,97,10,45,55,362.0,6
74359,2026-07-22,2026-07-27,2,112,8,45,7,313.31,9
74360,2026-07-20,2026-07-27,1,499,14,19,142,224.64,6
74361,2026-07-03,2026-07-04,1,189,20,11,189,124.09,8
74362,2026-07-09,2026-07-16,2,479,8,42,157,284.44,3
74363,2026-07-18,2026-07-20,3,30,19,12,153,34.88,7
74364,2026-07-26,2026-08-02,3,213,14,24,80,499.64,3
74365,2026-08-01,2026-08-04,2,139,15,19,96,348.75,5
74366,2026-07-21,2026-07-25,3,215,16,36,84,222.14,9
74367,2026-08-02,2026-08-06,1,95,13,29,161,483.88,3
74368,2026-07-29,2026-08-03,2,132,6,14,78,358.64,1
74369,2026-07-07,2026-07-13,3,259,2,2,100,128.82,1
74370,2026-08-02,2026-08-03,1,365,6,19,169,256.63,6
74371,2026-07-25,2026-07-30,2,60,10,31,27,167.72,2
74372,2026-07-13,2026-07-19,1,117,18,30,104,168.65,2
74373,2026-07-13,2026-07-15,3,489,9,31,144,100.22,5
74374,2026-07-03,2026-07-05,1,439,19,26,1,212.69,9
74375,2026-07-26,2026-07-30,2,2,7,4,122,95.78,6
74376,2026-07-05,2026-07-08,2,158,7,16,102,184.95,7
74377,2026-07-07,2026-07-11,3,432,20,20,64,147.26,6
74378,2026-07-03,2026-07-09,2,339,18,13,102,122.37,8
74379,2026-07-17,2026-07-20,1,215,11,12,10,458.91,5
74380,2026-07-27,2026-08-03,2,75,14,49,32,461.23,1
74381,2026-07-19,2026-07-20,2,104,12,26,26,138.84,1
74382,2026-07-14,2026-07-20,2,367,16,50,169,264.61,1
74383,2026-07-28,2026-08-04,3,499,20,2,111,422.91,1
74384,2026-07-05,2026-07-12,2,478,20,33,124,216.7,6
74385,2026-07-29,2026-08-05,2,157,11,15,83,222.43,5
74386,2026-07-13,2026-07-14,2,367,2,15,103,13.95,10
74387,2026-07-23,2026-07-24,1,40,19,34,167,54.64,6
74388,2026-07-17,2026-07-19,1,138,6,44,126,191.03,4
74389,2026-07-12,2026-07-15,1,226,2,32,107,269.23,1
74390,2026-07-28,2026-08-04,2,334,3,17,38,306.63,1
74391,2026-07-13,2026-07-19,3,418,12,26,9,44.15,2
74392,2026-07-11,2026-07-16,3,300,19,41,31,189.9,9
74393,2026-07-28,2026-08-02,3,241,18,27,163,285.6,1
74394,2026-07-12,2026-07-15,2,381,3,32,5,474.67,2
74395,2026-07-14,2026-07-21,1,133,10,40,104,407.05,8
74396,2026-07-17,2026-07-22,2,255,7,13,40,449.82,6
74397,2026-08-01,2026-08-02,1,169,9,36,129,217.65,4
74398,2026-07-27,2026-07-28,2,238,13,20,112,451.48,7
74399,2026-07-23,2026-07-30,1,351,11,34,65,137.02,3
74400,2026-07-13,2026-07-18,3,232,19,20,124,184.99,5
74401,2026-07-04,2026-07-06,3,458,3,50,11,152.42,9
74402,2026-07-28,2026-07-29,2,489,17,5,96,454.26,6
74403,2026-07-17,2026-07-20,2,314,2,29,14,327.08,1
74404,2026-07-15,2026-07-17,2,212,11,21,192,403.37,4
74405,2026-07-12,2026-07-13,1,324,14,36,167,425.84,1
74406,2026-07-04,2026-07-06,3,282,18,19,119,269.3,10
74407,2026-07-17,2026-07-19,1,376,9,26,106,468.31,3
74408,2026-07-12,2026-07-17,3,446,15,39,103,352.41,9
74409,2026-07-19,2026-07-20,1,166,6,15,136,417.79,4
74410,2026-07-23,2026-07-27,1,157,17,16,35,467.69,5
74411,2026-07-22,2026-07-25,3,48,2,39,136,90.13,4
74412,2026-07-20,2026-07-25,3,327,16,32,34,44.39,2
74413,2026-07-12,2026-07-16,2,89,8,16,148,432.29,1
74414,2026-07-07,2026-07-10,3,144,1,28,20,155.98,5
74415,2026-07-06,2026-07-09,3,68,1,47,76,353.22,10
74416,2026-07-26,2026-07-30,1,176,7,14,69,167.12,5
74417,2026-07-15,2026-07-19,2,199,8,41,13,32.06,2
74418,2026-07-12,2026-07-19,1,329,5,29,25,367.89,9
74419,2026-07-17,2026-07-22,1,319,9,38,87,169.88,8
74420,2026-07-09,2026-07-14,2,80,16,1,81,302.01,10
74421,2026-08-02,2026-08-03,3,332,13,44,158,457.96,1
74422,2026-07-27,2026-07-29,2,410,11,47,55,341.59,6
74423,2026-07-21,2026-07-22,3,484,2,36,158,159.05,10
74424,2026-07-12,2026-07-13,1,297,17,25,24,195.54,4
74425,2026-07-10,2026-07-17,3,191,11,23,196,39.95,7
74426,2026-07-10,2026-07-16,2,435,9,49,197,412.13,2
74427,2026-07-30,2026-08-06,1,59,4,9,71,272.95,3
74428,2026-07-28,2026-07-30,1,25,7,40,186,185.5,10
74429,2026-07-24,2026-07-27,2,67,5,9,133,65.43,9
74430,2026-07-18,2026-07-25,1,290,11,45,81,381.27,7
74431,2026-07-26,2026-08-02,2,116,16,20,107,268.82,2
74432,2026-07-18,2026-07-23,1,82,19,20,120,82.38,5
74433,2026-07-05,2026-07-07,3,484,16,50,136,367.12,1
74434,2026-07-13,2026-07-20,2,192,13,10,156,40.39,5
74435,2026-07-30,2026-08-05,2,395,3,9,188,309.19,2
74436,2026-07-08,2026-07-14,1,173,10,11,189,411.54,6
74437,2026-07-22,2026-07-27,1,92,9,34,124,98.37,9
74438,2026-07-14,2026-07-20,1,387,18,38,134,380.99,7
74439,2026-07-22,2026-07-28,3,220,16,18,33,136.56,7
74440,2026-07-14,2026-07-18,3,147,10,15,150,118.48,8
74441,2026-07-03,2026-07-10,3,317,15,45,170,354.16,4
74442,2026-07-18,2026-07-20,2,482,2,22,97,376.97,7
74443,2026-07-26,2026-07-30,3,102,9,15,198,395.36,8
74444,2026-07-10,2026-07-17,2,130,10,34,31,131.48,5
74445,2026-07-06,2026-07-07,2,346,18,3,6,128.65,9
74446,2026-07-23,2026-07-27,3,331,20,21,96,414.13,7
74447,2026-07-30,2026-08-03,1,135,16,50,46,88.14,9
74448,2026-07-20,2026-07-27,2,374,17,42,13,234.85,4
74449,2026-07-03,2026-07-10,2,293,10,48,88,129.32,3
74450,2026-07-05,2026-07-11,1,232,8,30,153,202.37,5
74451,2026-07-07,2026-07-09,2,95,11,7,159,434.76,5
74452,2026-07-04,2026-07-11,3,481,17,21,53,121.14,6
74453,2026-07-17,2026-07-20,2,129,3,12,3,155.84,4
74454,2026-08-01,2026-08-04,1,488,16,21,100,206.28,9
74455,2026-07-16,2026-07-22,3,38,11,45,51,394.12,10
74456,2026-07-08,2026-07-09,3,116,6,31,151,366.21,2
74457,2026-08-02,2026-08-03,3,242,12,8,193,400.15,7
74458,2026-07-28,2026-07-31,1,394,15,3,29,41.79,5
74459,2026-07-13,2026-07-14,3,251,6,21,60,51.34,9
74460,2026-07-22,2026-07-24,2,408,10,3,78,316.89,6
74461,2026-07-26,2026-07-29,3,258,2,35,103,437.8,9
74462,2026-07-05,2026-07-06,1,485,9,20,131,20.54,6
74463,2026-07-21,2026-07-22,2,133,14,41,187,8.56,4
74464,2026-07-29,2026-08-04,2,28,3,35,12,404.9,8
74465,2026-07-17,2026-07-24,2,28,4,10,150,198.69,7
74466,2026-07-11,2026-07-17,3,449,15,37,3,266.65,10
74467,2026-07-29,2026-08-02,3,465,3,19,129,434.89,2
74468,2026-07-06,2026-07-08,1,193,14,16,197,413.98,3
74469,2026-07-16,2026-07-21,1,410,5,5,42,462.53,7
74470,2026-07-06,2026-07-09,3,444,12,32,168,114.54,3
74471,2026-07-15,2026-07-17,2,50,8,49,87,297.18,3
74472,2026-07-09,2026-07-10,1,224,16,13,77,480.58,8
74473,2026-07-15,2026-07-22,1,84,3,24,156,170.7,2
74474,2026-07-22,2026-07-24,1,204,6,30,190,406.74,1
74475,2026-07-18,2026-07-22,3,53,5,27,8,68.57,6
74476,2026-07-26,2026-08-02,1,368,11,36,153,92.25,6
74477,2026-07-15,2026-07-19,2,182,13,11,38,114.72,2
74478,2026-08-01,2026-08-04,2,180,6,5,53,182.0,2
74479,2026-07-08,2026-07-13,2,237,8,38,120,216.11,8
74480,2026-07-28,2026-07-31,3,86,10,19,162,119.97,8
74481,2026-07-16,2026-07-18,3,497,16,34,121,287.63,5
74482,2026-07-03,2026-07-09,1,419,4,46,33,387.14,9
74483,2026-07-05,2026-07-12,3,68,17,45,91,276.35,10
74484,2026-07-26,2026-07-27,3,87,16,1,8,71.72,2
74485,2026-07-22,2026-07-24,1,439,18,47,169,259.74,9
74486,2026-07-04,2026-07-06,3,54,7,46,42,18.34,10
74487,2026-07-24,2026-07-31,3,121,6,19,168,285.73,7
74488,2026-07-23,2026-07-30,2,213,2,49,135,443.1,10
74489,2026-07-19,2026-07-24,2,431,7,18,98,275.88,1
74490,2026-07-05,2026-07-06,2,421,15,15,153,66.51,6
74491,2026-07-27,2026-07-30,3,291,7,11,75,402.45,2
74492,2026-07-25,2026-07-27,1,115,15,46,35,278.3,3
74493,2026-07-20,2026-07-21,1,391,1,34,148,148.23,4
74494,2026-07-09,2026-07-11,1,480,9,35,158,121.89,1
74495,2026-07-11,2026-07-17,3,296,17,46,4,309.22,7
74496,2026-07-17,2026-07-22,2,297,5,21,124,362.05,4
74497,2026-07-21,2026-07-23,2,244,18,22,122,193.35,3
74498,2026-08-01,2026-08-08,2,352,10,27,120,300.26,10
74499,2026-07-05,2026-07-07,3,286,20,19,85,440.55,6
74500,2026-07-10,2026-07-11,2,206,13,35,50,140.27,6
74501,2026-07-05,2026-07-07,2,417,19,13,187,416.64,8
74502,2026-07-14,2026-07-20,2,456,14,17,69,118.64,4
74503,2026-07-19,2026-07-22,2,195,1,48,186,213.63,4
74504,2026-08-02,2026-08-06,1,137,5,3,13,261.46,8
74505,2026-08-01,2026-08-08,3,302,19,22,64,312.1,6
74506,2026-07-21,2026-07-23,3,26,6,41,126,50.51,3
74507,2026-07-16,2026-07-17,1,179,18,50,103,179.94,5
74508,2026-07-17,2026-07-18,1,203,16,17,136,367.94,5
74509,2026-07-24,2026-07-26,3,4,20,38,148,478.37,8
74510,2026-07-11,2026-07-12,3,264,5,8,21,127.76,2
74511,2026-07-15,2026-07-17,3,321,16,25,22,390.19,4
74512,2026-07-04,2026-07-10,3,55,10,49,135,224.2,9
74513,2026-07-29,2026-07-30,2,137,20,33,65,199.14,9
74514,2026-07-26,2026-07-30,2,26,5,42,149,269.6,8
74515,2026-07-12,2026-07-15,3,336,11,32,61,203.31,10
74516,2026-07-06,2026-07-13,3,414,20,6,90,466.64,7
74517,2026-07-04,2026-07-08,1,403,20,4,200,71.4,10
74518,2026-07-10,2026-07-17,2,377,4,7,94,191.08,10
74519,2026-07-26,2026-07-28,3,23,1,4,45,117.6,4
74520,2026-07-28,2026-07-29,1,288,8,29,44,458.3,8
74521,2026-07-23,2026-07-26,1,291,4,35,119,202.27,6
74522,2026-07-31,2026-08-01,3,12,15,21,77,52.9,5
74523,2026-07-16,2026-07-20,1,103,13,42,118,301.21,3
74524,2026-07-16,2026-07-23,1,69,17,13,11,263.68,4
74525,2026-07-29,2026-07-30,3,322,17,23,153,41.74,10
74526,2026-07-25,2026-07-30,3,473,17,37,39,129.9,10
74527,2026-07-15,2026-07-21,1,261,4,2,77,67.75,6
74528,2026-07-14,2026-07-20,1,329,9,18,174,108.19,8
74529,2026-07-23,2026-07-24,2,255,13,23,45,85.47,1
74530,2026-07-04,2026-07-05,1,50,18,12,29,385.84,4
74531,2026-07-24,2026-07-30,1,149,16,30,93,146.44,8
74532,2026-07-22,2026-07-24,2,458,11,11,192,380.18,6
74533,2026-07-03,2026-07-04,2,134,13,12,112,71.06,1
74534,2026-07-11,2026-07-17,2,254,15,5,115,302.92,3
74535,2026-07-25,2026-07-27,1,471,12,29,185,54.72,4
74536,2026-07-14,2026-07-20,3,318,10,15,105,258.09,1
74537,2026-07-15,2026-07-20,1,437,6,35,199,192.1,3
74538,2026-07-06,2026-07-07,3,180,20,5,9,120.74,9
74539,2026-07-16,2026-07-19,2,174,16,38,63,134.11,4
74540,2026-07-04,2026-07-10,1,450,8,38,49,248.45,1
74541,2026-07-29,2026-08-03,2,370,3,14,19,103.76,5
74542,2026-07-26,2026-08-01,3,179,2,35,158,424.87,1
74543,2026-07-27,2026-07-29,2,474,2,7,146,287.11,9
74544,2026-07-08,2026-07-14,3,248,2,39,2,7.26,9
74545,2026-07-31,2026-08-04,2,123,16,50,4,481.12,6
74546,2026-07-04,2026-07-06,2,27,6,35,65,218.09,8
74547,2026-07-06,2026-07-11,3,3,7,28,51,369.15,2
74548,2026-07-08,2026-07-10,1,45,5,40,195,67.82,3
74549,2026-07-08,2026-07-11,3,170,1,21,64,41.37,5
74550,2026-07-22,2026-07-27,3,70,19,25,57,443.5,10
74551,2026-08-02,2026-08-08,1,116,8,1,112,230.82,10
74552,2026-07-24,2026-07-26,1,149,18,12,166,218.96,5
74553,2026-07-24,2026-07-29,1,332,20,47,70,336.6,1
74554,2026-07-27,2026-08-02,2,490,16,49,97,178.37,3
74555,2026-07-30,2026-08-06,2,64,2,27,176,174.86,10
74556,2026-07-23,2026-07-30,1,383,7,11,33,111.04,10
74557,2026-07-29,2026-08-01,2,346,15,38,81,18.42,5
74558,2026-07-14,2026-07-18,3,114,4,15,38,290.86,3
74559,2026-07-28,2026-08-03,1,488,18,39,160,180.97,9
74560,2026-07-27,2026-07-31,3,374,18,14,121,130.09,4
74561,2026-07-28,2026-08-04,1,312,2,43,83,376.37,6
74562,2026-07-17,2026-07-22,3,466,1,34,44,476.39,9
74563,2026-07-05,2026-07-12,3,42,16,3,124,11.01,7
74564,2026-07-26,2026-08-01,1,194,20,47,119,172.36,1
74565,2026-07-14,2026-07-18,1,406,5,47,157,347.98,10
74566,2026-08-01,2026-08-02,3,357,8,47,75,115.57,1
74567,2026-07-22,2026-07-25,1,399,14,46,40,198.07,3
74568,2026-07-18,2026-07-20,2,331,17,36,7,200.68,10
74569,2026-07-23,2026-07-25,2,263,15,21,107,491.59,7
74570,2026-07-30,2026-08-01,2,481,11,25,167,193.23,6
74571,2026-07-21,2026-07-27,1,170,7,2,140,171.99,9
74572,2026-07-09,2026-07-14,1,1,11,40,59,432.76,10
74573,2026-07-21,2026-07-28,1,60,2,48,174,410.17,4
74574,2026-08-02,2026-08-03,1,125,8,42,36,154.19,5
74575,2026-07-16,2026-07-18,1,45,6,12,154,314.48,3
74576,2026-07-05,2026-07-09,3,438,13,25,126,101.77,2
74577,2026-07-25,2026-07-31,3,144,18,10,77,497.98,3
74578,2026-07-16,2026-07-17,3,497,7,25,111,458.03,1
74579,2026-07-03,2026-07-09,2,398,6,6,31,282.28,8
74580,2026-07-19,2026-07-20,2,280,4,40,21,217.99,2
74581,2026-07-04,2026-07-09,2,419,19,49,117,258.45,2
74582,2026-07-03,2026-07-07,2,157,8,26,113,238.73,7
74583,2026-07-18,2026-07-20,2,464,17,31,101,69.78,9
74584,2026-07-14,2026-07-20,1,287,18,10,145,195.21,8
74585,2026-07-09,2026-07-13,2,134,4,1,81,277.65,4
74586,2026-07-16,2026-07-19,2,69,18,44,71,437.8,7
74587,2026-07-03,2026-07-06,3,76,15,34,43,369.04,6
74588,2026-07-31,2026-08-07,3,118,12,34,18,29.32,7
74589,2026-07-03,2026-07-04,2,358,17,39,36,55.07,8
74590,2026-08-01,2026-08-02,1,169,15,9,113,275.91,8
74591,2026-07-04,2026-07-06,2,367,9,3,11,144.22,2
74592,2026-07-14,2026-07-18,3,272,19,48,17,484.79,4
74593,2026-07-15,2026-07-20,2,80,18,29,24,494.28,4
74594,2026-07-04,2026-07-05,1,274,3,25,79,488.64,2
74595,2026-07-24,2026-07-25,3,175,15,42,97,99.31,6
74596,2026-07-23,2026-07-24,1,442,9,25,19,283.6,4
74597,2026-07-24,2026-07-30,2,265,4,13,98,261.83,4
74598,2026-07-12,2026-07-18,2,388,15,45,63,289.53,3
74599,2026-07-24,2026-07-29,2,452,11,27,2,359.75,4
74600,2026-07-20,2026-07-23,3,476,17,11,126,312.42,1
74601,2026-07-30,2026-08-05,1,195,11,36,191,162.38,1
74602,2026-07-09,2026-07-16,1,287,19,17,135,157.45,6
74603,2026-07-22,2026-07-26,2,135,19,43,22,163.86,5
74604,2026-07-05,2026-07-06,3,209,17,40,23,158.76,9
74605,2026-07-27,2026-08-03,2,224,14,20,115,174.85,2
74606,2026-07-08,2026-07-15,1,328,18,40,156,69.13,9
74607,2026-07-07,2026-07-11,3,237,18,22,125,318.65,9
74608,2026-07-29,2026-08-05,2,264,5,16,103,391.94,5
74609,2026-07-15,2026-07-22,1,17,12,50,175,323.69,6
74610,2026-07-05,2026-07-07,2,379,5,3,147,376.27,1
74611,2026-07-18,2026-07-20,1,37,7,15,22,182.38,5
74612,2026-07-05,2026-07-12,3,489,4,11,164,147.04,8
74613,2026-07-25,2026-07-26,1,420,7,34,50,372.53,8
74614,2026-07-25,2026-07-26,2,224,8,41,85,35.28,4
74615,2026-07-05,2026-07-11,2,324,13,23,188,200.32,1
74616,2026-07-24,2026-07-30,2,346,10,33,148,461.91,4
74617,2026-07-13,2026-07-16,3,415,20,30,48,144.59,7
74618,2026-07-21,2026-07-28,3,414,3,36,137,334.1,4
74619,2026-07-08,2026-07-09,3,55,18,4,176,331.55,10
74620,2026-07-08,2026-07-12,1,420,3,22,193,32.82,3
74621,2026-07-30,2026-08-04,3,159,6,24,116,9.04,3
74622,2026-07-13,2026-07-18,2,365,1,26,48,485.83,8
74623,2026-07-31,2026-08-02,2,343,15,7,147,204.0,3
74624,2026-07-04,2026-07-09,2,108,3,29,163,65.83,2
74625,2026-07-19,2026-07-20,1,490,12,48,161,142.66,8
74626,2026-07-26,2026-07-30,2,167,1,18,53,275.05,3
74627,2026-07-27,2026-07-29,2,364,15,7,6,153.41,9
74628,2026-07-21,2026-07-22,3,199,17,9,121,478.14,3
74629,2026-07-04,2026-07-10,2,485,13,49,177,380.29,6
74630,2026-07-15,2026-07-18,2,46,6,16,32,201.84,6
74631,2026-07-12,2026-07-13,1,308,17,43,37,446.41,3
74632,2026-07-09,2026-07-10,2,402,12,3,1,285.02,10
74633,2026-07-05,2026-07-12,1,321,9,20,160,404.26,5
74634,2026-08-01,2026-08-08,3,61,5,12,54,317.48,2
74635,2026-07-14,2026-07-16,3,125,14,47,191,168.39,1
74636,2026-07-14,2026-07-20,1,328,19,13,18,433.09,2
74637,2026-07-12,2026-07-13,1,213,13,16,70,29.75,7
74638,2026-08-01,2026-08-02,2,120,6,12,79,246.64,5
74639,2026-08-02,2026-08-07,1,99,20,18,166,356.08,5
74640,2026-07-03,2026-07-09,1,34,9,39,64,297.02,10
74641,2026-07-13,2026-07-20,1,284,20,9,195,185.92,4
74642,2026-07-11,2026-07-12,3,453,10,5,30,96.83,10
74643,2026-07-07,2026-07-14,3,171,5,27,159,429.36,2
74644,2026-07-09,2026-07-16,2,178,12,16,178,239.56,10
74645,2026-07-11,2026-07-14,1,190,5,27,123,152.64,10
74646,2026-08-01,2026-08-02,2,455,3,22,152,265.8,9
74647,2026-07-14,2026-07-18,1,228,2,22,119,499.98,3
74648,2026-07-20,2026-07-25,3,220,6,34,94,437.19,1
74649,2026-07-29,2026-08-05,2,154,18,18,50,372.99,1
74650,2026-07-31,2026-08-01,3,306,19,24,87,20.96,6
74651,2026-07-31,2026-08-04,2,500,6,25,69,191.81,4
74652,2026-07-14,2026-07-18,3,79,7,45,114,97.04,9
74653,2026-07-18,2026-07-19,3,129,11,39,78,311.41,9
74654,2026-07-23,2026-07-24,3,120,18,14,114,213.3,5
74655,2026-08-02,2026-08-07,1,459,19,11,128,22.57,4
74656,2026-07-28,2026-07-30,1,265,20,9,191,352.45,8
74657,2026-07-08,2026-07-15,2,135,4,33,62,242.55,3
74658,2026-07-28,2026-08-01,2,147,3,4,159,405.02,2
74659,2026-07-12,2026-07-14,1,455,12,1,151,40.0,10
74660,2026-07-23,2026-07-25,2,461,11,3,66,407.21,1
74661,2026-07-23,2026-07-24,2,253,18,40,9,449.26,7
74662,2026-07-20,2026-07-24,1,384,2,30,138,475.53,9
74663,2026-07-18,2026-07-20,3,112,10,33,112,80.71,8
74664,2026-07-26,2026-08-01,3,366,1,28,129,151.54,3
74665,2026-07-11,2026-07-16,3,456,17,32,23,140.74,9
74666,2026-07-20,2026-07-22,1,36,2,39,103,134.05,5
74667,2026-07-20,2026-07-24,1,61,13,26,190,16.62,3
74668,2026-07-17,2026-07-23,1,206,10,35,193,171.54,6
74669,2026-07-13,2026-07-15,1,404,3,8,161,320.47,8
74670,2026-07-07,2026-07-08,1,85,1,18,74,306.41,2
74671,2026-07-04,2026-07-11,3,123,20,37,171,126.0,3
74672,2026-07-03,2026-07-06,3,172,6,45,60,451.81,4
74673,2026-07-10,2026-07-15,2,362,13,3,157,219.88,5
74674,2026-07-10,2026-07-17,2,295,4,34,55,118.33,8
74675,2026-07-11,2026-07-16,2,421,9,39,173,364.54,8
74676,2026-07-25,2026-07-29,3,348,7,20,162,393.95,10
74677,2026-07-31,2026-08-05,3,335,7,46,55,17.58,9
74678,2026-07-08,2026-07-12,3,130,19,6,5,186.11,6
74679,2026-07-24,2026-07-30,2,343,3,23,26,175.24,2
74680,2026-07-30,2026-08-02,3,64,8,36,38,250.63,5
74681,2026-07-31,2026-08-02,2,45,6,40,23,451.29,2
74682,2026-07-28,2026-07-29,3,432,10,12,43,167.74,4
74683,2026-07-15,2026-07-21,2,159,6,16,94,283.61,8
74684,2026-07-29,2026-07-30,1,499,8,36,78,396.83,7
74685,2026-08-01,2026-08-07,1,377,17,35,7,139.31,3
74686,2026-08-02,2026-08-07,3,272,5,32,188,414.34,6
74687,2026-07-07,2026-07-09,1,54,16,33,128,399.46,7
74688,2026-07-20,2026-07-23,3,2,12,36,34,136.25,5
74689,2026-07-17,2026-07-18,3,144,12,16,198,9.29,7
74690,2026-07-28,2026-07-31,2,162,14,8,81,179.59,3
74691,2026-07-22,2026-07-28,2,184,16,26,20,448.73,7
74692,2026-07-24,2026-07-28,2,88,19,19,24,348.92,1
74693,2026-08-02,2026-08-09,2,2,5,6,37,224.01,8
74694,2026-07-11,2026-07-16,3,84,2,21,125,9.89,9
74695,2026-07-05,2026-07-06,1,489,17,5,27,489.76,4
74696,2026-07-04,2026-07-06,1,158,9,43,186,31.98,7
74697,2026-07-05,2026-07-08,2,480,9,16,114,127.35,8
74698,2026-07-15,2026-07-21,1,277,7,3,83,343.52,3
74699,2026-07-31,2026-08-02,2,351,19,42,49,346.84,1
74700,2026-07-28,2026-07-30,3,275,4,36,169,263.28,7
74701,2026-07-28,2026-08-01,2,442,17,23,40,304.53,9
74702,2026-07-09,2026-07-14,2,275,4,14,183,162.44,1
74703,2026-07-30,2026-08-03,3,280,10,1,121,442.35,1
74704,2026-07-14,2026-07-17,3,393,12,10,160,208.21,10
74705,2026-07-17,2026-07-23,2,469,18,47,127,14.47,3
74706,2026-07-17,2026-07-20,3,343,3,22,148,360.43,3
74707,2026-07-28,2026-07-31,1,164,18,35,14,188.1,4
74708,2026-07-14,2026-07-16,1,320,4,30,169,15.5,4
74709,2026-07-05,2026-07-08,3,404,7,43,174,59.2,9
74710,2026-07-10,2026-07-15,2,390,11,3,199,361.71,3
74711,2026-07-27,2026-08-02,2,266,16,12,190,392.26,8
74712,2026-07-22,2026-07-27,2,148,4,42,128,256.12,3
74713,2026-07-19,2026-07-26,3,336,15,6,129,407.63,1
74714,2026-07-18,2026-07-24,1,290,2,42,193,466.16,1
74715,2026-07-27,2026-08-03,2,498,11,6,59,496.31,9
74716,2026-07-20,2026-07-22,1,284,7,37,22,375.4,5
74717,2026-07-08,2026-07-10,3,5,10,50,67,10.01,9
74718,2026-07-27,2026-08-01,3,315,20,36,69,356.01,9
74719,2026-07-18,2026-07-20,1,72,9,11,124,344.65,1
74720,2026-07-04,2026-07-09,2,463,6,48,75,176.95,5
74721,2026-07-03,2026-07-06,3,318,15,4,72,419.67,5
74722,2026-07-27,2026-08-01,3,227,17,38,52,134.26,1
74723,2026-07-03,2026-07-10,2,217,8,16,133,95.08,4
74724,2026-07-07,2026-07-09,1,151,13,44,96,227.86,3
74725,2026-07-31,2026-08-04,1,219,3,2,88,22.46,10
74726,2026-07-27,2026-08-01,2,170,4,43,83,140.8,6
74727,2026-07-14,2026-07-15,2,362,11,26,5,478.72,8
74728,2026-07-25,2026-07-26,1,233,4,11,24,195.87,8
74729,2026-07-06,2026-07-11,1,266,18,27,5,103.76,8
74730,2026-07-27,2026-08-03,1,434,15,9,91,421.46,1
74731,2026-07-31,2026-08-03,3,11,6,28,58,88.69,9
74732,2026-07-06,2026-07-10,1,278,18,8,29,269.72,7
74733,2026-07-20,2026-07-26,2,176,11,27,38,475.24,10
74734,2026-07-05,2026-07-08,3,250,12,1,106,190.93,7
74735,2026-07-24,2026-07-25,3,138,5,26,108,263.58,5
74736,2026-07-04,2026-07-06,1,23,6,39,36,37.8,5
74737,2026-07-12,2026-07-17,2,221,1,35,136,325.26,6
74738,2026-07-30,2026-08-05,3,416,8,3,22,101.98,9
74739,2026-07-11,2026-07-18,3,54,20,31,151,248.13,5
74740,2026-07-22,2026-07-26,1,150,20,49,84,12.3,4
74741,2026-07-14,2026-07-21,1,26,11,22,157,277.14,7
74742,2026-07-22,2026-07-28,1,66,15,25,188,244.31,7
74743,2026-07-08,2026-07-12,3,425,4,35,137,409.1,7
74744,2026-07-14,2026-07-19,2,335,4,3,9,307.93,2
74745,2026-07-29,2026-08-02,2,250,14,8,94,93.0,1
74746,2026-07-22,2026-07-25,2,84,9,43,19,291.63,10
74747,2026-07-29,2026-08-02,3,388,9,26,35,495.68,10
74748,2026-07-16,2026-07-22,2,183,10,45,80,131.59,1
74749,2026-07-08,2026-07-12,1,330,17,9,38,146.54,9
74750,2026-07-05,2026-07-10,2,394,17,47,88,438.97,10
74751,2026-07-28,2026-08-01,2,114,13,16,171,435.56,7
74752,2026-07-14,2026-07-21,1,155,10,15,174,290.78,4
74753,2026-07-07,2026-07-11,1,349,12,15,191,226.28,1
74754,2026-07-07,2026-07-11,1,27,14,23,60,477.62,5
74755,2026-07-11,2026-07-13,2,421,10,18,124,388.67,10
74756,2026-07-15,2026-07-17,1,481,16,37,119,170.91,1
74757,2026-07-31,2026-08-02,1,84,19,48,193,436.21,9
74758,2026-07-31,2026-08-02,1,197,14,44,40,267.35,4
74759,2026-07-19,2026-07-22,2,403,11,28,144,462.88,1
74760,2026-07-24,2026-07-30,2,146,7,47,51,141.66,9
74761,2026-07-26,2026-07-29,3,354,8,23,127,405.05,8
74762,2026-07-18,2026-07-23,2,206,10,13,22,7.42,4
74763,2026-08-01,2026-08-04,1,393,3,2,101,59.86,2
74764,2026-07-20,2026-07-26,2,393,11,36,32,86.47,4
74765,2026-07-08,2026-07-12,2,440,4,7,163,354.3,6
74766,2026-07-10,2026-07-14,1,398,1,30,183,242.62,9
74767,2026-07-29,2026-08-05,3,65,13,35,198,245.97,6
74768,2026-07-22,2026-07-24,3,394,3,36,192,196.38,6
74769,2026-07-04,2026-07-09,1,141,15,25,177,479.68,8
74770,2026-07-11,2026-07-12,1,409,17,18,168,222.25,7
74771,2026-07-26,2026-08-02,1,111,2,49,140,174.79,2
74772,2026-07-13,2026-07-16,3,414,6,1,67,100.9,1
74773,2026-07-14,2026-07-19,1,337,10,19,69,347.0,10
74774,2026-07-20,2026-07-24,3,316,13,13,147,391.68,10
74775,2026-07-26,2026-07-30,1,431,5,6,38,105.79,6
74776,2026-08-01,2026-08-02,3,408,3,20,11,485.01,10
74777,2026-07-15,2026-07-21,1,376,1,9,183,114.63,4
74778,2026-07-14,2026-07-21,1,126,9,9,44,129.9,3
74779,2026-07-24,2026-07-29,3,363,6,26,3,247.07,9
74780,2026-07-05,2026-07-07,2,38,9,10,20,47.46,2
74781,2026-07-26,2026-07-28,1,266,11,31,166,471.11,5
74782,2026-07-17,2026-07-21,2,42,3,6,162,194.86,9
74783,2026-07-20,2026-07-27,3,412,6,29,192,136.86,8
74784,2026-07-25,2026-08-01,2,24,16,40,35,342.92,10
74785,2026-07-05,2026-07-10,2,132,8,3,150,446.43,1
74786,2026-07-30,2026-07-31,3,294,4,46,118,29.93,9
74787,2026-07-23,2026-07-25,3,384,17,38,153,485.31,9
74788,2026-07-15,2026-07-22,1,305,8,43,176,200.45,1
74789,2026-08-02,2026-08-03,1,431,20,38,42,66.35,10
74790,2026-07-22,2026-07-25,3,20,15,41,64,261.95,8
74791,2026-08-01,2026-08-03,2,359,11,24,198,107.96,10
74792,2026-07-18,2026-07-25,2,471,6,24,39,386.47,1
74793,2026-07-18,2026-07-22,1,416,18,18,3,81.34,9
74794,2026-08-01,2026-08-07,3,155,13,13,179,21.91,5
74795,2026-07-27,2026-07-29,3,327,7,37,43,27.32,9
74796,2026-07-05,2026-07-07,1,28,5,13,160,216.8,3
74797,2026-07-22,2026-07-24,3,74,4,41,115,218.44,7
74798,2026-07-30,2026-08-04,1,36,15,27,108,408.25,9
74799,2026-07-26,2026-08-02,1,137,19,16,188,184.09,3
74800,2026-07-20,2026-07-22,1,232,3,11,165,447.43,4
74801,2026-07-03,2026-07-08,2,464,15,42,130,284.57,5
74802,2026-07-05,2026-07-12,2,207,11,3,2,363.55,1
74803,2026-07-08,2026-07-10,2,141,7,8,133,106.31,4
74804,2026-07-15,2026-07-19,2,485,17,5,73,291.37,3
74805,2026-07-20,2026-07-21,1,157,12,43,71,219.1,8
74806,2026-07-17,2026-07-23,3,58,15,38,163,336.21,2
74807,2026-07-06,2026-07-10,3,297,12,4,103,270.81,7
74808,2026-07-25,2026-07-30,3,395,8,18,52,38.71,6
74809,2026-07-11,2026-07-17,2,131,2,21,110,126.29,9
74810,2026-07-17,2026-07-19,3,107,7,35,174,154.26,3
74811,2026-07-13,2026-07-18,2,360,18,5,1,409.72,7
74812,2026-07-24,2026-07-26,3,447,5,6,104,350.04,1
74813,2026-07-04,2026-07-06,1,252,20,8,30,269.89,8
74814,2026-07-19,2026-07-25,1,85,14,1,66,352.33,2
74815,2026-07-14,2026-07-18,3,482,3,50,13,258.27,10
74816,2026-07-09,2026-07-16,1,43,16,3,65,351.43,5
74817,2026-07-07,2026-07-08,1,428,2,39,102,449.52,5
74818,2026-07-09,2026-07-14,2,103,18,1,56,427.91,10
74819,2026-07-14,2026-07-17,3,36,15,39,146,234.21,3
74820,2026-07-03,2026-07-09,2,458,3,46,102,220.87,7
74821,2026-07-15,2026-07-17,2,169,15,26,76,446.74,7
74822,2026-07-16,2026-07-20,3,412,3,33,36,436.72,5
74823,2026-07-19,2026-07-24,1,132,11,41,31,461.83,10
74824,2026-07-19,2026-07-20,1,125,14,20,161,388.73,6
74825,2026-07-31,2026-08-05,3,227,17,31,147,120.76,9
74826,2026-07-06,2026-07-09,1,421,14,42,57,254.07,5
74827,2026-07-03,2026-07-10,1,356,11,17,170,242.31,8
74828,2026-07-18,2026-07-24,2,150,14,22,23,439.64,8
74829,2026-07-24,2026-07-26,2,372,18,7,77,363.82,8
74830,2026-07-16,2026-07-21,2,329,16,9,164,168.39,6
74831,2026-07-18,2026-07-23,3,455,15,47,134,266.75,1
74832,2026-07-03,2026-07-05,1,191,8,38,69,130.76,5
74833,2026-07-13,2026-07-19,2,222,3,20,165,75.22,2
74834,2026-07-06,2026-07-11,2,173,2,26,102,127.5,9
74835,2026-07-27,2026-08-02,3,454,17,34,141,406.64,3
74836,2026-07-24,2026-07-26,3,346,2,14,197,493.36,5
74837,2026-07-19,2026-07-20,3,25,6,8,13,232.28,2
74838,2026-07-23,2026-07-27,1,56,10,14,142,450.84,9
74839,2026-07-28,2026-08-04,1,404,2,50,175,253.34,9
74840,2026-07-18,2026-07-23,1,260,8,41,26,408.52,6
74841,2026-07-16,2026-07-17,2,146,9,25,69,258.49,1
74842,2026-07-26,2026-07-31,2,416,16,21,87,483.31,6
74843,2026-07-23,2026-07-27,2,7,8,40,31,225.39,1
74844,2026-07-09,2026-07-10,1,217,9,27,181,497.63,2
74845,2026-07-05,2026-07-09,3,292,19,11,12,253.58,5
74846,2026-07-10,2026-07-15,3,259,2,43,99,21.09,10
74847,2026-07-03,2026-07-07,3,325,18,17,70,13.47,6
74848,2026-07-08,2026-07-10,2,293,6,47,47,8.13,7
74849,2026-07-17,2026-07-24,3,89,19,39,61,50.61,2
74850,2026-07-26,2026-07-29,3,3,8,12,66,237.61,1
74851,2026-07-18,2026-07-23,3,445,8,31,121,399.59,3
74852,2026-07-23,2026-07-24,3,339,2,49,86,330.64,6
74853,2026-07-13,2026-07-16,2,239,20,14,103,311.49,1
74854,2026-07-18,2026-07-25,1,304,18,29,103,326.86,1
74855,2026-07-22,2026-07-26,3,45,8,46,161,443.95,1
74856,2026-07-27,2026-08-02,3,144,1,23,30,455.19,5
74857,2026-07-05,2026-07-09,1,77,8,50,165,281.87,2
74858,2026-07-25,2026-07-29,3,499,15,20,108,243.89,2
74859,2026-07-11,2026-07-14,2,86,7,1,176,137.36,1
74860,2026-07-07,2026-07-09,3,43,7,40,122,237.8,10
74861,2026-07-24,2026-07-26,1,34,13,5,17,472.21,6
74862,2026-07-17,2026-07-20,2,307,12,18,192,371.02,9
74863,2026-07-28,2026-08-03,1,212,9,12,114,444.27,10
74864,2026-07-13,2026-07-15,3,27,5,34,107,358.65,5
74865,2026-07-22,2026-07-23,2,324,4,39,168,50.89,1
74866,2026-08-02,2026-08-06,1,103,9,29,48,60.91,7
74867,2026-07-03,2026-07-10,2,474,4,31,24,293.44,3
74868,2026-07-07,2026-07-09,2,93,13,37,165,250.91,9
74869,2026-07-15,2026-07-18,3,61,20,1,7,317.99,5
74870,2026-07-07,2026-07-14,2,29,7,11,98,393.74,1
74871,2026-07-31,2026-08-05,2,194,12,44,160,466.68,6
74872,2026-07-20,2026-07-25,3,451,7,38,53,89.83,4
74873,2026-07-25,2026-07-28,3,187,18,5,67,227.02,3
74874,2026-07-23,2026-07-28,2,230,13,30,179,415.5,6
74875,2026-07-03,2026-07-04,2,400,15,39,126,92.76,4
74876,2026-07-05,2026-07-08,2,193,9,41,126,356.4,4
74877,2026-07-27,2026-08-01,2,333,6,14,110,270.14,5
74878,2026-07-26,2026-07-31,1,164,11,40,137,69.84,1
74879,2026-07-26,2026-08-02,1,448,16,27,124,186.36,3
74880,2026-07-22,2026-07-27,1,90,7,26,159,96.02,2
74881,2026-07-07,2026-07-11,1,432,1,39,37,346.06,7
74882,2026-07-27,2026-08-01,3,115,19,3,45,465.72,7
74883,2026-07-08,2026-07-14,2,28,5,24,94,57.9,1
74884,2026-07-08,2026-07-14,2,452,6,39,184,466.85,2
74885,2026-08-01,2026-08-04,3,193,2,8,43,206.32,4
74886,2026-07-25,2026-08-01,1,194,18,46,102,282.2,9
74887,2026-07-07,2026-07-14,1,264,14,20,198,283.05,5
74888,2026-07-26,2026-08-01,1,482,11,37,58,464.24,5
74889,2026-07-19,2026-07-26,1,244,3,7,84,177.91,7
74890,2026-07-14,2026-07-15,2,257,10,22,141,238.09,4
74891,2026-07-03,2026-07-10,2,150,7,37,93,368.39,5
74892,2026-07-09,2026-07-15,2,249,13,1,64,99.75,1
74893,2026-07-18,2026-07-20,1,426,9,17,176,215.53,7
74894,2026-07-13,2026-07-16,2,272,11,40,36,251.95,2
74895,2026-07-11,2026-07-16,1,306,1,20,26,494.96,5
74896,2026-07-30,2026-07-31,2,105,20,39,88,236.81,7
74897,2026-07-05,2026-07-09,2,198,19,31,179,277.16,9
74898,2026-07-18,2026-07-23,1,247,12,1,8,413.4,5
74899,2026-07-22,2026-07-26,2,10,20,4,32,196.41,9
74900,2026-07-28,2026-08-03,3,477,19,15,141,349.41,1
74901,2026-07-19,2026-07-26,3,292,19,42,48,294.92,2
74902,2026-07-26,2026-07-29,3,23,1,11,135,17.99,1
74903,2026-07-10,2026-07-15,3,367,4,43,4,368.46,3
74904,2026-07-22,2026-07-29,2,61,10,7,144,125.45,1
74905,2026-07-28,2026-08-03,1,249,5,19,177,21.87,1
74906,2026-08-02,2026-08-09,2,324,7,6,64,376.18,10
74907,2026-07-20,2026-07-21,1,376,4,12,185,215.89,8
74908,2026-07-22,2026-07-27,1,183,15,50,187,447.6,2
74909,2026-07-23,2026-07-24,1,469,4,34,176,379.72,10
74910,2026-07-25,2026-07-27,2,314,9,33,44,286.44,7
74911,2026-07-07,2026-07-13,3,242,10,19,125,466.35,3
74912,2026-07-09,2026-07-14,2,246,7,48,45,36.66,10
74913,2026-07-28,2026-08-02,3,321,16,5,125,416.76,6
74914,2026-07-21,2026-07-27,3,19,13,43,128,43.71,10
74915,2026-07-07,2026-07-10,1,217,14,15,165,385.91,3
74916,2026-08-02,2026-08-04,3,214,11,44,80,227.62,6
74917,2026-07-19,2026-07-22,2,249,1,20,46,13.85,6
74918,2026-07-13,2026-07-19,1,273,20,50,52,445.96,1
74919,2026-07-15,2026-07-21,3,105,17,46,171,420.92,8
74920,2026-07-26,2026-07-30,1,109,12,49,149,405.16,4
74921,2026-07-25,2026-07-27,2,409,20,47,179,102.72,8
74922,2026-07-20,2026-07-27,3,206,1,20,13,386.59,2
74923,2026-07-30,2026-08-05,3,139,3,36,123,181.45,10
74924,2026-07-11,2026-07-18,2,138,5,23,93,386.57,9
74925,2026-08-01,2026-08-06,1,250,11,47,39,436.48,8
74926,2026-07-22,2026-07-24,3,262,3,38,166,93.3,7
74927,2026-07-20,2026-07-27,2,185,16,33,58,105.08,5
74928,2026-07-29,2026-08-02,3,376,6,28,80,111.6,1
74929,2026-07-31,2026-08-07,2,328,1,20,83,361.74,7
74930,2026-07-21,2026-07-27,3,192,20,27,97,17.1,7
74931,2026-07-08,2026-07-13,3,407,13,37,82,306.68,2
74932,2026-07-17,2026-07-19,3,423,20,25,73,44.55,2
74933,2026-07-17,2026-07-20,1,63,4,49,72,473.12,9
74934,2026-07-26,2026-07-31,1,428,16,48,179,136.07,10
74935,2026-07-05,2026-07-09,3,168,3,25,54,470.05,8
74936,2026-07-21,2026-07-23,2,384,6,32,181,147.72,3
74937,2026-07-13,2026-07-14,3,423,20,10,183,477.77,6
74938,2026-07-23,2026-07-25,3,432,11,3,108,446.93,3
74939,2026-07-18,2026-07-25,3,112,19,50,145,383.09,4
74940,2026-07-30,2026-07-31,2,431,19,10,58,424.57,2
74941,2026-07-23,2026-07-25,3,479,19,27,63,205.7,6
74942,2026-07-21,2026-07-26,3,153,16,26,111,128.47,10
74943,2026-07-04,2026-07-06,3,284,11,31,111,159.82,4
74944,2026-07-17,2026-07-21,2,366,14,13,16,122.23,7
74945,2026-07-14,2026-07-18,1,487,1,27,18,344.06,6
74946,2026-07-22,2026-07-26,1,331,17,14,91,308.5,2
74947,2026-07-03,2026-07-09,3,328,10,11,164,11.4,8
74948,2026-07-25,2026-07-29,3,448,20,29,169,234.96,9
74949,2026-07-27,2026-08-01,2,55,7,12,155,70.7,8
74950,2026-07-31,2026-08-04,1,134,8,3,124,301.3,9
74951,2026-07-23,2026-07-30,3,176,1,3,175,108.31,6
74952,2026-07-16,2026-07-19,3,326,11,50,108,411.49,1
74953,2026-07-14,2026-07-16,2,51,17,5,72,277.29,5
74954,2026-07-20,2026-07-21,1,164,8,47,80,347.2,5
74955,2026-08-02,2026-08-08,1,80,18,40,50,452.7,1
74956,2026-07-05,2026-07-06,1,440,17,43,14,338.74,1
74957,2026-08-01,2026-08-05,3,238,17,38,179,192.32,7
74958,2026-08-02,2026-08-04,3,58,3,35,198,400.62,3
74959,2026-07-24,2026-07-30,3,10,17,32,5,86.32,1
74960,2026-07-29,2026-08-01,3,448,12,26,168,335.09,8
74961,2026-07-08,2026-07-15,3,287,2,9,26,210.21,3
74962,2026-07-12,2026-07-15,3,348,1,28,101,378.0,3
74963,2026-07-29,2026-08-04,2,25,12,25,145,241.88,9
74964,2026-07-15,2026-07-21,3,263,3,35,45,285.99,2
74965,2026-07-22,2026-07-29,1,378,3,10,105,361.1,9
74966,2026-07-21,2026-07-22,3,104,11,17,169,126.76,7
74967,2026-07-12,2026-07-16,2,88,17,11,94,461.79,8
74968,2026-07-31,2026-08-01,2,490,18,1,43,131.33,9
74969,2026-07-15,2026-07-18,1,49,2,6,169,216.03,4
74970,2026-07-06,2026-07-13,2,333,1,22,41,205.81,4
74971,2026-07-08,2026-07-15,2,185,16,44,200,254.07,7
74972,2026-07-26,2026-08-01,1,237,14,26,113,438.83,3
74973,2026-07-10,2026-07-15,1,433,19,2,124,413.95,1
74974,2026-07-21,2026-07-24,3,249,18,34,61,336.46,1
74975,2026-07-22,2026-07-25,1,304,16,38,49,120.28,10
74976,2026-07-19,2026-07-25,2,289,2,40,39,329.69,7
74977,2026-07-10,2026-07-13,2,332,15,46,18,466.53,9
74978,2026-07-28,2026-08-04,2,289,17,30,15,389.22,7
74979,2026-07-11,2026-07-14,2,66,19,20,162,189.21,6
74980,2026-07-04,2026-07-05,3,433,5,48,73,91.97,4
74981,2026-07-21,2026-07-28,3,414,7,16,135,113.75,2
74982,2026-07-26,2026-07-27,3,173,2,50,66,13.61,4
74983,2026-07-03,2026-07-04,3,431,6,16,125,251.68,8
74984,2026-07-03,2026-07-05,2,199,17,26,76,313.36,3
74985,2026-07-05,2026-07-07,2,178,3,47,38,14.8,3
74986,2026-07-23,2026-07-30,3,171,5,28,52,281.81,5
74987,2026-07-12,2026-07-16,3,424,10,32,62,473.01,6
74988,2026-07-28,2026-07-31,3,137,18,28,130,193.69,8
74989,2026-07-14,2026-07-20,3,148,19,19,76,154.11,7
74990,2026-07-04,2026-07-05,2,176,13,24,123,496.33,3
74991,2026-07-17,2026-07-21,3,340,19,19,198,38.39,5
74992,2026-07-25,2026-07-30,1,370,18,20,74,330.08,2
74993,2026-07-19,2026-07-23,1,196,16,42,165,390.44,1
74994,2026-07-26,2026-07-27,2,42,17,31,105,315.16,1
74995,2026-07-28,2026-08-02,1,337,12,20,158,18.69,10
74996,2026-08-02,2026-08-07,3,340,3,38,161,94.97,8
74997,2026-07-09,2026-07-15,1,473,2,16,120,212.43,5
74998,2026-07-22,2026-07-24,1,381,10,41,11,60.7,4
74999,2026-07-20,2026-07-24,2,6,13,28,74,299.69,10
